rep_key,month_key,date_key,team_key,tenure_months,is_ramp_month,team_name,country_code,department_code,target,actual,invoiced_revenue,credit_notes,gross_list_value,discount_value,gross_margin,deals,month_end_revenue,strategic_revenue,employee_code,full_name,year,achievement,variance,discount_rate,avg_deal_size,credit_note_rate,month_end_share,strategic_mix,gross_margin_pct,mom_growth,ytd_actual,ytd_target,ytd_achievement,rolling_3m_achievement,performance_band,rank_in_team,rank_in_company,weighted_invoiced,weighted_clawback,credit_notes_outside_window,weighted_base,plan_id,cap_amount,tier_name,commission_rate,commissionable_base,commission,is_capped,effective_commission_rate,achievement_band
9,202401,20240101,1,55,0,Egypt Enterprise,EG,ENT,67724.8,57528.48,57528.48,0.0,63550.0,6021.52,23340.98,4.0,16451.04,18272.52,REP-001,Majid Taha,2024,0.8494448119448119,-10196.32,0.09475247836349332,14382.12,-0.0,0.2859634045606628,0.31762563516366155,0.40572912755560375,,57528.48,67724.8,0.8494448119448119,0.8494448119448119,Near Target (80-99%),4.0,31.0,62096.61,0.0,0.0,62096.61,CP2024,101587.20000000001,T1 Approaching,0.005,62096.61,310.48305,0,0.0053970320439545765,3 80-99%
9,202402,20240201,1,56,0,Egypt Enterprise,EG,ENT,73112.0,101107.4,101107.4,0.0,112100.0,10992.6,53962.4,8.0,0.0,62180.46,REP-001,Majid Taha,2024,1.382911150016413,27995.399999999994,0.0980606601248885,12638.425,-0.0,0.0,0.6149941547305143,0.5337136549846995,0.7575190583863851,158635.88,140836.8,1.1263808890858071,1.1263808890858071,Exceeding (>=120%),1.0,21.0,116652.515,0.0,0.0,116652.515,CP2024,109668.0,T3 Accelerator,0.015,109668.0,1645.02,1,0.016270025735010494,5 120-149%
9,202403,20240301,1,57,0,Egypt Enterprise,EG,ENT,76960.0,99451.92,99451.92,0.0,110400.0,10948.08,54511.92,7.0,12679.2,71105.76000000001,REP-001,Majid Taha,2024,1.2922546777546777,22491.92,0.09916739130434783,14207.417142857143,-0.0,0.12749075130977863,0.7149762417859807,0.5481233544812408,-0.01637348008157658,258087.8,217796.8,1.184993535258553,1.184993535258553,Exceeding (>=120%),3.0,14.0,117228.36,0.0,0.0,117228.36,CP2024,115440.0,T3 Accelerator,0.015,115440.0,1731.6,1,0.017411428557638706,5 120-149%
9,202404,20240401,1,58,0,Egypt Enterprise,EG,ENT,76960.0,71921.58,71921.58,0.0,79800.0,7878.42,39161.58,8.0,18449.579999999998,43919.94,REP-001,Majid Taha,2024,0.9345319646569646,-5038.419999999998,0.09872706766917293,8990.1975,-0.0,0.256523563581334,0.6106642818469783,0.5445038888189053,-0.2768205983353564,330009.38,294756.8,1.1195988693051357,1.2001871982804186,Near Target (80-99%),3.0,31.0,82901.565,0.0,0.0,82901.565,CP2024,115440.0,T1 Approaching,0.005,82901.565,414.507825,0,0.0057633303523087235,3 80-99%
9,202405,20240501,1,59,0,Egypt Enterprise,EG,ENT,76960.0,39161.46,39161.46,0.0,43850.0,4688.54,20503.96,5.0,14096.82,23818.559999999998,REP-001,Majid Taha,2024,0.5088547297297297,-37798.54,0.10692223489167617,7832.2919999999995,-0.0,0.3599666610999692,0.6082143004882862,0.5235749637526282,-0.45549777966501853,369170.84,371716.8,0.9931508072812422,0.9118804573804573,Below Target (<80%),9.0,58.0,45116.1,0.0,0.0,45116.1,CP2024,115440.0,T0 Below Gate,0.0,45116.1,0.0,0,0.0,1 <60%
9,202406,20240601,1,60,0,Egypt Enterprise,EG,ENT,80038.4,47330.64,47330.64,0.0,52700.0,5369.36,18540.64,4.0,0.0,8778.24,REP-001,Majid Taha,2024,0.5913491524068447,-32707.759999999995,0.1018853889943074,11832.66,-0.0,0.0,0.18546632794316747,0.39172595173021113,0.20860253933331394,416501.48,451755.2,0.9219627798418257,0.6771019121348067,Below Target (<80%),8.0,58.0,49525.2,0.0,0.0,49525.2,CP2024,120057.59999999999,T0 Below Gate,0.0,49525.2,0.0,0,0.0,1 <60%
9,202407,20240701,1,61,0,Egypt Enterprise,EG,ENT,73112.0,39600.6,39600.6,0.0,44650.0,5049.4,18134.1,5.0,26930.96,12772.8,REP-001,Majid Taha,2024,0.5416429587482219,-33511.4,0.11308846584546471,7920.12,-0.0,0.6800644434680283,0.32254056756715804,0.4579248799260617,-0.16331999736323027,456102.08,524867.2,0.8689856786630982,0.5479661067035648,Below Target (<80%),7.0,49.0,42793.8,0.0,0.0,42793.8,CP2024,109668.0,T0 Below Gate,0.0,42793.8,0.0,0,0.0,1 <60%
9,202408,20240801,1,62,0,Egypt Enterprise,EG,ENT,70803.2,80721.25,80721.25,0.0,88850.0,8128.75,42743.75,7.0,10285.439999999999,25031.34,REP-001,Majid Taha,2024,1.1400791207177077,9918.050000000003,0.09148846370287,11531.607142857143,-0.0,0.12741923595088034,0.3100960403858959,0.5295228951484274,1.0383845194264734,536823.33,595670.4,0.9012086717755321,0.7486036839773953,On Target (100-119%),1.0,15.0,86979.08499999999,0.0,0.0,86979.08499999999,CP2024,106204.79999999999,T2 On Target,0.01,86979.08499999999,869.79085,0,0.01077524010096474,4 100-119%
9,202409,20240901,1,63,0,Egypt Enterprise,EG,ENT,76960.0,114177.48,114177.48,0.0,126500.0,12322.52,53579.48,9.0,17216.64,67874.58,REP-001,Majid Taha,2024,1.4835951143451143,37217.479999999996,0.0974112252964427,12686.386666666665,-0.0,0.15078840415815797,0.5944655636120187,0.4692648672925695,0.4144662031373399,651000.81,672630.4,0.967843276188528,1.0616824795178454,Exceeding (>=120%),3.0,14.0,131146.125,0.0,0.0,131146.125,CP2024,115440.0,T3 Accelerator,0.015,115440.0,1731.6,1,0.015165862830393523,5 120-149%
9,202410,20241001,1,64,0,Egypt Enterprise,EG,ENT,80038.4,43740.18,43740.18,0.0,48600.0,4859.82,22200.18,4.0,0.0,26659.14,REP-001,Majid Taha,2024,0.546489934831281,-36298.219999999994,0.09999629629629629,10935.045,-0.0,0.0,0.6094885754928306,0.5075466081758236,-0.616910620202863,694740.99,752668.8,0.9230367859010497,1.0475734586587626,Below Target (<80%),8.0,52.0,50404.965,0.0,0.0,50404.965,CP2024,120057.59999999999,T0 Below Gate,0.0,50404.965,0.0,0,0.0,1 <60%
9,202411,20241101,1,65,0,Egypt Enterprise,EG,ENT,83116.8,133300.44,133300.44,0.0,148200.0,14899.56,63860.44,9.0,42451.560000000005,55716.84,REP-001,Majid Taha,2024,1.6037725225225226,50183.64,0.10053684210526316,14811.16,-0.0,0.31846526538096953,0.41797941552180917,0.4790714869358271,2.047551244645084,828041.4299999999,835785.6,0.9907342624711408,1.2128265932352469,Exceeding (>=120%),2.0,12.0,147229.65,0.0,0.0,147229.65,CP2024,124675.20000000001,T3 Accelerator,0.015,124675.20000000001,1870.1280000000002,1,0.014029421058175054,6 150%+
9,202412,20241201,2,66,0,Egypt SME,EG,SME,45554.4,12582.81,12582.81,0.0,13200.0,617.19,6822.81,4.0,2267.04,2864.4,REP-001,Majid Taha,2024,0.27621503082029397,-32971.590000000004,0.046756818181818184,3145.7025,-0.0,0.1801696123520899,0.22764390466040577,0.5422326173565365,-0.9056056379108727,840624.24,881340.0,0.9538024371979031,0.9085515472215941,Below Target (<80%),11.0,68.0,13298.91,0.0,0.0,13298.91,CP2024,68331.6,T0 Below Gate,0.0,13298.91,0.0,0,0.0,1 <60%
9,202501,20250101,2,67,0,Egypt SME,EG,SME,40439.52,87853.97,87853.97,0.0,91900.0,4046.03,37310.97,18.0,17095.0,23924.46,REP-001,Majid Taha,2025,2.172478061065018,47414.450000000004,0.044026441784548426,4880.776111111111,-0.0,0.19458426295362635,0.2723207613725367,0.4246930446057247,5.9820628301627385,87853.97,40439.52,2.172478061065018,1.3821549574148817,Exceeding (>=120%),1.0,2.0,93835.085,0.0,0.0,93835.085,CP2025,60659.28,T3 Accelerator,0.015,60659.28,909.8892,1,0.010356836463964007,6 150%+
9,202502,20250201,2,68,0,Egypt SME,EG,SME,43656.3,62022.22,63417.520000000004,-1395.3,66300.0,2882.48,32676.22,11.0,5972.25,23434.98,REP-001,Majid Taha,2025,1.4206934623410594,18365.92,0.0434763197586727,5765.229090909092,0.022001806440869964,0.09417350284274754,0.3695347910167411,0.526846991287961,-0.29403053726541895,149876.19,84095.82,1.7822073677383725,1.2530561074250395,Exceeding (>=120%),1.0,11.0,69276.265,-1395.3,0.0,67880.965,CP2025,65484.450000000004,T3 Accelerator,0.015,65484.450000000004,982.26675,1,0.015837336199832897,5 120-149%
9,202503,20250301,2,69,0,Egypt SME,EG,SME,45954.0,58478.59,58478.59,0.0,61650.0,3171.41,28942.09,14.0,25126.449999999997,23482.2,REP-001,Majid Taha,2025,1.2725462418940678,12524.589999999997,0.05144217356042173,4177.042142857143,-0.0,0.4296692174007615,0.40155208940571246,0.49491771261926804,-0.05713484618899492,208354.78,130049.82,1.6021150971220106,1.6021150971220106,Exceeding (>=120%),2.0,12.0,64349.14,0.0,0.0,64349.14,CP2025,68931.0,T3 Accelerator,0.015,64349.14,965.2370999999999,0,0.016505820335271423,5 120-149%
9,202504,20250401,2,70,0,Egypt SME,EG,SME,45954.0,36618.83,36618.83,0.0,38000.0,1381.17,19125.83,10.0,10234.56,16972.5,REP-001,Majid Taha,2025,0.7968583801192497,-9335.169999999998,0.036346578947368424,3661.8830000000003,-0.0,0.2794889951426629,0.46349105091560816,0.5222949504394324,-0.3738079184193736,244973.61,176003.82,1.3918653015599318,1.159004546182144,Below Target (<80%),8.0,39.0,40861.955,0.0,0.0,40861.955,CP2025,68931.0,T0 Below Gate,0.0,40861.955,0.0,0,0.0,2 60-79%
9,202505,20250501,2,71,0,Egypt SME,EG,SME,45954.0,55242.41,55242.41,0.0,57800.0,2557.59,26634.41,14.0,17386.96,10191.3,REP-001,Majid Taha,2025,1.2021240806023414,9288.410000000003,0.04424896193771626,3945.886428571429,-0.0,0.31473934609297455,0.18448326204450527,0.48213700307426843,0.5085793292685757,300216.02,221957.82,1.3525814048813418,1.0905095675385532,Exceeding (>=120%),5.0,25.0,57790.235,0.0,0.0,57790.235,CP2025,68931.0,T3 Accelerator,0.015,57790.235,866.853525,0,0.015691812232666892,5 120-149%
9,202506,20250601,2,72,0,Egypt SME,EG,SME,47792.16,42123.82,42123.82,0.0,43650.0,1526.18,16620.32,13.0,6234.299999999999,0.0,REP-001,Majid Taha,2025,0.8813960281351585,-5668.340000000004,0.034964032073310426,3240.293846153846,-0.0,0.1479993979653317,0.0,0.39455870811336674,-0.23747316599692161,342339.84,269749.98,1.2691005204152381,0.9590902401257092,Near Target (80-99%),8.0,43.0,42123.82,0.0,0.0,42123.82,CP2025,71688.24,T1 Approaching,0.005,42123.82,210.6191,0,0.005,3 80-99%
9,202507,20250701,2,73,0,Egypt SME,EG,SME,43656.3,13234.44,13234.44,0.0,13950.0,715.56,7346.9400000000005,3.0,13234.44,0.0,REP-001,Majid Taha,2025,0.3031507480020066,-30421.86,0.05129462365591397,4411.4800000000005,-0.0,1.0,0.0,0.5551379582362382,-0.6858205167527541,355574.28,313406.28,1.1345473996245385,0.8049395185501044,Below Target (<80%),12.0,72.0,13234.44,0.0,0.0,13234.44,CP2025,65484.450000000004,T0 Below Gate,0.0,13234.44,0.0,0,0.0,1 <60%
9,202508,20250801,2,74,0,Egypt SME,EG,SME,42277.68,38852.45,38852.45,0.0,40500.0,1647.55,19877.45,9.0,0.0,16702.5,REP-001,Majid Taha,2025,0.918982545872905,-3425.230000000003,0.04068024691358024,4316.938888888889,-0.0,0.0,0.429895669385071,0.5116138107120658,1.935707895460631,394426.73,355683.96,1.1089247038297705,0.7045048185792245,Near Target (80-99%),5.0,23.0,43028.075000000004,0.0,0.0,43028.075000000004,CP2025,63416.520000000004,T1 Approaching,0.005,43028.075000000004,215.14037500000003,0,0.00553736958673134,3 80-99%
9,202509,20250901,2,75,0,Egypt SME,EG,SME,45954.0,81160.22,84030.31999999999,-2870.1,87800.0,3769.68,34910.22,22.0,10656.4,10170.84,REP-001,Majid Taha,2025,1.7661187274230752,35206.22,0.042934851936218675,3819.5599999999995,0.034155528623477815,0.12681613017777393,0.12103773971109477,0.43013954373213875,1.0889344172632616,475586.95,401637.96,1.184118528039531,1.0103051847484508,Exceeding (>=120%),1.0,6.0,86573.03,0.0,-2870.1,86573.03,CP2025,68931.0,T3 Accelerator,0.015,68931.0,1033.965,1,0.012739800360324306,6 150%+
9,202510,20251001,2,76,0,Egypt SME,EG,SME,47792.16,33691.5,33691.5,0.0,35200.0,1508.5,14071.5,10.0,11515.14,2794.2,REP-001,Majid Taha,2025,0.704958721263069,-14100.660000000003,0.042855113636363636,3369.15,-0.0,0.3417817550420729,0.08293486487689773,0.4176572726058501,-0.5848766797330022,509278.45,449430.12,1.1331649289549175,1.129979641803966,Below Target (<80%),10.0,50.0,34390.05,0.0,0.0,34390.05,CP2025,71688.24,T0 Below Gate,0.0,34390.05,0.0,0,0.0,2 60-79%
9,202511,20251101,2,77,0,Egypt SME,EG,SME,49630.32,25357.91,25357.91,0.0,26500.0,1142.09,10487.91,9.0,2588.52,0.0,REP-001,Majid Taha,2025,0.5109358553400422,-24272.41,0.0430977358490566,2817.5455555555554,-0.0,0.10207939061223895,0.0,0.41359520559856866,-0.247349925055281,534636.36,499060.44,1.0712857945622778,0.9779123465717666,Below Target (<80%),13.0,63.0,25357.91,0.0,0.0,25357.91,CP2025,74445.48,T0 Below Gate,0.0,25357.91,0.0,0,0.0,1 <60%
9,202512,20251201,2,78,0,Egypt SME,EG,SME,52387.56,41069.32,44339.72,-3270.3999999999996,46600.0,2260.2799999999997,19815.32,14.0,18460.36,8543.1,REP-001,Majid Taha,2025,0.7839517625940204,-11318.239999999998,0.048503862660944204,3167.1228571428574,0.07375779549352138,0.4163391198681453,0.19267374715041052,0.4824847355641632,0.6195861567455677,575705.68,551448.0,1.0439890615252936,0.6683045408705584,Below Target (<80%),8.0,48.0,46475.495,-3270.3999999999996,0.0,43205.095,CP2025,78581.34,T0 Below Gate,0.0,43205.095,0.0,0,0.0,2 60-79%
10,202401,20240101,1,20,0,Egypt Enterprise,EG,ENT,67724.8,15283.8,15283.8,0.0,18000.0,2716.2,5383.8,1.0,0.0,0.0,REP-002,Khaled Al-Otaibi,2024,0.22567508505008502,-52441.0,0.15089999999999998,15283.8,-0.0,0.0,0.0,0.3522553291720646,,15283.8,67724.8,0.22567508505008502,0.22567508505008502,Below Target (<80%),7.0,66.0,15283.8,0.0,0.0,15283.8,CP2024,101587.20000000001,T0 Below Gate,0.0,15283.8,0.0,0,0.0,1 <60%
10,202402,20240201,1,21,0,Egypt Enterprise,EG,ENT,73112.0,89499.37,89499.37,0.0,102900.0,13400.63,44385.369999999995,8.0,8544.91,46086.72,REP-002,Khaled Al-Otaibi,2024,1.2241406335485283,16387.369999999995,0.1302296404275996,11187.42125,-0.0,0.09547452680393169,0.5149390437050004,0.4959294126874859,4.855832319187637,104783.17,140836.8,0.7440041949263261,0.7440041949263261,Exceeding (>=120%),3.0,26.0,101021.05,0.0,0.0,101021.05,CP2024,109668.0,T3 Accelerator,0.015,101021.05,1515.31575,0,0.016931021413893754,5 120-149%
10,202403,20240301,1,22,0,Egypt Enterprise,EG,ENT,76960.0,119820.18,119820.18,0.0,137100.0,17279.82,56730.18,8.0,18504.72,42936.24,REP-002,Khaled Al-Otaibi,2024,1.5569150207900206,42860.17999999999,0.12603807439824946,14977.5225,-0.0,0.15443742448058417,0.3583389709479655,0.4734609812804488,0.3387823847251662,224603.34999999998,217796.8,1.0312518365742747,1.0312518365742747,Exceeding (>=120%),2.0,9.0,130554.23999999999,0.0,0.0,130554.23999999999,CP2024,115440.0,T3 Accelerator,0.015,115440.0,1731.6,1,0.014451655806225629,6 150%+
10,202404,20240401,1,23,0,Egypt Enterprise,EG,ENT,76960.0,110335.74,110335.74,0.0,127200.0,16864.260000000002,55435.74,8.0,40171.08,82508.52,REP-002,Khaled Al-Otaibi,2024,1.4336764553014554,33375.740000000005,0.1325806603773585,13791.9675,-0.0,0.36408039679617865,0.7477950480959298,0.5024277718171827,-0.07915561468861079,334939.08999999997,294756.8,1.1363235385918153,1.407974602699179,Exceeding (>=120%),1.0,12.0,130962.87,0.0,0.0,130962.87,CP2024,115440.0,T3 Accelerator,0.015,115440.0,1731.6,1,0.015693917492192466,5 120-149%
10,202405,20240501,1,24,0,Egypt Enterprise,EG,ENT,76960.0,73537.38,73537.38,0.0,85800.0,12262.62,32587.38,7.0,14656.919999999998,26491.559999999998,REP-002,Khaled Al-Otaibi,2024,0.9555272869022869,-3422.6199999999953,0.14292097902097903,10505.34,-0.0,0.19931251290160185,0.3602461768423079,0.4431403457670099,-0.3335126043474218,408476.47,371716.8,1.098891602424211,1.3153729209979212,Near Target (80-99%),5.0,34.0,80160.27,0.0,0.0,80160.27,CP2024,115440.0,T1 Approaching,0.005,80160.27,400.80135,0,0.005450307721052885,3 80-99%
10,202406,20240601,1,25,0,Egypt Enterprise,EG,ENT,80038.4,58192.76,58192.76,0.0,68800.0,10607.24,25872.76,5.0,29634.2,29506.56,REP-002,Khaled Al-Otaibi,2024,0.7270605109547418,-21845.639999999992,0.154175,11638.552,-0.0,0.5092420431682567,0.5070486431645449,0.44460444907579566,-0.20866421947586386,466669.23,451755.2,1.0330135214824312,1.0346535110515374,Below Target (<80%),5.0,53.0,65569.4,0.0,0.0,65569.4,CP2024,120057.59999999999,T0 Below Gate,0.0,65569.4,0.0,0,0.0,2 60-79%
10,202407,20240701,1,26,0,Egypt Enterprise,EG,ENT,73112.0,114824.42,114824.42,0.0,132050.0,17225.58,60526.92,9.0,0.0,76216.92,REP-002,Khaled Al-Otaibi,2024,1.5705276835539994,41712.42,0.13044740628549792,12758.268888888888,-0.0,0.0,0.663769257445411,0.5271258500587245,0.9731736387825564,581493.65,524867.2,1.107887195084776,1.0714620460439856,Exceeding (>=120%),2.0,10.0,133878.65,0.0,0.0,133878.65,CP2024,109668.0,T3 Accelerator,0.015,109668.0,1645.02,1,0.014326395029907402,6 150%+
10,202408,20240801,1,27,0,Egypt Enterprise,EG,ENT,70803.2,68107.3,68107.3,0.0,78400.0,10292.7,34083.3,7.0,16145.06,30013.92,REP-002,Khaled Al-Otaibi,2024,0.9619240373316461,-2695.899999999994,0.13128443877551021,9729.614285714286,-0.0,0.2370532967831642,0.4406858002005658,0.5004353424669602,-0.4068570082914418,649600.95,595670.4,1.0905375690986154,1.076671596259225,Near Target (80-99%),2.0,23.0,75610.78,0.0,0.0,75610.78,CP2024,106204.79999999999,T1 Approaching,0.005,75610.78,378.0539,0,0.0055508572502507075,3 80-99%
10,202409,20240901,1,28,0,Egypt Enterprise,EG,ENT,76960.0,137119.55,137119.55,0.0,158650.0,21530.45,68027.05,12.0,13669.14,62565.84,REP-002,Khaled Al-Otaibi,2024,1.7816989345114345,60159.54999999999,0.13571036873621178,11426.629166666666,-0.0,0.09968775422614792,0.45628679499021113,0.49611488660807307,1.0132871219384703,786720.5,672630.4,1.1696178168575193,1.449014058617717,Exceeding (>=120%),1.0,5.0,152761.01,0.0,0.0,152761.01,CP2024,115440.0,T3 Accelerator,0.015,115440.0,1731.6,1,0.012628396169619869,6 150%+
10,202410,20241001,1,29,0,Egypt Enterprise,EG,ENT,80038.4,64143.54,64143.54,0.0,75300.0,11156.46,28203.54,6.0,20868.66,38729.4,REP-002,Khaled Al-Otaibi,2024,0.8014095734047658,-15894.859999999993,0.14816015936254978,10690.59,-0.0,0.3253431288637952,0.6037926812271353,0.4396941609396675,-0.5322071870860136,850864.04,752668.8,1.1304627480240976,1.1824780422964543,Near Target (80-99%),6.0,40.0,73825.89,0.0,0.0,73825.89,CP2024,120057.59999999999,T1 Approaching,0.005,73825.89,369.12945,0,0.005754740851533919,3 80-99%
10,202411,20241101,1,30,0,Egypt Enterprise,EG,ENT,83116.8,43664.67,54289.47,-10624.8,62900.0,8610.53,16262.67,5.0,20628.12,13266.36,REP-002,Khaled Al-Otaibi,2024,0.5253410862785862,-39452.130000000005,0.13689236883942768,10857.894,0.19570646020305593,0.3799653966045349,0.2443634096998921,0.3724445873517423,-0.31926628932547224,894528.71,835785.6,1.0702849032096269,1.0200427128311742,Below Target (<80%),6.0,56.0,57606.06,0.0,-10624.8,57606.06,CP2024,124675.20000000001,T0 Below Gate,0.0,57606.06,0.0,0,0.0,1 <60%
10,202412,20241201,1,31,0,Egypt Enterprise,EG,ENT,87734.4,106005.13,106005.13,0.0,122100.0,16094.87,53407.13,10.0,10015.4,58723.380000000005,REP-002,Khaled Al-Otaibi,2024,1.208250469599154,18270.73000000001,0.13181711711711713,10600.513,-0.0,0.09448033316878154,0.5539673410145339,0.5038164662408319,1.4277094044223857,1000533.84,923520.0,1.083391632016632,0.8522208174432101,Exceeding (>=120%),3.0,30.0,120685.975,0.0,0.0,120685.975,CP2024,131601.59999999998,T3 Accelerator,0.015,120685.975,1810.2896250000001,0,0.0170773775288045,5 120-149%
10,202501,20250101,1,32,0,Egypt Enterprise,EG,ENT,77883.52,114886.4,114886.4,0.0,131900.0,17013.6,51056.4,9.0,20759.46,37663.02,REP-002,Khaled Al-Otaibi,2025,1.4751053881488663,37002.87999999999,0.12898862774829414,12765.155555555555,-0.0,0.18069553924572448,0.32782835914433733,0.4444076931647262,0.08378151132874408,114886.4,77883.52,1.4751053881488663,1.0636078469463368,Exceeding (>=120%),3.0,12.0,124302.155,0.0,0.0,124302.155,CP2025,116825.28,T3 Accelerator,0.015,116825.28,1752.3791999999999,1,0.015253147456966185,5 120-149%
10,202502,20250201,1,33,0,Egypt Enterprise,EG,ENT,84078.8,108133.69,113290.09,-5156.4,133000.0,19709.91,42101.69,11.0,66287.68,30045.78,REP-002,Khaled Al-Otaibi,2025,1.286099349657702,24054.89,0.14819481203007517,10299.09909090909,0.04551501371390913,0.5851145497368746,0.2652110171330961,0.3893484999910759,-0.058777279120940266,223020.09,161962.32,1.3769874993146554,1.3176994075052328,Exceeding (>=120%),3.0,17.0,120801.535,-6445.5,0.0,114356.035,CP2025,126118.20000000001,T3 Accelerator,0.015,114356.035,1715.340525,0,0.01586314612032568,5 120-149%
10,202503,20250301,1,34,0,Egypt Enterprise,EG,ENT,88504.0,90415.22,90415.22,0.0,105400.0,14984.78,44650.22,6.0,3952.8,28388.4,REP-002,Khaled Al-Otaibi,2025,1.0215947301816868,1911.2200000000012,0.14217058823529413,15069.203333333333,-0.0,0.04371830317948682,0.313978111207383,0.4938352193358596,-0.16385707359103346,313435.31,250466.32,1.2514070155220869,1.2514070155220869,On Target (100-119%),2.0,19.0,97512.32,0.0,0.0,97512.32,CP2025,132756.0,T2 On Target,0.01,97512.32,975.1232000000001,0,0.010784945278018458,4 100-119%
10,202504,20250401,1,35,0,Egypt Enterprise,EG,ENT,88504.0,14846.54,14846.54,0.0,17200.0,2353.46,6646.54,3.0,0.0,10806.54,REP-002,Khaled Al-Otaibi,2025,0.16774993220645396,-73657.45999999999,0.13682906976744186,4948.846666666667,-0.0,0.0,0.727882725537398,0.4476827597541245,-0.8357960086808393,328281.85,338970.32,0.9684678292777963,0.8173352693433755,Below Target (<80%),8.0,70.0,17548.175,0.0,0.0,17548.175,CP2025,132756.0,T0 Below Gate,0.0,17548.175,0.0,0,0.0,1 <60%
10,202505,20250501,1,36,0,Egypt Enterprise,EG,ENT,88504.0,47935.14,55599.94,-7664.8,63800.0,8200.06,27003.14,4.0,0.0,24753.78,REP-002,Khaled Al-Otaibi,2025,0.5416155202024767,-40568.86,0.12852758620689655,13899.985,0.13785626387366604,0.0,0.44521235094858014,0.5633266117507949,2.2287078336097164,376216.99,427474.32,0.8800926100075438,0.5769867275302057,Below Target (<80%),6.0,62.0,61788.385,0.0,-7664.8,61788.385,CP2025,132756.0,T0 Below Gate,0.0,61788.385,0.0,0,0.0,1 <60%
10,202506,20250601,1,37,0,Egypt Enterprise,EG,ENT,92044.16,59741.64,59741.64,0.0,69400.0,9658.36,26636.64,6.0,10192.68,22895.22,REP-002,Khaled Al-Otaibi,2025,0.6490541062029356,-32302.520000000004,0.13916945244956774,9956.94,-0.0,0.1706126581058036,0.38323721946702505,0.44586388990995224,0.24630156498969233,435958.63,519518.48,0.8391590420421619,0.45538872462499463,Below Target (<80%),7.0,62.0,65465.445,0.0,0.0,65465.445,CP2025,138066.24,T0 Below Gate,0.0,65465.445,0.0,0,0.0,2 60-79%
10,202507,20250701,1,38,0,Egypt Enterprise,EG,ENT,84078.8,76212.81,76212.81,0.0,88650.0,12437.19,34775.31,8.0,0.0,27636.42,REP-002,Khaled Al-Otaibi,2025,0.9064450253809521,-7865.990000000005,0.14029543147208123,9526.60125,-0.0,0.0,0.362621716742894,0.4562921902499068,0.2757066930201447,512171.44,603597.28,0.8485317230057763,0.6949011922292422,Near Target (80-99%),4.0,33.0,83121.91500000001,0.0,0.0,83121.91500000001,CP2025,126118.20000000001,T1 Approaching,0.005,83121.91500000001,415.60957500000006,0,0.0054532771459286184,3 80-99%
10,202508,20250801,1,39,0,Egypt Enterprise,EG,ENT,81423.68,42042.09,42042.09,0.0,48450.0,6407.91,18238.59,4.0,10313.04,19226.28,REP-002,Khaled Al-Otaibi,2025,0.516337384898349,-39381.59,0.13225820433436533,10510.5225,-0.0,0.24530274303679958,0.4573102811967721,0.4338173958525849,-0.44835927188618296,554213.53,685020.96,0.8090460910860305,0.691123518443106,Below Target (<80%),5.0,58.0,46848.659999999996,0.0,0.0,46848.659999999996,CP2025,122135.51999999999,T0 Below Gate,0.0,46848.659999999996,0.0,0,0.0,1 <60%
10,202509,20250901,1,40,0,Egypt Enterprise,EG,ENT,88504.0,8378.7,10971.6,-2592.9,12800.0,1828.4,3318.7,2.0,6764.88,4206.72,REP-002,Khaled Al-Otaibi,2025,0.0946702973876887,-80125.3,0.14284375000000002,5485.8,0.23632833861970906,0.6165809909220168,0.38341900907798315,0.39608769856899034,-0.8007068630508142,562592.23,773524.96,0.7273097302509799,0.49854476153521754,Below Target (<80%),9.0,75.0,12023.28,-2592.9,0.0,9430.380000000001,CP2025,132756.0,T0 Below Gate,0.0,9430.380000000001,0.0,0,0.0,1 <60%
10,202510,20251001,1,41,0,Egypt Enterprise,EG,ENT,92044.16,158163.29,158163.29,0.0,181800.0,23636.71,61820.29,10.0,9650.88,37338.42,REP-002,Khaled Al-Otaibi,2025,1.7183413917841175,66119.13,0.13001490649064906,15816.329000000002,-0.0,0.06101845757002145,0.23607513475472086,0.3908637080070856,17.87682934106723,720755.52,865569.12,0.8326955102095139,0.796208019915423,Exceeding (>=120%),1.0,5.0,167497.895,0.0,0.0,167497.895,CP2025,138066.24,T3 Accelerator,0.015,138066.24,2070.9936,1,0.013094022007255917,6 150%+
10,202511,20251101,1,42,0,Egypt Enterprise,EG,ENT,95584.32,133077.85,133077.85,0.0,154500.0,21422.149999999998,60837.85,9.0,33888.28,74865.42,REP-002,Khaled Al-Otaibi,2025,1.3922560729625946,37493.53,0.1386546925566343,14786.427777777779,-0.0,0.25465004131040586,0.5625686017620513,0.4571598504183829,-0.15860469265655766,853833.37,961153.4400000001,0.8883424170026379,1.0850583024496068,Exceeding (>=120%),2.0,14.0,151794.205,0.0,0.0,151794.205,CP2025,143376.48,T3 Accelerator,0.015,143376.48,2150.6472,1,0.016160820151512816,5 120-149%
10,202512,20251201,1,43,0,Egypt Enterprise,EG,ENT,100894.56,50841.91,50841.91,0.0,59500.0,8658.09,25926.91,5.0,14903.82,24525.96,REP-002,Khaled Al-Otaibi,2025,0.5039113109765284,-50052.649999999994,0.14551411764705882,10168.382000000001,-0.0,0.2931404425994224,0.48239651106734577,0.5099515340788731,-0.6179536263923711,904675.28,1062048.0,0.8518214619301576,1.1856351229350695,Below Target (<80%),5.0,68.0,56973.4,0.0,0.0,56973.4,CP2025,151341.84,T0 Below Gate,0.0,56973.4,0.0,0,0.0,1 <60%
11,202401,20240101,1,30,0,Egypt Enterprise,EG,ENT,67724.8,73424.69,73424.69,0.0,81150.0,7725.31,36667.19,6.0,0.0,28924.739999999998,REP-003,Nour Zaki,2024,1.0841625224437725,5699.889999999999,0.09519790511398644,12237.448333333334,-0.0,0.0,0.393937516113449,0.4993850161301328,,73424.69,67724.8,1.0841625224437725,1.0841625224437725,On Target (100-119%),3.0,22.0,80655.875,0.0,0.0,80655.875,CP2024,101587.20000000001,T2 On Target,0.01,80655.875,806.55875,0,0.010984843790283623,4 100-119%
11,202402,20240201,1,31,0,Egypt Enterprise,EG,ENT,73112.0,98961.0,98961.0,0.0,109500.0,10539.0,47196.0,8.0,18608.64,32434.32,REP-003,Nour Zaki,2024,1.3535534522376627,25849.0,0.09624657534246575,12370.125,-0.0,0.18804013702367597,0.32774850698760116,0.4769151483917907,0.34778914286189017,172385.69,140836.8,1.2240102728832238,1.2240102728832238,Exceeding (>=120%),2.0,22.0,107069.58,0.0,0.0,107069.58,CP2024,109668.0,T3 Accelerator,0.015,107069.58,1606.0437,0,0.016229056901203503,5 120-149%
11,202403,20240301,1,32,0,Egypt Enterprise,EG,ENT,76960.0,93057.42,93057.42,0.0,104000.0,10942.58,50917.42,7.0,54156.78,66597.18000000001,REP-003,Nour Zaki,2024,1.2091660602910603,16097.419999999998,0.10521711538461538,13293.917142857143,-0.0,0.5819716471829973,0.7156568492872466,0.5471613118008215,-0.05965562191166219,265443.11,217796.8,1.2187649680803392,1.2187649680803392,Exceeding (>=120%),5.0,16.0,109706.715,0.0,0.0,109706.715,CP2024,115440.0,T3 Accelerator,0.015,109706.715,1645.6007249999998,0,0.01768371318482717,5 120-149%
11,202404,20240401,1,33,0,Egypt Enterprise,EG,ENT,76960.0,55688.16,55688.16,0.0,61200.0,5511.84,30068.16,6.0,13935.119999999999,39341.880000000005,REP-003,Nour Zaki,2024,0.7235987525987526,-21271.839999999997,0.09006274509803922,9281.36,-0.0,0.2502348793711266,0.7064675866467846,0.5399381125179931,-0.40157206163678294,321131.27,294756.8,1.089478749938933,1.0910646076324042,Below Target (<80%),7.0,44.0,65523.63,0.0,0.0,65523.63,CP2024,115440.0,T0 Below Gate,0.0,65523.63,0.0,0,0.0,2 60-79%
11,202405,20240501,1,34,0,Egypt Enterprise,EG,ENT,76960.0,100172.06,100172.06,0.0,110100.01,9927.95,44029.06,8.0,13196.4,38932.14,REP-003,Nour Zaki,2024,1.3016120062370062,23212.059999999998,0.09017210806792843,12521.5075,-0.0,0.13173733274527846,0.38865268419157994,0.43953433721938034,0.7988035517783312,421303.33,371716.8,1.1333986787791137,1.0781256063756064,Exceeding (>=120%),2.0,15.0,109905.095,0.0,0.0,109905.095,CP2024,115440.0,T3 Accelerator,0.015,109905.095,1648.576425,0,0.016457447565718424,5 120-149%
11,202406,20240601,1,35,0,Egypt Enterprise,EG,ENT,80038.4,58197.96,58197.96,0.0,63900.0,5702.04,29547.96,4.0,20081.04,29142.239999999998,REP-003,Nour Zaki,2024,0.7271254797697105,-21840.439999999995,0.08923380281690141,14549.49,-0.0,0.3450471459824365,0.5007433250237637,0.5077147034019749,-0.4190200341292772,479501.29,451755.2,1.0614184186479756,0.9149412032224532,Below Target (<80%),4.0,52.0,65483.52,0.0,0.0,65483.52,CP2024,120057.59999999999,T0 Below Gate,0.0,65483.52,0.0,0,0.0,2 60-79%
11,202407,20240701,1,36,0,Egypt Enterprise,EG,ENT,73112.0,54414.58,54414.58,0.0,60200.0,5785.42,27874.58,4.0,0.0,37770.72,REP-003,Nour Zaki,2024,0.7442633220264799,-18697.42,0.09610332225913622,13603.645,-0.0,0.0,0.6941286691912352,0.5122630736100509,-0.06500880786886684,533915.87,524867.2,1.0172399227842777,0.924706575626308,Below Target (<80%),5.0,40.0,63857.26,0.0,0.0,63857.26,CP2024,109668.0,T0 Below Gate,0.0,63857.26,0.0,0,0.0,2 60-79%
11,202408,20240801,1,37,0,Egypt Enterprise,EG,ENT,70803.2,55384.02,55384.02,0.0,62000.0,6615.9800000000005,29504.02,5.0,5946.12,39284.76,REP-003,Nour Zaki,2024,0.7822248146976408,-15419.18,0.10670935483870969,11076.804,-0.0,0.10736165413778198,0.7093157918114287,0.5327171989321108,0.017815813335322905,589299.89,595670.4,0.9893053104535663,0.7501400290060084,Below Target (<80%),5.0,36.0,65205.21,0.0,0.0,65205.21,CP2024,106204.79999999999,T0 Below Gate,0.0,65205.21,0.0,0,0.0,2 60-79%
11,202409,20240901,1,38,0,Egypt Enterprise,EG,ENT,76960.0,111070.73,111070.73,0.0,122500.0,11429.27,56040.73,9.0,36054.33,40292.76,REP-003,Nour Zaki,2024,1.4432267411642412,34110.729999999996,0.09330016326530613,12341.192222222222,-0.0,0.32460694190089506,0.3627666802946195,0.5045499385841797,1.005465294863031,700370.62,672630.4,1.041241400923895,0.9999734239063508,Exceeding (>=120%),4.0,17.0,121143.92,0.0,0.0,121143.92,CP2024,115440.0,T3 Accelerator,0.015,115440.0,1731.6,1,0.015590065897649183,5 120-149%
11,202410,20241001,1,39,0,Egypt Enterprise,EG,ENT,80038.4,157031.79,157031.79,0.0,174000.0,16968.21,75883.79000000001,10.0,83129.45999999999,94427.16,REP-003,Nour Zaki,2024,1.961955636294579,76993.39000000001,0.09751844827586206,15703.179,-0.0,0.5293798153864259,0.6013251202192881,0.4832383939583189,0.4137999273075815,857402.41,752668.8,1.1391496631719025,1.4200362947406866,Exceeding (>=120%),2.0,6.0,180638.58,0.0,0.0,180638.58,CP2024,120057.59999999999,T3 Accelerator,0.015,120057.59999999999,1800.8639999999998,1,0.011468149219976412,6 150%+
11,202411,20241101,1,40,0,Egypt Enterprise,EG,ENT,83116.8,106000.64,106000.64,0.0,117600.0,11599.36,54340.64,8.0,0.0,78646.92,REP-003,Nour Zaki,2024,1.2753214753214752,22883.839999999997,0.09863401360544218,13250.08,-0.0,0.0,0.7419475957881009,0.5126444519580259,-0.32497337004182403,963403.05,835785.6,1.1526916113414734,1.5580153193133963,Exceeding (>=120%),3.0,22.0,125662.37,0.0,0.0,125662.37,CP2024,124675.20000000001,T3 Accelerator,0.015,124675.20000000001,1870.1280000000002,1,0.017642610459710432,5 120-149%
11,202412,20241201,1,41,0,Egypt Enterprise,EG,ENT,87734.4,56493.84,56493.84,0.0,62650.0,6156.16,25996.34,7.0,12445.0,22628.94,REP-003,Nour Zaki,2024,0.643918918918919,-31240.559999999998,0.09826272944932163,8070.5485714285705,-0.0,0.2202895041300078,0.40055588361492156,0.4601623823057523,-0.4670424631398452,1019896.89,923520.0,1.1043582055613306,1.2735731971353137,Below Target (<80%),6.0,60.0,62151.075,0.0,0.0,62151.075,CP2024,131601.59999999998,T0 Below Gate,0.0,62151.075,0.0,0,0.0,2 60-79%
11,202501,20250101,1,42,0,Egypt Enterprise,EG,ENT,77883.52,149145.66,149145.66,0.0,163950.0,14804.34,79490.16,9.0,43295.16,84171.42,REP-003,Nour Zaki,2025,1.9149835549292071,71262.14,0.09029789569990851,16571.74,-0.0,0.2902877629828451,0.5643571525983391,0.5329699838399589,1.64003402848877,149145.66,77883.52,1.9149835549292071,1.2529016455764599,Exceeding (>=120%),2.0,4.0,170188.515,0.0,0.0,170188.515,CP2025,116825.28,T3 Accelerator,0.015,116825.28,1752.3791999999999,1,0.011749448156922566,6 150%+
11,202502,20250201,1,43,0,Egypt Enterprise,EG,ENT,84078.8,190471.38,209133.66,-18662.28,230300.0,21166.34,99156.38,14.0,0.0,116347.92,REP-003,Nour Zaki,2025,2.265391275803175,106392.58,0.09190768562744246,14938.118571428571,0.08923613731046451,0.0,0.5563328256197496,0.5205841423525152,0.27708295367092817,339617.04000000004,161962.32,2.096889202377442,1.5863679747174895,Exceeding (>=120%),1.0,1.0,238220.64,-11102.43,-9348.0,227118.21000000002,CP2025,126118.20000000001,T3 Accelerator,0.015,126118.20000000001,1891.7730000000001,1,0.009932059084152171,6 150%+
11,202503,20250301,1,44,0,Egypt Enterprise,EG,ENT,88504.0,46699.2,46699.2,0.0,52600.0,5900.8,22103.2,5.0,22133.940000000002,18466.440000000002,REP-003,Nour Zaki,2025,0.5276507276507276,-41804.8,0.11218250950570342,9339.84,-0.0,0.47396829067735646,0.39543375475382886,0.4733100352896838,-0.7548230080550684,386316.24,250466.32,1.542387974558815,1.5423879745588152,Below Target (<80%),7.0,51.0,51315.81,0.0,0.0,51315.81,CP2025,132756.0,T0 Below Gate,0.0,51315.81,0.0,0,0.0,1 <60%
11,202504,20250401,1,45,0,Egypt Enterprise,EG,ENT,88504.0,45337.14,45337.14,0.0,50400.0,5062.86,22717.14,4.0,0.0,16727.22,REP-003,Nour Zaki,2025,0.5122609147609147,-43166.86,0.10045357142857142,11334.285,-0.0,0.0,0.3689518130168776,0.5010713071005362,-0.02916666666666662,431653.38,338970.32,1.2734252957604075,1.0820452048897147,Below Target (<80%),3.0,54.0,49518.945,0.0,0.0,49518.945,CP2025,132756.0,T0 Below Gate,0.0,49518.945,0.0,0,0.0,1 <60%
11,202505,20250501,1,46,0,Egypt Enterprise,EG,ENT,88504.0,64288.68,64288.68,0.0,71000.0,6711.320000000001,33016.68,6.0,13192.02,32639.7,REP-003,Nour Zaki,2025,0.7263929313929314,-24215.32,0.09452563380281691,10714.78,-0.0,0.20519973345229675,0.5077052445313857,0.5135691073451811,0.4180135756247527,495942.06,427474.32,1.1601680774648637,0.5887681912681912,Below Target (<80%),4.0,52.0,72448.605,0.0,0.0,72448.605,CP2025,132756.0,T0 Below Gate,0.0,72448.605,0.0,0,0.0,2 60-79%
11,202506,20250601,1,47,0,Egypt Enterprise,EG,ENT,92044.16,147085.28,147085.28,0.0,164200.0,17114.72,70592.28,13.0,57583.1,53748.3,REP-003,Nour Zaki,2025,1.597986010193368,55041.119999999995,0.10423093788063338,11314.252307692308,-0.0,0.3914946485467478,0.36542269899476004,0.47994116066543163,1.28788769655871,643027.34,519518.48,1.2377371830930826,0.9541313476167593,Exceeding (>=120%),1.0,8.0,160522.355,0.0,0.0,160522.355,CP2025,138066.24,T3 Accelerator,0.015,138066.24,2070.9936,1,0.014080223391490976,6 150%+
11,202507,20250701,1,48,0,Egypt Enterprise,EG,ENT,84078.8,166838.88,166838.88,0.0,185300.0,18461.12,85803.88,10.0,47852.64,58468.56,REP-003,Nour Zaki,2025,1.9843156657801966,82760.08,0.09962827846735024,16683.888,-0.0,0.28681947517269357,0.35044924780123193,0.5142918724939894,0.13430031883544027,809866.22,603597.28,1.3417327195377686,1.4292301887910437,Exceeding (>=120%),1.0,1.0,181456.02,0.0,0.0,181456.02,CP2025,126118.20000000001,T3 Accelerator,0.015,126118.20000000001,1891.7730000000001,1,0.011338921718966227,6 150%+
11,202508,20250801,1,49,0,Egypt Enterprise,EG,ENT,81423.68,8759.28,8759.28,0.0,9600.0,840.72,3959.28,1.0,0.0,5449.8,REP-003,Nour Zaki,2025,0.10757656740643509,-72664.4,0.087575,8759.28,-0.0,0.0,0.6221744252952297,0.45200975422637474,-0.9474985686789554,818625.5,685020.96,1.1950371562353364,1.2529126374935429,Below Target (<80%),8.0,76.0,10121.73,0.0,0.0,10121.73,CP2025,122135.51999999999,T0 Below Gate,0.0,10121.73,0.0,0,0.0,1 <60%
11,202509,20250901,1,50,0,Egypt Enterprise,EG,ENT,88504.0,76135.98,76135.98,0.0,84500.0,8364.02,33625.979999999996,6.0,0.0,30186.72,REP-003,Nour Zaki,2025,0.8602546777546777,-12368.020000000004,0.0989824852071006,12689.33,-0.0,0.0,0.3964842903447227,0.4416568881099317,7.692036331753294,894761.48,773524.96,1.1567325248302265,0.9910540077560227,Near Target (80-99%),6.0,41.0,83682.66,0.0,0.0,83682.66,CP2025,132756.0,T1 Approaching,0.005,83682.66,418.41330000000005,0,0.005495605362930905,3 80-99%
11,202510,20251001,1,51,0,Egypt Enterprise,EG,ENT,92044.16,33452.7,33452.7,0.0,36600.0,3147.2999999999997,16772.7,3.0,0.0,26426.879999999997,REP-003,Nour Zaki,2025,0.36344185225874187,-58591.46000000001,0.08599180327868852,11150.9,-0.0,0.0,0.7899774906061394,0.5013855383870361,-0.5606190397759377,928214.1799999999,865569.12,1.0723744164995164,0.4517583263911113,Below Target (<80%),9.0,74.0,40059.42,0.0,0.0,40059.42,CP2025,138066.24,T0 Below Gate,0.0,40059.42,0.0,0,0.0,1 <60%
11,202511,20251101,1,52,0,Egypt Enterprise,EG,ENT,95584.32,128409.74,128409.74,0.0,142550.0,14140.26,65875.24,11.0,39444.96,84330.0,REP-003,Nour Zaki,2025,1.3434184602662864,32825.42,0.09919508944230095,11673.612727272728,-0.0,0.30718043662419997,0.656725883877656,0.5130081253960954,2.838546365465269,1056623.92,961153.4400000001,1.0993290727857146,0.8618994042279996,Exceeding (>=120%),3.0,16.0,149492.24,0.0,0.0,149492.24,CP2025,143376.48,T3 Accelerator,0.015,143376.48,2150.6472,1,0.016748318312925482,5 120-149%
11,202512,20251201,1,53,0,Egypt Enterprise,EG,ENT,100894.56,80288.84,80288.84,0.0,89000.0,8711.16,43598.84,6.0,14001.96,64758.06,REP-003,Nour Zaki,2025,0.7957697620169016,-20605.72,0.09787820224719102,13381.473333333333,-0.0,0.17439484740344985,0.8065636519346898,0.5430249085676166,-0.3747449375724926,1136912.76,1062048.0,1.0704909382626775,0.8392788319435425,Below Target (<80%),4.0,47.0,96478.355,0.0,0.0,96478.355,CP2025,151341.84,T0 Below Gate,0.0,96478.355,0.0,0,0.0,2 60-79%
12,202401,20240101,1,6,0,Egypt Enterprise,EG,ENT,67724.8,0.0,0.0,0.0,0.0,0.0,0.0,0.0,0.0,0.0,REP-004,Faisal Al-Nuaimi,2024,0.0,-67724.8,,,,,,,,0.0,67724.8,0.0,0.0,Below Target (<80%),9.0,69.0,0.0,0.0,0.0,0.0,CP2024,101587.20000000001,T0 Below Gate,0.0,0.0,0.0,0,,1 <60%
12,202402,20240201,1,7,0,Egypt Enterprise,EG,ENT,73112.0,7797.84,7797.84,0.0,8400.0,602.16,4017.84,1.0,0.0,4440.48,REP-004,Faisal Al-Nuaimi,2024,0.10665608928766823,-65314.16,0.07168571428571428,7797.84,-0.0,0.0,0.5694500015388876,0.5152503770274846,,7797.84,140836.8,0.05536791520398078,0.05536791520398078,Below Target (<80%),9.0,69.0,8907.96,0.0,0.0,8907.96,CP2024,109668.0,T0 Below Gate,0.0,8907.96,0.0,0,0.0,1 <60%
12,202403,20240301,1,8,0,Egypt Enterprise,EG,ENT,76960.0,96326.67,96326.67,0.0,103800.0,7473.33,47546.67,9.0,19492.559999999998,43406.159999999996,REP-004,Faisal Al-Nuaimi,2024,1.25164591995842,19366.67,0.07199739884393064,10702.963333333333,-0.0,0.20235891056962726,0.4506141445562272,0.49359819040770325,11.35299390600474,104124.51,217796.8,0.47808099108894164,0.47808099108894164,Exceeding (>=120%),4.0,15.0,107178.21,0.0,0.0,107178.21,CP2024,115440.0,T3 Accelerator,0.015,107178.21,1607.67315,0,0.016689803042085852,5 120-149%
12,202404,20240401,1,9,0,Egypt Enterprise,EG,ENT,76960.0,67991.2,67991.2,0.0,73750.0,5758.8,29248.7,6.0,18619.92,20176.5,REP-004,Faisal Al-Nuaimi,2024,0.8834615384615384,-8968.800000000003,0.07808542372881357,11331.866666666667,-0.0,0.27385779336149385,0.2967516384473285,0.4301836119968467,-0.294160173916528,172115.71,294756.8,0.5839244760426222,0.7581121163536417,Near Target (80-99%),5.0,37.0,73035.325,0.0,0.0,73035.325,CP2024,115440.0,T1 Approaching,0.005,73035.325,365.176625,0,0.0053709395480591605,3 80-99%
12,202405,20240501,1,10,0,Egypt Enterprise,EG,ENT,76960.0,39755.12,39755.12,0.0,42750.0,2994.88,21207.62,4.0,0.0,18499.14,REP-004,Faisal Al-Nuaimi,2024,0.5165686070686071,-37204.88,0.07005567251461989,9938.78,-0.0,0.0,0.46532723332239967,0.5334563195885209,-0.4152902140276976,211870.83,371716.8,0.5699791615552485,0.8838920218295218,Below Target (<80%),8.0,57.0,44379.905,0.0,0.0,44379.905,CP2024,115440.0,T0 Below Gate,0.0,44379.905,0.0,0,0.0,1 <60%
12,202406,20240601,1,11,0,Egypt Enterprise,EG,ENT,80038.4,98624.4,98624.4,0.0,106600.0,7975.6,55504.4,10.0,8361.9,73056.84,REP-004,Faisal Al-Nuaimi,2024,1.2322135375019991,18586.0,0.07481801125703565,9862.439999999999,-0.0,0.0847853066786718,0.7407582707727499,0.5627856798114869,1.4807974419395535,310495.23,451755.2,0.6873085910245195,0.8820829685961263,Exceeding (>=120%),1.0,20.0,116888.61,0.0,0.0,116888.61,CP2024,120057.59999999999,T3 Accelerator,0.015,116888.61,1753.32915,0,0.017777843515397813,5 120-149%
12,202407,20240701,1,12,0,Egypt Enterprise,EG,ENT,73112.0,74409.92,74409.92,0.0,80400.0,5990.08,37589.92,6.0,0.0,43561.44,REP-004,Faisal Al-Nuaimi,2024,1.0177524893314367,1297.9199999999983,0.07450348258706467,12401.653333333334,-0.0,0.0,0.5854251691172361,0.5051735037478874,-0.24552220343038839,384905.14999999997,524867.2,0.733338166301876,0.9247276090085452,On Target (100-119%),3.0,25.0,85300.28,0.0,0.0,85300.28,CP2024,109668.0,T2 On Target,0.01,85300.28,853.0028,0,0.01146356292279309,4 100-119%
12,202408,20240801,1,13,0,Egypt Enterprise,EG,ENT,70803.2,19374.0,19374.0,0.0,21000.0,1626.0,9384.0,2.0,12600.24,4266.24,REP-004,Faisal Al-Nuaimi,2024,0.27363170026213507,-51429.2,0.07742857142857143,9687.0,-0.0,0.6503685351502013,0.22020439764633012,0.4843604831217095,-0.7396314899948824,404279.14999999997,595670.4,0.678696054059426,0.8591436797622364,Below Target (<80%),8.0,63.0,20440.559999999998,0.0,0.0,20440.559999999998,CP2024,106204.79999999999,T0 Below Gate,0.0,20440.559999999998,0.0,0,0.0,1 <60%
12,202409,20240901,1,14,0,Egypt Enterprise,EG,ENT,76960.0,116231.92000000001,116231.92000000001,0.0,125800.0,9568.08,58611.92,10.0,13599.99,77378.76000000001,REP-004,Faisal Al-Nuaimi,2024,1.510290020790021,39271.92000000001,0.07605786963434022,11623.192000000001,-0.0,0.11700735908001862,0.6657272804234844,0.504266986211705,4.999376483947559,520511.07,672630.4,0.7738441051727665,0.9508348605909581,Exceeding (>=120%),2.0,12.0,135576.61000000002,0.0,0.0,135576.61000000002,CP2024,115440.0,T3 Accelerator,0.015,115440.0,1731.6,1,0.014897800879483017,6 150%+
12,202410,20241001,1,15,0,Egypt Enterprise,EG,ENT,80038.4,90180.47,90180.47,0.0,97900.0,7719.53,42695.47,8.0,28028.82,35943.84,REP-004,Faisal Al-Nuaimi,2024,1.126715051775148,10142.070000000007,0.0788511746680286,11272.55875,-0.0,0.31080809403632514,0.3985767650135334,0.4734447491790628,-0.22413335338519752,610691.54,752668.8,0.8113682140139196,0.9911536617828847,On Target (100-119%),4.0,25.0,99166.43,0.0,0.0,99166.43,CP2024,120057.59999999999,T2 On Target,0.01,99166.43,991.6642999999999,0,0.010996441912533832,4 100-119%
12,202411,20241101,1,16,0,Egypt Enterprise,EG,ENT,83116.8,49143.48,49143.48,0.0,54200.0,5056.52,24943.48,4.0,32009.440000000002,16945.56,REP-004,Faisal Al-Nuaimi,2024,0.5912580850080851,-33973.32,0.09329372693726938,12285.87,-0.0,0.6513466282811067,0.3448180714918846,0.5075643808700564,-0.4550540710200335,659835.02,835785.6,0.7894788089194167,1.0643052584759316,Below Target (<80%),5.0,53.0,53379.87,0.0,0.0,53379.87,CP2024,124675.20000000001,T0 Below Gate,0.0,53379.87,0.0,0,0.0,1 <60%
12,202412,20241201,1,17,0,Egypt Enterprise,EG,ENT,87734.4,27571.68,27571.68,0.0,30000.0,2428.32,13831.68,2.0,0.0,11190.0,REP-004,Faisal Al-Nuaimi,2024,0.31426304847357484,-60162.719999999994,0.080944,13785.84,-0.0,0.0,0.4058512212531119,0.5016625755122648,-0.4389554830060875,687406.7,923520.0,0.7443333116770616,0.6652154174585156,Below Target (<80%),8.0,67.0,30369.18,0.0,0.0,30369.18,CP2024,131601.59999999998,T0 Below Gate,0.0,30369.18,0.0,0,0.0,1 <60%
12,202501,20250101,1,18,0,Egypt Enterprise,EG,ENT,77883.52,27660.86,27660.86,0.0,30200.0,2539.14,16960.86,2.0,17313.06,17313.06,REP-004,Faisal Al-Nuaimi,2025,0.3551567777111255,-50222.66,0.0840774834437086,13830.43,-0.0,0.6259046175715434,0.6259046175715434,0.6131718247371918,0.003234478276260289,27660.86,77883.52,0.3551567777111255,0.4196278669901813,Below Target (<80%),7.0,66.0,31989.125,0.0,0.0,31989.125,CP2025,116825.28,T0 Below Gate,0.0,31989.125,0.0,0,0.0,1 <60%
12,202502,20250201,1,19,0,Egypt Enterprise,EG,ENT,84078.8,38931.2,38931.2,0.0,42200.0,3268.8,19621.2,4.0,15531.02,27670.260000000002,REP-004,Faisal Al-Nuaimi,2025,0.4630322982725728,-45147.600000000006,0.07745971563981043,9732.8,-0.0,0.3989350443859938,0.7107476779549565,0.5039967943448956,0.4074472015692931,66592.06,161962.32,0.4111577310080517,0.37711244264642324,Below Target (<80%),7.0,57.0,45848.765,0.0,0.0,45848.765,CP2025,126118.20000000001,T0 Below Gate,0.0,45848.765,0.0,0,0.0,1 <60%
12,202503,20250301,1,20,0,Egypt Enterprise,EG,ENT,88504.0,123007.98,123007.98,0.0,133900.0,10892.02,62756.98,9.0,33207.44,62997.479999999996,REP-004,Faisal Al-Nuaimi,2025,1.3898578595317725,34503.979999999996,0.0813444361463779,13667.553333333333,-0.0,0.26996167240531876,0.5121414074111289,0.5101862497051005,2.159624671214861,189600.03999999998,250466.32,0.7569881651153735,0.7569881651153735,Exceeding (>=120%),1.0,11.0,138757.35,0.0,0.0,138757.35,CP2025,132756.0,T3 Accelerator,0.015,132756.0,1991.34,1,0.016188705805916005,5 120-149%
12,202504,20250401,1,21,0,Egypt Enterprise,EG,ENT,88504.0,25447.98,25447.98,0.0,27300.0,1852.02,12037.98,3.0,0.0,15606.48,REP-004,Faisal Al-Nuaimi,2025,0.28753480068697457,-63056.020000000004,0.06783956043956044,8482.66,-0.0,0.0,0.613269894113403,0.47304265407313273,-0.7931192756762611,215048.02,338970.32,0.6344154851079586,0.7177197774839631,Below Target (<80%),6.0,63.0,29349.6,0.0,0.0,29349.6,CP2025,132756.0,T0 Below Gate,0.0,29349.6,0.0,0,0.0,1 <60%
12,202505,20250501,1,22,0,Egypt Enterprise,EG,ENT,88504.0,114517.92,114517.92,0.0,123900.0,9382.08,55627.92,7.0,14773.86,33074.520000000004,REP-004,Faisal Al-Nuaimi,2025,1.293929313929314,26013.92,0.0757230024213075,16359.702857142856,-0.0,0.12900915420049544,0.2888152352051103,0.48575733824016365,3.5000789846581144,329565.94,427474.32,0.7709607912821523,0.9904406580493538,Exceeding (>=120%),2.0,20.0,122786.55,0.0,0.0,122786.55,CP2025,132756.0,T3 Accelerator,0.015,122786.55,1841.79825,0,0.016083057132019164,5 120-149%
12,202506,20250601,1,23,0,Egypt Enterprise,EG,ENT,92044.16,67005.35,67005.35,0.0,73300.0,6294.65,35905.35,5.0,36427.65,35119.56,REP-004,Faisal Al-Nuaimi,2025,0.7279695963328907,-25038.809999999998,0.08587517053206002,13401.070000000002,-0.0,0.5436528575703283,0.5241306850870863,0.5358579576108474,-0.4148920099142562,396571.29,519518.48,0.7633439526540038,0.7692606890797679,Below Target (<80%),6.0,57.0,75785.23999999999,0.0,0.0,75785.23999999999,CP2025,138066.24,T0 Below Gate,0.0,75785.23999999999,0.0,0,0.0,2 60-79%
12,202507,20250701,1,24,0,Egypt Enterprise,EG,ENT,84078.8,59571.17,74583.89,-15012.720000000001,80900.0,6316.11,29439.17,6.0,25238.22,44027.58,REP-004,Faisal Al-Nuaimi,2025,0.708515939808846,-24507.630000000005,0.07807305315203955,12430.648333333333,0.2012863635833422,0.3383870162846159,0.5903095159021606,0.49418485485512537,-0.1109490510832345,456142.45999999996,603597.28,0.755706619486423,0.9110728551618472,Below Target (<80%),7.0,45.0,85590.785,-17928.93,0.0,67661.85500000001,CP2025,126118.20000000001,T0 Below Gate,0.0,67661.85500000001,0.0,0,0.0,2 60-79%
12,202508,20250801,1,25,0,Egypt Enterprise,EG,ENT,81423.68,76229.76,76229.76,0.0,83050.0,6820.24,34514.26,7.0,44161.86,43502.64,REP-004,Faisal Al-Nuaimi,2025,0.936211185738596,-5193.919999999998,0.08212209512341963,10889.965714285714,-0.0,0.5793257121628089,0.5706779084703927,0.4527662162389073,0.2796418133133863,532372.22,685020.96,0.7771619426068365,0.7874545752179098,Near Target (80-99%),3.0,21.0,87105.42,0.0,0.0,87105.42,CP2025,122135.51999999999,T1 Approaching,0.005,87105.42,435.5271,0,0.005713347385587992,3 80-99%
12,202509,20250901,1,26,0,Egypt Enterprise,EG,ENT,88504.0,117511.31,117511.31,0.0,127650.0,10138.69,55823.81,10.0,40125.89,67360.44,REP-004,Faisal Al-Nuaimi,2025,1.3277514010666185,29007.309999999998,0.07942569526047788,11751.131,-0.0,0.34146406843732746,0.5732251644543832,0.47505052917885093,0.5415411251458748,649883.53,773524.96,0.840158448151434,0.9972668413813695,Exceeding (>=120%),1.0,16.0,134351.42,0.0,0.0,134351.42,CP2025,132756.0,T3 Accelerator,0.015,132756.0,1991.34,1,0.01694594333090151,5 120-149%
12,202510,20251001,1,27,0,Egypt Enterprise,EG,ENT,92044.16,54412.29,54412.29,0.0,57900.0,3487.71,25762.29,4.0,5383.799999999999,33884.64,REP-004,Faisal Al-Nuaimi,2025,0.5911541807758363,-37631.87,0.06023678756476684,13603.0725,-0.0,0.09894455829739934,0.62273872318184,0.473464542661226,-0.536961250793647,704295.82,865569.12,0.8136794667536198,0.9472520405246608,Below Target (<80%),6.0,61.0,62883.45,0.0,0.0,62883.45,CP2025,138066.24,T0 Below Gate,0.0,62883.45,0.0,0,0.0,1 <60%
12,202511,20251101,1,28,0,Egypt Enterprise,EG,ENT,95584.32,80123.53,80123.53,0.0,88300.0,8176.47,46748.53,6.0,53869.03,20708.46,REP-004,Faisal Al-Nuaimi,2025,0.8382497254779863,-15460.790000000008,0.09259875424688561,13353.921666666667,-0.0,0.6723247215892759,0.25845666060893724,0.5834556964726841,0.47252633550251233,784419.35,961153.4400000001,0.8161229178974795,0.9127761065992671,Near Target (80-99%),6.0,50.0,85300.645,0.0,0.0,85300.645,CP2025,143376.48,T0 Below Gate,0.0,85300.645,0.0,0,0.0,3 80-99%
12,202512,20251201,1,29,0,Egypt Enterprise,EG,ENT,100894.56,23149.62,23149.62,0.0,24600.0,1450.38,12709.62,2.0,0.0,10142.64,REP-004,Faisal Al-Nuaimi,2025,0.22944368853979838,-77744.94,0.05895853658536586,11574.81,-0.0,0.0,0.4381341896756837,0.5490206750693964,-0.711075884949153,807568.97,1062048.0,0.7603883911084998,0.5465263363369524,Below Target (<80%),9.0,77.0,25685.28,0.0,0.0,25685.28,CP2025,151341.84,T0 Below Gate,0.0,25685.28,0.0,0,0.0,1 <60%
13,202401,20240101,1,36,0,Egypt Enterprise,EG,ENT,67724.8,57306.27,57306.27,0.0,68600.0,11293.73,26866.27,6.0,0.0,23863.14,REP-005,Ahmed Wahba,2024,0.8461637391324891,-10418.530000000006,0.16463163265306122,9551.045,-0.0,0.0,0.4164141201303104,0.4688190314951575,,57306.27,67724.8,0.8461637391324891,0.8461637391324891,Near Target (80-99%),5.0,33.0,63272.055,0.0,0.0,63272.055,CP2024,101587.20000000001,T1 Approaching,0.005,63272.055,316.360275,0,0.005520517650162888,3 80-99%
13,202402,20240201,1,37,0,Egypt Enterprise,EG,ENT,73112.0,37321.200000000004,37321.200000000004,0.0,44600.0,7278.8,18041.2,4.0,0.0,20624.28,REP-005,Ahmed Wahba,2024,0.5104661341503447,-35790.799999999996,0.1632017937219731,9330.300000000001,-0.0,0.0,0.5526156715218159,0.4834035347202126,-0.34874142044142803,94627.47,140836.8,0.6718944906444907,0.6718944906444907,Below Target (<80%),8.0,61.0,42477.270000000004,0.0,0.0,42477.270000000004,CP2024,109668.0,T0 Below Gate,0.0,42477.270000000004,0.0,0,0.0,1 <60%
13,202403,20240301,1,38,0,Egypt Enterprise,EG,ENT,76960.0,41825.2,41825.2,0.0,50600.0,8774.8,20795.2,3.0,0.0,19977.0,REP-005,Ahmed Wahba,2024,0.5434667359667359,-35134.8,0.17341501976284585,13941.733333333332,-0.0,0.0,0.47763071067203505,0.4971930797700908,0.12068207881847294,136452.66999999998,217796.8,0.6265136586028812,0.6265136586028812,Below Target (<80%),9.0,56.0,46819.45,0.0,0.0,46819.45,CP2024,115440.0,T0 Below Gate,0.0,46819.45,0.0,0,0.0,1 <60%
13,202404,20240401,1,39,0,Egypt Enterprise,EG,ENT,76960.0,69375.66,69375.66,0.0,83400.0,14024.34,31365.660000000003,5.0,11883.36,42198.36,REP-005,Ahmed Wahba,2024,0.9014508835758837,-7584.3399999999965,0.16815755395683454,13875.132000000001,-0.0,0.17129004610550733,0.6082588619697455,0.45211332043543806,0.6587047999770476,205828.33000000002,294756.8,0.6982988348360412,0.6541899820289651,Near Target (80-99%),4.0,34.0,79925.25,0.0,0.0,79925.25,CP2024,115440.0,T1 Approaching,0.005,79925.25,399.62625,0,0.005760323577462182,3 80-99%
13,202405,20240501,1,40,0,Egypt Enterprise,EG,ENT,76960.0,92405.54,92405.54,0.0,110500.0,18094.46,43915.54,7.0,0.0,24950.4,REP-005,Ahmed Wahba,2024,1.2006956860706859,15445.539999999994,0.16375076923076923,13200.791428571427,-0.0,0.0,0.2700097851276017,0.47524791262515215,0.3319590761370773,298233.87,371716.8,0.8023147460647461,0.8818711018711018,Exceeding (>=120%),3.0,19.0,98643.14,0.0,0.0,98643.14,CP2024,115440.0,T3 Accelerator,0.015,98643.14,1479.6471,0,0.016012536694228505,5 120-149%
13,202406,20240601,1,41,0,Egypt Enterprise,EG,ENT,80038.4,93252.48,93252.48,0.0,112000.0,18747.52,44007.479999999996,7.0,23129.579999999998,19298.22,REP-005,Ahmed Wahba,2024,1.1650967535582921,13214.080000000002,0.16738857142857144,13321.782857142856,-0.0,0.24803179497210154,0.20694591714879865,0.4719175297000144,0.009165467784723755,391486.35,451755.2,0.8665895821453742,1.0900813136010503,On Target (100-119%),2.0,28.0,98077.035,0.0,0.0,98077.035,CP2024,120057.59999999999,T2 On Target,0.01,98077.035,980.77035,0,0.010517364792871997,4 100-119%
13,202407,20240701,1,42,0,Egypt Enterprise,EG,ENT,73112.0,29088.420000000002,29088.420000000002,0.0,35400.0,6311.58,14148.42,3.0,17903.7,18859.98,REP-005,Ahmed Wahba,2024,0.3978610898347741,-44023.58,0.17829322033898304,9696.140000000001,-0.0,0.6154923505642451,0.6483672884261159,0.486393554548511,-0.6880681350243982,420574.77,524867.2,0.8012974901079741,0.933232222446269,Below Target (<80%),8.0,59.0,33803.415,0.0,0.0,33803.415,CP2024,109668.0,T0 Below Gate,0.0,33803.415,0.0,0,0.0,1 <60%
13,202408,20240801,1,43,0,Egypt Enterprise,EG,ENT,70803.2,66322.62,66322.62,0.0,79300.0,12977.38,30912.62,4.0,18611.100000000002,20461.86,REP-005,Ahmed Wahba,2024,0.9367178319623971,-4480.580000000002,0.16364918032786885,16580.655,-0.0,0.2806146681177554,0.308520079574661,0.4660946747881794,1.2800351480073513,486897.39,595670.4,0.8173939648503602,0.8424223589172042,Near Target (80-99%),3.0,27.0,71438.085,0.0,0.0,71438.085,CP2024,106204.79999999999,T1 Approaching,0.005,71438.085,357.19042500000006,0,0.005385650099468327,3 80-99%
13,202409,20240901,1,44,0,Egypt Enterprise,EG,ENT,76960.0,23194.86,23194.86,0.0,28200.0,5005.139999999999,10654.86,2.0,4922.4,12675.84,REP-005,Ahmed Wahba,2024,0.30138851351351353,-53765.14,0.17748723404255318,11597.43,-0.0,0.2122194313740199,0.5464934903681247,0.45936297955667765,-0.6502722600524526,510092.25,672630.4,0.7583544395257782,0.536981517164444,Below Target (<80%),9.0,65.0,26363.82,0.0,0.0,26363.82,CP2024,115440.0,T0 Below Gate,0.0,26363.82,0.0,0,0.0,1 <60%
13,202410,20241001,1,45,0,Egypt Enterprise,EG,ENT,80038.4,141399.16,141399.16,0.0,172050.0,30650.84,61290.66,12.0,52511.83,61965.899999999994,REP-005,Ahmed Wahba,2024,1.7666415120742045,61360.76000000001,0.17815077012496366,11783.263333333334,-0.0,0.3713729982554352,0.43823386220964816,0.43345844487336416,5.096141990078836,651491.4099999999,752668.8,0.8655751507170217,1.0136743552284093,Exceeding (>=120%),3.0,8.0,156890.635,0.0,0.0,156890.635,CP2024,120057.59999999999,T3 Accelerator,0.015,120057.59999999999,1800.8639999999998,1,0.012736030397917496,6 150%+
13,202411,20241101,1,46,0,Egypt Enterprise,EG,ENT,83116.8,40523.84,40523.84,0.0,48700.0,8176.16,20593.84,5.0,9198.0,13933.92,REP-005,Ahmed Wahba,2024,0.4875529375529375,-42592.96000000001,0.16788829568788502,8104.767999999999,-0.0,0.22697750262561497,0.34384500580399097,0.5081907341456289,-0.7134081984645454,692015.25,835785.6,0.8279817814520853,0.8542477110986726,Below Target (<80%),7.0,57.0,44007.32,0.0,0.0,44007.32,CP2024,124675.20000000001,T0 Below Gate,0.0,44007.32,0.0,0,0.0,1 <60%
13,202412,20241201,1,47,0,Egypt Enterprise,EG,ENT,87734.4,50647.619999999995,50647.619999999995,0.0,60400.0,9752.38,18722.62,4.0,14575.2,7256.4,REP-005,Ahmed Wahba,2024,0.5772834828755882,-37086.78,0.16146324503311257,12661.904999999999,-0.0,0.28777660233590446,0.14327228011898685,0.3696643593519301,0.24982282034476494,742662.87,923520.0,0.8041654430873181,0.9269839004885018,Below Target (<80%),7.0,61.0,52461.72,0.0,0.0,52461.72,CP2024,131601.59999999998,T0 Below Gate,0.0,52461.72,0.0,0,0.0,1 <60%
13,202501,20250101,1,48,0,Egypt Enterprise,EG,ENT,77883.52,75297.01,75297.01,0.0,91000.0,15702.99,34847.01,8.0,10183.05,33015.0,REP-005,Ahmed Wahba,2025,0.9667900218171956,-2586.5100000000093,0.17256032967032967,9412.12625,-0.0,0.13523843775469968,0.438463625580883,0.4627940737620259,0.48668407321015283,75297.01,77883.52,0.9667900218171956,0.6692610906913196,Near Target (80-99%),6.0,27.0,83550.76,0.0,0.0,83550.76,CP2025,116825.28,T1 Approaching,0.005,83550.76,417.75379999999996,0,0.005548079531976104,3 80-99%
13,202502,20250201,1,49,0,Egypt Enterprise,EG,ENT,84078.8,31038.84,31038.84,0.0,37200.0,6161.16,13338.84,3.0,11944.14,6639.66,REP-005,Ahmed Wahba,2025,0.3691636893009891,-53039.96000000001,0.16562258064516128,10346.28,-0.0,0.38481270562946296,0.21391456639487816,0.429746730225743,-0.5877812412471625,106335.84999999999,161962.32,0.6565468437350118,0.6286965643761759,Below Target (<80%),9.0,63.0,32698.755,0.0,0.0,32698.755,CP2025,126118.20000000001,T0 Below Gate,0.0,32698.755,0.0,0,0.0,1 <60%
13,202503,20250301,1,50,0,Egypt Enterprise,EG,ENT,88504.0,20872.68,20872.68,0.0,25200.0,4327.32,9472.68,3.0,0.0,12899.64,REP-005,Ahmed Wahba,2025,0.23583883214317997,-67631.32,0.1717190476190476,6957.56,-0.0,0.0,0.6180155111849556,0.4538315156462898,-0.327530281415156,127208.53,250466.32,0.5078867689675801,0.50788676896758,Below Target (<80%),9.0,69.0,24097.59,0.0,0.0,24097.59,CP2025,132756.0,T0 Below Gate,0.0,24097.59,0.0,0,0.0,1 <60%
13,202504,20250401,1,51,0,Egypt Enterprise,EG,ENT,88504.0,26476.68,26476.68,0.0,32400.0,5923.32,11596.68,2.0,7675.68,11901.6,REP-005,Ahmed Wahba,2025,0.29915800415800414,-62027.32,0.18281851851851852,13238.34,-0.0,0.2899034168936589,0.44951255217799213,0.4379960025199534,0.2684849286244028,153685.21,338970.32,0.453388396954636,0.30023808174139777,Below Target (<80%),5.0,62.0,29452.079999999998,0.0,0.0,29452.079999999998,CP2025,132756.0,T0 Below Gate,0.0,29452.079999999998,0.0,0,0.0,1 <60%
13,202505,20250501,1,52,0,Egypt Enterprise,EG,ENT,88504.0,15841.78,15841.78,0.0,19400.0,3558.2200000000003,7771.78,2.0,0.0,4998.6,REP-005,Ahmed Wahba,2025,0.17899507366898673,-72662.22,0.1834134020618557,7920.89,-0.0,0.0,0.31553272422669676,0.49058754761144263,-0.401670451129069,169526.99,427474.32,0.39657818509425313,0.2379973033233902,Below Target (<80%),9.0,74.0,17091.43,0.0,0.0,17091.43,CP2025,132756.0,T0 Below Gate,0.0,17091.43,0.0,0,0.0,1 <60%
13,202506,20250601,1,53,0,Egypt Enterprise,EG,ENT,92044.16,113667.25,113667.25,0.0,137200.0,23532.75,51274.25,10.0,24862.559999999998,44740.44,REP-005,Ahmed Wahba,2025,1.2349208249605406,21623.089999999997,0.17152150145772596,11366.725,-0.0,0.21873107689330037,0.3936088891039416,0.4510907935223206,6.175156453378345,283194.24,519518.48,0.5451090786991831,0.5797601104559055,Exceeding (>=120%),4.0,21.0,124852.36,0.0,0.0,124852.36,CP2025,138066.24,T3 Accelerator,0.015,124852.36,1872.7854,0,0.01647603333413978,5 120-149%
13,202507,20250701,1,54,0,Egypt Enterprise,EG,ENT,84078.8,72349.91,72349.91,0.0,86500.0,14150.09,35674.909999999996,3.0,12269.330000000002,49602.9,REP-005,Ahmed Wahba,2025,0.860501220283829,-11728.89,0.16358485549132948,24116.63666666667,-0.0,0.16958321026245923,0.6855972592087537,0.4930885193913855,-0.36349379438668566,355544.15,603597.28,0.589042001647191,0.7628056491296274,Near Target (80-99%),5.0,36.0,84750.635,0.0,0.0,84750.635,CP2025,126118.20000000001,T1 Approaching,0.005,84750.635,423.753175,0,0.005856996574010942,3 80-99%
13,202508,20250801,1,55,0,Egypt Enterprise,EG,ENT,81423.68,0.0,0.0,0.0,0.0,0.0,0.0,0.0,0.0,0.0,REP-005,Ahmed Wahba,2025,0.0,-81423.68,,,,,,,-1.0,355544.15,685020.96,0.5190266732860263,0.7222659165734019,Below Target (<80%),9.0,77.0,0.0,0.0,0.0,0.0,CP2025,122135.51999999999,T0 Below Gate,0.0,0.0,0.0,0,,1 <60%
13,202509,20250901,1,56,0,Egypt Enterprise,EG,ENT,88504.0,46595.67,46595.67,0.0,55500.0,8904.33,21965.670000000002,4.0,9988.439999999999,12912.36,REP-005,Ahmed Wahba,2025,0.5264809500135587,-41908.33,0.16043837837837838,11648.9175,-0.0,0.2143641243918158,0.2771150194857162,0.4714101117120969,,402139.82,773524.96,0.5198795653601146,0.4682777384262007,Below Target (<80%),8.0,66.0,49823.759999999995,0.0,0.0,49823.759999999995,CP2025,132756.0,T0 Below Gate,0.0,49823.759999999995,0.0,0,0.0,1 <60%
13,202510,20251001,1,57,0,Egypt Enterprise,EG,ENT,92044.16,34174.46,34174.46,0.0,40700.0,6525.54,17954.46,4.0,6279.3,7544.4,REP-005,Ahmed Wahba,2025,0.3712833057523693,-57869.700000000004,0.16033267813267812,8543.615,-0.0,0.1837424790325875,0.2207613521910807,0.5253765531335389,-0.2665743404912946,436314.27999999997,865569.12,0.5040779181216631,0.30831607702568326,Below Target (<80%),8.0,72.0,36060.56,0.0,0.0,36060.56,CP2025,138066.24,T0 Below Gate,0.0,36060.56,0.0,0,0.0,1 <60%
13,202511,20251101,1,58,0,Egypt Enterprise,EG,ENT,95584.32,124314.8,124314.8,0.0,148050.0,23735.2,60592.3,9.0,0.0,48781.02,REP-005,Ahmed Wahba,2025,1.3005773331860289,28730.479999999996,0.16031881121242825,13812.755555555555,-0.0,0.0,0.3923991350989584,0.4874101876848131,2.6376522116223637,560629.08,961153.4400000001,0.5832878047026497,0.7427048422554274,Exceeding (>=120%),4.0,18.0,136510.055,0.0,0.0,136510.055,CP2025,143376.48,T3 Accelerator,0.015,136510.055,2047.6508249999997,0,0.01647149675662109,5 120-149%
13,202512,20251201,1,59,0,Egypt Enterprise,EG,ENT,100894.56,84695.26,84695.26,0.0,103300.0,18604.74,40940.26,6.0,14605.32,43425.72,REP-005,Ahmed Wahba,2025,0.8394432762281733,-16199.300000000003,0.18010396902226528,14115.876666666665,-0.0,0.17244554181662589,0.5127290476468224,0.483383131476307,-0.31870332414161473,645324.34,1062048.0,0.6076225744975745,0.8428599670930956,Near Target (80-99%),3.0,44.0,95551.69,0.0,0.0,95551.69,CP2025,151341.84,T0 Below Gate,0.0,95551.69,0.0,0,0.0,3 80-99%
14,202401,20240101,1,66,0,Egypt Enterprise,EG,ENT,67724.8,128581.15000000001,128581.15000000001,0.0,149150.0,20568.85,52428.65,9.0,13669.11,49205.7,REP-006,Abdullah Nasr,2024,1.8985829415516915,60856.350000000006,0.1379071404626215,14286.794444444446,-0.0,0.10630726198980177,0.3826820649838642,0.40774755864292705,,128581.15000000001,67724.8,1.8985829415516915,1.8985829415516915,Exceeding (>=120%),1.0,2.0,140882.575,0.0,0.0,140882.575,CP2024,101587.20000000001,T3 Accelerator,0.015,101587.20000000001,1523.8080000000002,1,0.011850943936961211,6 150%+
14,202402,20240201,1,67,0,Egypt Enterprise,EG,ENT,73112.0,53429.52,53429.52,0.0,61800.0,8370.48,26249.52,3.0,13437.119999999999,38899.2,REP-006,Abdullah Nasr,2024,0.7307900207900208,-19682.480000000003,0.13544466019417475,17809.84,-0.0,0.2514924333963696,0.7280469672944844,0.49129245405910443,-0.5844684854661822,182010.67,140836.8,1.2923516438885294,1.2923516438885294,Below Target (<80%),7.0,53.0,63154.32,0.0,0.0,63154.32,CP2024,109668.0,T0 Below Gate,0.0,63154.32,0.0,0,0.0,2 60-79%
14,202403,20240301,1,68,0,Egypt Enterprise,EG,ENT,76960.0,173873.41,173873.41,0.0,201350.0,27476.59,73443.91,13.0,6034.92,74739.6,REP-006,Abdullah Nasr,2024,2.2592698804573805,96913.41,0.1364618326297492,13374.877692307693,-0.0,0.034708699852381106,0.4298506597414752,0.4223987440057683,2.254257384307402,355884.08,217796.8,1.6340188652909502,1.6340188652909502,Exceeding (>=120%),1.0,1.0,192558.31,0.0,0.0,192558.31,CP2024,115440.0,T3 Accelerator,0.015,115440.0,1731.6,1,0.00995896957447375,6 150%+
14,202404,20240401,1,69,0,Egypt Enterprise,EG,ENT,76960.0,65013.97,65013.97,0.0,76100.0,11086.03,33309.97,5.0,0.0,20839.559999999998,REP-006,Abdullah Nasr,2024,0.8447761174636175,-11946.029999999999,0.14567713534822602,13002.794,-0.0,0.0,0.320539724000857,0.5123509608781005,-0.6260844599527898,420898.05000000005,294756.8,1.427950262725067,1.2875581415835655,Near Target (80-99%),6.0,39.0,70223.86,0.0,0.0,70223.86,CP2024,115440.0,T1 Approaching,0.005,70223.86,351.1193,0,0.005400674655001071,3 80-99%
14,202405,20240501,1,70,0,Egypt Enterprise,EG,ENT,76960.0,156409.06,156409.06,0.0,182700.0,26290.94,69012.06,12.0,20010.8,72379.44,REP-006,Abdullah Nasr,2024,2.0323422557172557,79449.06,0.14390224411603722,13034.088333333333,-0.0,0.12793888026691036,0.46275733643562594,0.44122802093433716,1.4057761739515369,577307.11,371716.8,1.5530831805288328,1.712129417879418,Exceeding (>=120%),1.0,5.0,174503.91999999998,0.0,0.0,174503.91999999998,CP2024,115440.0,T3 Accelerator,0.015,115440.0,1731.6,1,0.011070969929747036,6 150%+
14,202406,20240601,1,71,0,Egypt Enterprise,EG,ENT,80038.4,51486.78,57763.74,-6276.96,66200.0,8436.26,26201.78,5.0,10529.52,28549.62,REP-006,Abdullah Nasr,2024,0.6432759775307852,-28551.619999999995,0.12743595166163144,11552.748,0.1086660939890665,0.18228598079002503,0.49424812174557947,0.5089030621064281,-0.6708197082700964,628793.89,451755.2,1.3918907629618873,1.1664886150700293,Below Target (<80%),7.0,56.0,64901.145,-6276.96,0.0,58624.185,CP2024,120057.59999999999,T0 Below Gate,0.0,58624.185,0.0,0,0.0,2 60-79%
14,202407,20240701,1,72,0,Egypt Enterprise,EG,ENT,73112.0,218872.55,218872.55,0.0,254100.0,35227.45,114942.55,14.0,53682.87,71453.7,REP-006,Abdullah Nasr,2024,2.993661095305832,145760.55,0.13863616686343957,15633.753571428571,-0.0,0.2452699984534379,0.32646259204272077,0.525157448935465,3.2510436659662925,847666.44,524867.2,1.6150112638015863,1.8546245193611413,Exceeding (>=120%),1.0,2.0,236735.975,0.0,0.0,236735.975,CP2024,109668.0,T3 Accelerator,0.015,109668.0,1645.02,1,0.00751588081739807,6 150%+
14,202408,20240801,1,73,0,Egypt Enterprise,EG,ENT,70803.2,62386.96,62386.96,0.0,72300.0,9913.04,32971.96,4.0,17820.9,18244.8,REP-006,Abdullah Nasr,2024,0.8811319262406219,-8416.239999999998,0.13710982019363763,15596.74,-0.0,0.28565103989679896,0.292445729043377,0.5285072393333479,-0.714962154916183,910053.4,595670.4,1.5277801280708256,1.4857822781147523,Near Target (80-99%),4.0,30.0,66948.16,0.0,0.0,66948.16,CP2024,106204.79999999999,T1 Approaching,0.005,66948.16,334.74080000000004,0,0.005365557161304222,3 80-99%
14,202409,20240901,1,74,0,Egypt Enterprise,EG,ENT,76960.0,93295.72,93295.72,0.0,109300.0,16004.279999999999,37344.72,6.0,0.0,28280.399999999998,REP-006,Abdullah Nasr,2024,1.2122624740124741,16335.720000000001,0.14642525160109787,15549.286666666667,-0.0,0.0,0.30312644567189145,0.4002833141756128,0.49543622577538643,1003349.12,672630.4,1.4916797099863461,1.6957776608691242,Exceeding (>=120%),5.0,26.0,100365.81999999999,0.0,0.0,100365.81999999999,CP2024,115440.0,T3 Accelerator,0.015,100365.81999999999,1505.4872999999998,0,0.01613672417126959,5 120-149%
14,202410,20241001,1,75,0,Egypt Enterprise,EG,ENT,80038.4,206381.28,206381.28,0.0,240850.0,34468.72,85313.78,13.0,6783.82,90759.0,REP-006,Abdullah Nasr,2024,2.578528306412922,126342.88,0.14311280880215901,15875.483076923078,-0.0,0.03287032622338615,0.43976372275625,0.4133794499191012,1.2121194841521132,1209730.4,752668.8,1.6072546118558386,1.5893828664943528,Exceeding (>=120%),1.0,2.0,229071.03,0.0,0.0,229071.03,CP2024,120057.59999999999,T3 Accelerator,0.015,120057.59999999999,1800.8639999999998,1,0.008725907698605222,6 150%+
14,202411,20241101,1,76,0,Egypt Enterprise,EG,ENT,83116.8,141677.8,141677.8,0.0,165750.0,24072.2,65050.299999999996,10.0,0.0,44002.92,REP-006,Abdullah Nasr,2024,1.7045627358127355,58560.999999999985,0.14523197586727,14167.779999999999,-0.0,0.0,0.31058443877587033,0.45914250503607484,-0.3135142877299725,1351408.2,835785.6,1.6169316628570771,1.8380960472306622,Exceeding (>=120%),1.0,9.0,152678.53,0.0,0.0,152678.53,CP2024,124675.20000000001,T3 Accelerator,0.015,124675.20000000001,1870.1280000000002,1,0.013199866175222938,6 150%+
14,202412,20241201,1,77,0,Egypt Enterprise,EG,ENT,87734.4,158930.67,164120.07,-5189.4,192800.0,28679.93,75127.67,9.0,13408.58,90018.6,REP-006,Abdullah Nasr,2024,1.8114977705438235,71196.27000000002,0.1487548236514523,18235.563333333335,0.031619533186891764,0.08169981891916082,0.5484923324734141,0.47270718735408335,0.12177539459251926,1510338.87,923520.0,1.6354154430873182,2.0207682980880834,Exceeding (>=120%),2.0,7.0,186624.72,-5189.4,0.0,181435.32,CP2024,131601.59999999998,T3 Accelerator,0.015,131601.59999999998,1974.0239999999997,1,0.012420661159988815,6 150%+
14,202501,20250101,1,78,0,Egypt Enterprise,EG,ENT,77883.52,195826.47,195826.47,0.0,229200.0,33373.53,96711.47,11.0,48426.06,103996.38,REP-006,Abdullah Nasr,2025,2.514350532692924,117942.95,0.14560876963350786,17802.406363636364,-0.0,0.24729067525958057,0.5310639567776512,0.49386311258125626,0.23215028288750048,195826.47,77883.52,2.514350532692924,1.9958409505516557,Exceeding (>=120%),1.0,1.0,221825.565,0.0,0.0,221825.565,CP2025,116825.28,T3 Accelerator,0.015,116825.28,1752.3791999999999,1,0.008948632940174022,6 150%+
14,202502,20250201,1,79,0,Egypt Enterprise,EG,ENT,84078.8,95149.26,95149.26,0.0,108500.0,13350.74,46454.259999999995,7.0,0.0,27672.54,REP-006,Abdullah Nasr,2025,1.1316676736585203,11070.459999999992,0.12304829493087557,13592.751428571428,-0.0,0.0,0.29083295025100564,0.4882251317561482,-0.5141144095586261,290975.73,161962.32,1.7965643490411842,1.8018114134618992,On Target (100-119%),4.0,26.0,102067.395,0.0,0.0,102067.395,CP2025,126118.20000000001,T2 On Target,0.01,102067.395,1020.6739500000001,0,0.010727082375627516,4 100-119%
14,202503,20250301,1,80,0,Egypt Enterprise,EG,ENT,88504.0,84813.72,101450.88,-16637.16,118000.0,16549.12,51653.72,8.0,23904.809999999998,61592.76,REP-006,Abdullah Nasr,2025,0.9583038054777185,-3690.279999999999,0.14024677966101695,12681.36,0.16399226896799712,0.23562940015897346,0.6071190313972634,0.6090255208709157,-0.10862449166709225,375789.45,250466.32,1.5003592099728218,1.5003592099728218,Near Target (80-99%),3.0,22.0,116849.06999999999,-17271.809999999998,0.0,99577.26,CP2025,132756.0,T1 Approaching,0.005,99577.26,497.8863,0,0.005870350929071381,3 80-99%
14,202504,20250401,1,81,0,Egypt Enterprise,EG,ENT,88504.0,137172.78,140321.34,-3148.56,164600.0,24278.66,64972.78,8.0,22173.120000000003,39434.7,REP-006,Abdullah Nasr,2025,1.549904863057037,48668.78,0.14750097205346294,17540.1675,0.02243821217784836,0.15801673501692617,0.2810313812567639,0.4736565082372756,0.6173418640286029,512962.23,338970.32,1.5132954118224864,1.2146755791560508,Exceeding (>=120%),1.0,11.0,150180.015,-3148.56,0.0,147031.45500000002,CP2025,132756.0,T3 Accelerator,0.015,132756.0,1991.34,1,0.014517020067683982,6 150%+
14,202505,20250501,1,82,0,Egypt Enterprise,EG,ENT,88504.0,178206.1,207188.53,-28982.43,240600.0,33411.47,87751.1,17.0,38742.630000000005,103429.26000000001,REP-006,Abdullah Nasr,2025,2.0135372412546326,89702.1,0.13886729010806317,12187.560588235294,0.13988433626127855,0.18699215637081842,0.4992035997359507,0.49241355935627346,0.29913602392544647,691168.33,427474.32,1.6168651487649597,1.5072486365964626,Exceeding (>=120%),1.0,2.0,233045.845,-30682.364999999998,0.0,202363.48,CP2025,132756.0,T3 Accelerator,0.015,132756.0,1991.34,1,0.011174364962815526,6 150%+
14,202506,20250601,1,83,0,Egypt Enterprise,EG,ENT,92044.16,146914.71,146914.71,0.0,170450.0,23535.29,75653.21,13.0,15768.36,99142.5,REP-006,Abdullah Nasr,2025,1.5961328779577106,54870.54999999999,0.1380773833968906,11301.131538461537,-0.0,0.10733002842261337,0.6748303148132683,0.5149464611133903,-0.17559101512237804,838083.04,519518.48,1.6131919696100128,1.718230360982792,Exceeding (>=120%),2.0,9.0,171700.335,0.0,0.0,171700.335,CP2025,138066.24,T3 Accelerator,0.015,138066.24,2070.9936,1,0.014096570724606133,6 150%+
14,202507,20250701,1,84,0,Egypt Enterprise,EG,ENT,84078.8,67830.39,67830.39,0.0,78400.0,10569.61,30250.39,5.0,11049.6,32593.86,REP-006,Abdullah Nasr,2025,0.8067478365533285,-16248.410000000003,0.13481645408163265,13566.078,-0.0,0.16290043445128358,0.480520014701375,0.4459710463112478,-0.5383008958054643,905913.4299999999,603597.28,1.500857376295665,1.4849250431626464,Near Target (80-99%),6.0,39.0,75978.855,0.0,0.0,75978.855,CP2025,126118.20000000001,T0 Below Gate,0.0,75978.855,0.0,0,0.0,3 80-99%
14,202508,20250801,1,85,0,Egypt Enterprise,EG,ENT,81423.68,124651.08,124651.08,0.0,145000.0,20348.92,60811.08,11.0,29700.24,62159.94,REP-006,Abdullah Nasr,2025,1.5308946979551896,43227.40000000001,0.14033737931034482,11331.916363636365,-0.0,0.23826700899823733,0.49867149165494595,0.4878504061095981,0.8376877974606958,1030564.51,685020.96,1.504427703934782,1.3178047284950016,Exceeding (>=120%),1.0,2.0,140191.065,0.0,0.0,140191.065,CP2025,122135.51999999999,T3 Accelerator,0.015,122135.51999999999,1832.0327999999997,1,0.014697287821332953,6 150%+
14,202509,20250901,1,86,0,Egypt Enterprise,EG,ENT,88504.0,80548.7,80548.7,0.0,93450.0,12901.3,40011.2,8.0,17959.68,43129.32,REP-006,Abdullah Nasr,2025,0.9101136671788845,-7955.300000000003,0.13805564472980203,10068.5875,-0.0,0.22296672696145314,0.5354440233051557,0.49673303231461213,-0.3538066417073964,1111113.21,773524.96,1.4364283862281575,1.0748945066283349,Near Target (80-99%),5.0,35.0,91331.03,0.0,0.0,91331.03,CP2025,132756.0,T1 Approaching,0.005,91331.03,456.65515,0,0.005669305029131445,3 80-99%
14,202510,20251001,1,87,0,Egypt Enterprise,EG,ENT,92044.16,88979.49,96165.20999999999,-7185.719999999999,112900.0,16734.79,46249.49,9.0,39654.03,60719.22,REP-006,Abdullah Nasr,2025,0.9667043514765087,-3064.6699999999983,0.14822666076173605,10685.023333333333,0.07472265697750777,0.41235317845195785,0.6314052660000431,0.5197769733227285,0.10466699028041432,1200092.7,865569.12,1.3864781821236876,1.1229423360923065,Near Target (80-99%),3.0,33.0,111345.015,-7185.719999999999,0.0,104159.295,CP2025,138066.24,T1 Approaching,0.005,104159.295,520.796475,0,0.005852994605835569,3 80-99%
14,202511,20251101,1,88,0,Egypt Enterprise,EG,ENT,95584.32,223845.21,223845.21,0.0,260700.0,36854.79,105405.20999999999,17.0,73484.82,102379.56,REP-006,Abdullah Nasr,2025,2.3418611964807616,128260.88999999998,0.14136858457997697,13167.365294117646,-0.0,0.3282840852390811,0.4573676604471456,0.47088436692480484,1.515694459475998,1423937.91,961153.4400000001,1.4814886476398605,1.4245821426005372,Exceeding (>=120%),1.0,1.0,249440.1,0.0,0.0,249440.1,CP2025,143376.48,T3 Accelerator,0.015,143376.48,2150.6472,1,0.00960774277903914,6 150%+
14,202512,20251201,1,89,0,Egypt Enterprise,EG,ENT,100894.56,118735.01,118735.01,0.0,139300.0,20564.99,49111.01,9.0,43359.39,44615.46,REP-006,Abdullah Nasr,2025,1.1768227147231725,17840.449999999997,0.14763094041636757,13192.778888888888,-0.0,0.3651778022337304,0.3757565691871336,0.4136186117304408,-0.4695664472784564,1542672.92,1062048.0,1.4525453840127753,1.4957547584414745,On Target (100-119%),2.0,30.0,129888.875,0.0,0.0,129888.875,CP2025,151341.84,T2 On Target,0.01,129888.875,1298.88875,0,0.010939391422967836,4 100-119%
15,202401,20240101,1,6,0,Egypt Enterprise,EG,ENT,67724.8,122870.37000000001,122870.37000000001,0.0,140550.0,17679.63,61647.87,7.0,57303.780000000006,79203.06,REP-007,Hamad Al-Ketbi,2024,1.8142596212908713,55145.57000000001,0.1257889007470651,17552.91,-0.0,0.466375904947629,0.6446066696144888,0.5017309706156171,,122870.37000000001,67724.8,1.8142596212908713,1.8142596212908713,Exceeding (>=120%),2.0,5.0,142671.135,0.0,0.0,142671.135,CP2024,101587.20000000001,T3 Accelerator,0.015,101587.20000000001,1523.8080000000002,1,0.012401753164737765,6 150%+
15,202402,20240201,1,7,0,Egypt Enterprise,EG,ENT,73112.0,68962.15,68962.15,0.0,78100.0,9137.85,32116.15,8.0,12148.83,27270.96,REP-007,Hamad Al-Ketbi,2024,0.9432398238319291,-4149.850000000006,0.11700192061459667,8620.26875,-0.0,0.17616663633601912,0.3954482277597204,0.4657069131400341,-0.43874060117178787,191832.52000000002,140836.8,1.3620908739761202,1.3620908739761202,Near Target (80-99%),5.0,40.0,75779.89,0.0,0.0,75779.89,CP2024,109668.0,T1 Approaching,0.005,75779.89,378.89945,0,0.005494310284699651,3 80-99%
15,202403,20240301,1,8,0,Egypt Enterprise,EG,ENT,76960.0,82246.78,82246.78,0.0,92100.0,9853.22,44255.78,8.0,10810.44,36247.74,REP-007,Hamad Al-Ketbi,2024,1.0686951663201663,5286.779999999999,0.10698393051031486,10280.8475,-0.0,0.1314390666722758,0.440719259769197,0.5380852599943731,0.19263654047908899,274079.3,217796.8,1.2584174790446876,1.2584174790446876,On Target (100-119%),6.0,27.0,91308.715,0.0,0.0,91308.715,CP2024,115440.0,T2 On Target,0.01,91308.715,913.08715,0,0.011101798149422993,4 100-119%
15,202404,20240401,1,9,0,Egypt Enterprise,EG,ENT,76960.0,44624.52,44624.52,0.0,50400.0,5775.48,22724.52,3.0,22065.960000000003,34504.619999999995,REP-007,Hamad Al-Ketbi,2024,0.5798404365904366,-32335.480000000003,0.11459285714285714,14874.839999999998,-0.0,0.49448061290071027,0.7732210901092045,0.5092384186989575,-0.4574314033935432,318703.82,294756.8,1.0812433165239954,0.8625808256104867,Below Target (<80%),9.0,51.0,53250.675,0.0,0.0,53250.675,CP2024,115440.0,T0 Below Gate,0.0,53250.675,0.0,0,0.0,1 <60%
15,202405,20240501,1,10,0,Egypt Enterprise,EG,ENT,76960.0,47163.42,47163.42,0.0,52200.0,5036.58,24423.42,3.0,0.0,13312.2,REP-007,Hamad Al-Ketbi,2024,0.6128303014553015,-29796.58,0.09648620689655173,15721.14,-0.0,0.0,0.28225688467884646,0.5178466701524189,0.056894729623982544,365867.24,371716.8,0.984263396219918,0.7537886347886348,Below Target (<80%),7.0,54.0,50491.47,0.0,0.0,50491.47,CP2024,115440.0,T0 Below Gate,0.0,50491.47,0.0,0,0.0,2 60-79%
15,202406,20240601,1,11,0,Egypt Enterprise,EG,ENT,80038.4,41060.69,41060.69,0.0,46300.0,5239.31,14730.69,4.0,6484.95,13803.900000000001,REP-007,Hamad Al-Ketbi,2024,0.5130123790580522,-38977.70999999999,0.11316004319654428,10265.1725,-0.0,0.157935728795595,0.3361828551833883,0.3587540784141718,-0.1293954085602782,406927.93,451755.2,0.9007708821060609,0.5678301356138526,Below Target (<80%),9.0,60.0,44511.665,0.0,0.0,44511.665,CP2024,120057.59999999999,T0 Below Gate,0.0,44511.665,0.0,0,0.0,1 <60%
15,202407,20240701,1,12,0,Egypt Enterprise,EG,ENT,73112.0,59481.72,59481.72,0.0,66700.0,7218.280000000001,28506.72,6.0,4291.68,20719.26,REP-007,Hamad Al-Ketbi,2024,0.8135698654119707,-13630.279999999999,0.1082200899550225,9913.62,-0.0,0.07215124243212873,0.3483298734468337,0.47925177684841663,0.448629333798336,466409.65,524867.2,0.8886241129184679,0.6418911531160695,Near Target (80-99%),4.0,36.0,64661.535,0.0,0.0,64661.535,CP2024,109668.0,T1 Approaching,0.005,64661.535,323.307675,0,0.005435412341808542,3 80-99%
15,202408,20240801,1,13,0,Egypt Enterprise,EG,ENT,70803.2,37630.96,37630.96,0.0,42800.0,5169.04,17750.96,4.0,25248.28,10491.6,REP-007,Hamad Al-Ketbi,2024,0.5314867124649734,-33172.24,0.12077196261682242,9407.74,-0.0,0.6709443500777019,0.2788023478540011,0.4717115906689598,-0.3673525244394413,504040.61,595670.4,0.8461736725544865,0.6169732033778426,Below Target (<80%),7.0,53.0,40253.86,0.0,0.0,40253.86,CP2024,106204.79999999999,T0 Below Gate,0.0,40253.86,0.0,0,0.0,1 <60%
15,202409,20240901,1,14,0,Egypt Enterprise,EG,ENT,76960.0,72026.01,72026.01,0.0,81050.0,9023.99,31183.510000000002,9.0,13385.92,26698.02,REP-007,Hamad Al-Ketbi,2024,0.9358889033264033,-4933.990000000005,0.11133855644663787,8002.889999999999,-0.0,0.18584841781462003,0.3706719280993075,0.43294790312555154,0.9140093688813677,576066.62,672630.4,0.8564385731004723,0.7657658714061153,Near Target (80-99%),6.0,33.0,78700.515,0.0,0.0,78700.515,CP2024,115440.0,T1 Approaching,0.005,78700.515,393.502575,0,0.005463339910124134,3 80-99%
15,202410,20241001,1,15,0,Egypt Enterprise,EG,ENT,80038.4,62520.020000000004,74333.36,-11813.34,83600.0,9266.64,36430.02,6.0,11943.119999999999,28096.32,REP-007,Hamad Al-Ketbi,2024,0.7811253098512715,-17518.37999999999,0.11084497607655501,12388.893333333333,0.15892379948921992,0.16066971814539258,0.37797726350591443,0.5826936715631248,-0.1319799611279313,638586.64,752668.8,0.8484298007304142,0.7558199327836151,Below Target (<80%),7.0,43.0,81357.44,-11813.34,0.0,69544.1,CP2024,120057.59999999999,T0 Below Gate,0.0,69544.1,0.0,0,0.0,2 60-79%
15,202411,20241101,1,16,0,Egypt Enterprise,EG,ENT,83116.8,23562.0,23562.0,0.0,26700.0,3138.0,10572.0,2.0,7837.32,15323.16,REP-007,Hamad Al-Ketbi,2024,0.283480595980596,-59554.8,0.11752808988764045,11781.0,-0.0,0.3326254138018844,0.6503335879806468,0.44868856633562515,-0.623128719408599,662148.64,835785.6,0.792247006887891,0.6584673939842208,Below Target (<80%),9.0,65.0,27392.79,0.0,0.0,27392.79,CP2024,124675.20000000001,T0 Below Gate,0.0,27392.79,0.0,0,0.0,1 <60%
15,202412,20241201,1,17,0,Egypt Enterprise,EG,ENT,87734.4,61120.56,61120.56,0.0,69600.0,8479.44,31600.56,3.0,0.0,54669.84,REP-007,Hamad Al-Ketbi,2024,0.6966544479702375,-26613.839999999997,0.12183103448275863,20373.52,-0.0,0.0,0.8944590821811842,0.5170201320144973,1.5940310669722433,723269.2,923520.0,0.7831657137907138,0.5867225265614837,Below Target (<80%),5.0,57.0,74788.02,0.0,0.0,74788.02,CP2024,131601.59999999998,T0 Below Gate,0.0,74788.02,0.0,0,0.0,2 60-79%
15,202501,20250101,1,18,0,Egypt Enterprise,EG,ENT,77883.52,78583.13,78583.13,0.0,87700.0,9116.869999999999,35178.13,8.0,0.0,23702.82,REP-007,Hamad Al-Ketbi,2025,1.0089827732490777,699.6100000000006,0.1039551881413911,9822.89125,-0.0,0.0,0.30162733400922054,0.4476549865091909,0.2857069699623172,78583.13,77883.52,1.0089827732490777,0.6563848022503653,On Target (100-119%),5.0,25.0,84508.83499999999,0.0,0.0,84508.83499999999,CP2025,116825.28,T2 On Target,0.01,84508.83499999999,845.08835,0,0.010754068335023051,4 100-119%
15,202502,20250201,1,19,0,Egypt Enterprise,EG,ENT,84078.8,46864.84,46864.84,0.0,53000.0,6135.16,20248.84,5.0,16638.08,28190.28,REP-007,Hamad Al-Ketbi,2025,0.5573918752408454,-37213.96000000001,0.1157577358490566,9372.967999999999,-0.0,0.3550226566440855,0.6015230181090985,0.4320689028277916,-0.4036272161722243,125447.97,161962.32,0.774550339856826,0.7471805396562679,Below Target (<80%),6.0,53.0,53912.41,0.0,0.0,53912.41,CP2025,126118.20000000001,T0 Below Gate,0.0,53912.41,0.0,0,0.0,1 <60%
15,202503,20250301,1,20,0,Egypt Enterprise,EG,ENT,88504.0,62718.86,62718.86,0.0,71000.0,8281.14,27038.86,6.0,8219.04,12218.1,REP-007,Hamad Al-Ketbi,2025,0.7086556539817409,-25785.14,0.11663577464788731,10453.143333333333,-0.0,0.13104574923715132,0.19480743112996635,0.43111210886167256,0.3382924170870957,188166.83000000002,250466.32,0.7512659985582094,0.7512659985582094,Below Target (<80%),4.0,33.0,65773.385,0.0,0.0,65773.385,CP2025,132756.0,T0 Below Gate,0.0,65773.385,0.0,0,0.0,2 60-79%
15,202504,20250401,1,21,0,Egypt Enterprise,EG,ENT,88504.0,35765.29,35765.29,0.0,40650.0,4884.71,17412.79,3.0,11114.5,10923.9,REP-007,Hamad Al-Ketbi,2025,0.40410930579408844,-52738.71,0.12016506765067651,11921.763333333334,-0.0,0.3107621942950833,0.30543300501687526,0.486862821467406,-0.4297522308281751,223932.12,338970.32,0.6606245644161411,0.55670753940835,Below Target (<80%),4.0,58.0,38496.265,0.0,0.0,38496.265,CP2025,132756.0,T0 Below Gate,0.0,38496.265,0.0,0,0.0,1 <60%
15,202505,20250501,1,22,0,Egypt Enterprise,EG,ENT,88504.0,45192.16,54319.68,-9127.52,61400.0,7080.32,21172.16,5.0,0.0,31082.34,REP-007,Hamad Al-Ketbi,2025,0.5106227967097533,-43311.84,0.11531465798045602,10863.936,0.16803339047652713,0.0,0.5722113974161851,0.4684918800075057,0.26357594192581696,269124.28,427474.32,0.6295682978102638,0.5411292521618608,Below Target (<80%),7.0,63.0,62090.265,-11225.96,0.0,50864.305,CP2025,132756.0,T0 Below Gate,0.0,50864.305,0.0,0,0.0,1 <60%
15,202506,20250601,1,23,0,Egypt Enterprise,EG,ENT,92044.16,50397.08,50397.08,0.0,56600.0,6202.92,25157.08,6.0,10307.96,31623.36,REP-007,Hamad Al-Ketbi,2025,0.5475315326903956,-41647.08,0.1095922261484099,8399.513333333334,-0.0,0.20453486590889788,0.6274839732778169,0.49917733328994457,0.11517307426774905,319521.36,519518.48,0.6150336750292309,0.4882121370071884,Below Target (<80%),8.0,65.0,58302.92,0.0,0.0,58302.92,CP2025,138066.24,T0 Below Gate,0.0,58302.92,0.0,0,0.0,1 <60%
15,202507,20250701,1,24,0,Egypt Enterprise,EG,ENT,84078.8,57572.46,57572.46,0.0,64800.0,7227.54,23852.46,4.0,0.0,30543.12,REP-007,Hamad Al-Ketbi,2025,0.6847440734168423,-26506.340000000004,0.11153611111111111,14393.115,-0.0,0.0,0.5305161530356701,0.41430329709725794,0.1423768996140252,377093.82,603597.28,0.6247440677665081,0.5787834315898879,Below Target (<80%),8.0,47.0,65208.24,0.0,0.0,65208.24,CP2025,126118.20000000001,T0 Below Gate,0.0,65208.24,0.0,0,0.0,2 60-79%
15,202508,20250801,1,25,0,Egypt Enterprise,EG,ENT,81423.68,15548.16,15548.16,0.0,17300.0,1751.8400000000001,5898.16,1.0,0.0,4247.04,REP-007,Hamad Al-Ketbi,2025,0.19095378641692443,-65875.51999999999,0.10126242774566475,15548.16,-0.0,0.0,0.27315386515188933,0.3793477813451881,-0.7299375430544396,392641.98,685020.96,0.5731824322572553,0.4795935213909216,Below Target (<80%),7.0,74.0,16609.92,0.0,0.0,16609.92,CP2025,122135.51999999999,T0 Below Gate,0.0,16609.92,0.0,0,0.0,1 <60%
15,202509,20250901,1,26,0,Egypt Enterprise,EG,ENT,88504.0,102161.24,102161.24,0.0,115100.0,12938.76,53481.24,9.0,16817.34,59282.52,REP-007,Hamad Al-Ketbi,2025,1.1543121214860346,13657.240000000005,0.11241320590790617,11351.24888888889,-0.0,0.16461566049903073,0.5802838728269155,0.523498344381881,5.57063215197168,494803.22000000003,773524.96,0.6396732433818296,0.6900684580960297,On Target (100-119%),3.0,23.0,116981.87,0.0,0.0,116981.87,CP2025,132756.0,T2 On Target,0.01,116981.87,1169.8187,0,0.011450709682067288,4 100-119%
15,202510,20251001,1,27,0,Egypt Enterprise,EG,ENT,92044.16,34537.86,45458.34,-10920.48,51200.0,5741.66,18637.86,5.0,29166.1,12297.0,REP-007,Hamad Al-Ketbi,2025,0.37523141066201265,-57506.3,0.11214179687499999,9091.668,0.24023050555739608,0.6416006391786414,0.27051141770684983,0.539635634633993,-0.6619279484078306,529341.0800000001,865569.12,0.6115526394934238,0.5811588757020603,Below Target (<80%),7.0,71.0,48532.59,-13118.880000000001,0.0,35413.70999999999,CP2025,138066.24,T0 Below Gate,0.0,35413.70999999999,0.0,0,0.0,1 <60%
15,202511,20251101,1,28,0,Egypt Enterprise,EG,ENT,95584.32,0.0,0.0,0.0,0.0,0.0,0.0,0.0,0.0,0.0,REP-007,Hamad Al-Ketbi,2025,0.0,-95584.32,,,,,,,-1.0,529341.0800000001,961153.4400000001,0.5507352499305418,0.4950489706969641,Below Target (<80%),9.0,78.0,0.0,0.0,0.0,0.0,CP2025,143376.48,T0 Below Gate,0.0,0.0,0.0,0,,1 <60%
15,202512,20251201,1,29,0,Egypt Enterprise,EG,ENT,100894.56,27078.18,27078.18,0.0,30600.0,3521.82,14778.18,2.0,0.0,21650.22,REP-007,Hamad Al-Ketbi,2025,0.26838097118417487,-73816.38,0.1150921568627451,13539.09,-0.0,0.0,0.799544873399911,0.5457597224037952,,556419.26,1062048.0,0.5239115934496369,0.21355674056394247,Below Target (<80%),8.0,76.0,32490.735,0.0,0.0,32490.735,CP2025,151341.84,T0 Below Gate,0.0,32490.735,0.0,0,0.0,1 <60%
16,202401,20240101,1,19,0,Egypt Enterprise,EG,ENT,67724.8,36295.979999999996,36295.979999999996,0.0,39600.0,3304.02,19615.98,3.0,0.0,22909.02,REP-008,Laila Gamal,2024,0.5359333656208656,-31428.820000000007,0.08343484848484849,12098.659999999998,-0.0,0.0,0.6311723777674553,0.5404449748980467,,36295.979999999996,67724.8,0.5359333656208656,0.5359333656208656,Below Target (<80%),6.0,48.0,42023.235,0.0,0.0,42023.235,CP2024,101587.20000000001,T0 Below Gate,0.0,42023.235,0.0,0,0.0,1 <60%
16,202402,20240201,1,20,0,Egypt Enterprise,EG,ENT,73112.0,65343.369999999995,65343.369999999995,0.0,70900.0,5556.63,34808.37,6.0,0.0,30375.42,REP-008,Laila Gamal,2024,0.8937434347302767,-7768.630000000005,0.07837277856135402,10890.561666666666,-0.0,0.0,0.46485848526024903,0.5326993388923774,0.8002922086688389,101639.34999999999,140836.8,0.7216817621530737,0.7216817621530737,Near Target (80-99%),6.0,43.0,72937.225,0.0,0.0,72937.225,CP2024,109668.0,T1 Approaching,0.005,72937.225,364.68612500000006,0,0.005581073106575313,3 80-99%
16,202403,20240301,1,21,0,Egypt Enterprise,EG,ENT,76960.0,67147.73999999999,67147.73999999999,0.0,75050.0,7902.26,32890.240000000005,5.0,21218.55,45981.0,REP-008,Laila Gamal,2024,0.872501819126819,-9812.26000000001,0.10529327115256495,13429.547999999999,-0.0,0.31599797699818344,0.6847736051876058,0.4898190169914879,0.02761366608425607,168787.08999999997,217796.8,0.7749750685042204,0.7749750685042204,Near Target (80-99%),8.0,41.0,78642.99,0.0,0.0,78642.99,CP2024,115440.0,T1 Approaching,0.005,78642.99,393.21495000000004,0,0.005855967006484508,3 80-99%
16,202404,20240401,1,22,0,Egypt Enterprise,EG,ENT,76960.0,80943.95,80943.95,0.0,88350.0,7406.05,35151.45,7.0,0.0,23248.44,REP-008,Laila Gamal,2024,1.0517665020790021,3983.949999999997,0.08382625919637804,11563.421428571428,-0.0,0.0,0.28721652452098023,0.43426902195902223,0.20546052629619416,249731.03999999998,294756.8,0.8472443723096464,0.9401100285422319,On Target (100-119%),2.0,27.0,86756.06,0.0,0.0,86756.06,CP2024,115440.0,T2 On Target,0.01,86756.06,867.5606,0,0.010718041311302452,4 100-119%
16,202405,20240501,1,23,0,Egypt Enterprise,EG,ENT,76960.0,49926.49,49926.49,0.0,54900.0,4973.51,20081.49,5.0,8658.96,11623.44,REP-008,Laila Gamal,2024,0.6487329781704781,-27033.510000000002,0.09059216757741348,9985.297999999999,-0.0,0.17343418293575213,0.23281107884812252,0.4022211455281555,-0.3831967676398298,299657.52999999997,371716.8,0.8061447047860091,0.8576670997920998,Below Target (<80%),6.0,52.0,52832.35,0.0,0.0,52832.35,CP2024,115440.0,T0 Below Gate,0.0,52832.35,0.0,0,0.0,2 60-79%
16,202406,20240601,1,24,0,Egypt Enterprise,EG,ENT,80038.4,82027.62,82027.62,0.0,90000.0,7972.38,41017.62,6.0,31293.18,36688.68,REP-008,Laila Gamal,2024,1.0248533204062051,1989.2200000000012,0.08858200000000001,13671.269999999999,-0.0,0.3814956474416788,0.4472722724370158,0.5000464477696659,0.6429678913939273,381685.14999999997,451755.2,0.8448937610458053,0.9099825439052411,On Target (100-119%),3.0,40.0,91199.79,0.0,0.0,91199.79,CP2024,120057.59999999999,T2 On Target,0.01,91199.79,911.9979,0,0.01111818068109254,4 100-119%
16,202407,20240701,1,25,0,Egypt Enterprise,EG,ENT,73112.0,7872.63,7872.63,0.0,8850.0,977.37,3095.13,1.0,0.0,0.0,REP-008,Laila Gamal,2024,0.1076790403764088,-65239.37,0.11043728813559323,7872.63,-0.0,0.0,0.0,0.3931507005917972,-0.9040246443819776,389557.77999999997,524867.2,0.742202560952561,0.6076506755018458,Below Target (<80%),9.0,66.0,7872.63,0.0,0.0,7872.63,CP2024,109668.0,T0 Below Gate,0.0,7872.63,0.0,0,0.0,1 <60%
16,202408,20240801,1,26,0,Egypt Enterprise,EG,ENT,70803.2,13673.76,13673.76,0.0,15000.0,1326.24,8093.76,2.0,0.0,2800.8,REP-008,Laila Gamal,2024,0.1931234746452138,-57129.439999999995,0.088416,6836.88,-0.0,0.0,0.2048302734580686,0.5919191210025626,0.7368731923131152,403231.54,595670.4,0.6769373465594395,0.4624797725957519,Below Target (<80%),9.0,65.0,14373.96,0.0,0.0,14373.96,CP2024,106204.79999999999,T0 Below Gate,0.0,14373.96,0.0,0,0.0,1 <60%
16,202409,20240901,1,27,0,Egypt Enterprise,EG,ENT,76960.0,27171.34,27171.34,0.0,30050.0,2878.66,13373.84,2.0,0.0,0.0,REP-008,Laila Gamal,2024,0.35305795218295216,-49788.66,0.09579567387687188,13585.67,-0.0,0.0,0.0,0.49220391780456907,0.987115467874235,430402.87999999995,672630.4,0.6398802076147613,0.22056677254847976,Below Target (<80%),8.0,62.0,27171.34,0.0,0.0,27171.34,CP2024,115440.0,T0 Below Gate,0.0,27171.34,0.0,0,0.0,1 <60%
16,202410,20241001,1,28,0,Egypt Enterprise,EG,ENT,80038.4,31830.06,44754.12,-12924.060000000001,49800.0,5045.88,15960.06,4.0,0.0,17479.2,REP-008,Laila Gamal,2024,0.3976848612665921,-48208.34,0.10132289156626506,11188.53,0.28877922300784825,0.0,0.39056069027834756,0.501414700443543,0.1714571309328138,462232.93999999994,752668.8,0.6141252832587187,0.319028312356015,Below Target (<80%),9.0,59.0,49123.92,0.0,-12924.060000000001,49123.92,CP2024,120057.59999999999,T0 Below Gate,0.0,49123.92,0.0,0,0.0,1 <60%
16,202411,20241101,1,29,0,Egypt Enterprise,EG,ENT,83116.8,96766.63,96766.63,0.0,107400.0,10633.369999999999,51641.63,9.0,38312.5,32091.9,REP-008,Laila Gamal,2024,1.1642246814121815,13649.830000000002,0.09900716945996274,10751.847777777779,-0.0,0.39592677765051854,0.3316422200504451,0.5336718866824234,2.0401020293395615,558999.57,835785.6,0.6688313007546433,0.6487220717388986,On Target (100-119%),4.0,27.0,104789.605,0.0,0.0,104789.605,CP2024,124675.20000000001,T2 On Target,0.01,104789.605,1047.89605,0,0.010829105550126113,4 100-119%
16,202412,20241201,1,30,0,Egypt Enterprise,EG,ENT,87734.4,71296.9,71296.9,0.0,78000.0,6703.1,36438.9,8.0,4142.7,34818.06,REP-008,Laila Gamal,2024,0.8126447550789656,-16437.5,0.0859371794871795,8912.1125,-0.0,0.05810491059218564,0.48835307004932893,0.5110867372915232,-0.2632077814428384,630296.47,923520.0,0.6824935789154539,0.7967392430774333,Near Target (80-99%),4.0,48.0,80001.41500000001,0.0,0.0,80001.41500000001,CP2024,131601.59999999998,T1 Approaching,0.005,80001.41500000001,400.00707500000004,0,0.0056104413375616625,3 80-99%
16,202501,20250101,1,31,0,Egypt Enterprise,EG,ENT,77883.52,15425.28,15425.28,0.0,16800.0,1374.72,9185.28,1.0,0.0,11109.6,REP-008,Laila Gamal,2025,0.19805576327315458,-62458.240000000005,0.08182857142857143,15425.28,-0.0,0.0,0.7202203136669156,0.5954692556634305,-0.7836472553505132,15425.28,77883.52,0.19805576327315458,0.737688771394681,Below Target (<80%),8.0,71.0,18202.68,0.0,0.0,18202.68,CP2025,116825.28,T0 Below Gate,0.0,18202.68,0.0,0,0.0,1 <60%
16,202502,20250201,1,32,0,Egypt Enterprise,EG,ENT,84078.8,73690.71,73690.71,0.0,80700.0,7009.29,33550.71,6.0,18383.61,17289.12,REP-008,Laila Gamal,2025,0.876448165292559,-10388.089999999997,0.08685613382899628,12281.785000000002,-0.0,0.2494698449777455,0.2346173622156714,0.4552909043758704,3.777268872915111,89115.99,161962.32,0.5502266823542661,0.6424309057804205,Near Target (80-99%),5.0,37.0,78012.99,0.0,0.0,78012.99,CP2025,126118.20000000001,T1 Approaching,0.005,78012.99,390.06495,0,0.005293271702769589,3 80-99%
16,202503,20250301,1,33,0,Egypt Enterprise,EG,ENT,88504.0,54865.4,54865.4,0.0,61000.0,6134.6,28669.4,4.0,21815.6,50847.42,REP-008,Laila Gamal,2025,0.6199200036156558,-33638.6,0.1005672131147541,13716.35,-0.0,0.3976203581856689,0.9267665960696541,0.5225406175841241,-0.25546381626666376,143981.39,250466.32,0.5748532976409763,0.5748532976409763,Below Target (<80%),5.0,43.0,67577.255,0.0,0.0,67577.255,CP2025,132756.0,T0 Below Gate,0.0,67577.255,0.0,0,0.0,2 60-79%
16,202504,20250401,1,34,0,Egypt Enterprise,EG,ENT,88504.0,93070.70999999999,93070.70999999999,0.0,102000.0,8929.289999999999,49939.71,6.0,0.0,35295.96,REP-008,Laila Gamal,2025,1.0515989107836934,4566.709999999992,0.0875420588235294,15511.784999999998,-0.0,0.0,0.37923810831570964,0.5365781565435571,0.6963461489390397,237052.1,338970.32,0.6993299590359415,0.8488626004838238,On Target (100-119%),2.0,29.0,101894.7,0.0,0.0,101894.7,CP2025,132756.0,T2 On Target,0.01,101894.7,1018.947,0,0.010948095270789274,4 100-119%
16,202505,20250501,1,35,0,Egypt Enterprise,EG,ENT,88504.0,61524.72,61524.72,0.0,69600.0,8075.28,28224.719999999998,5.0,34875.479999999996,21218.4,REP-008,Laila Gamal,2025,0.6951631564675043,-26979.28,0.11602413793103449,12304.944,-0.0,0.5668531283035501,0.3448760108132146,0.45875413979941715,-0.3389464848823007,298576.82,427474.32,0.6984672669927868,0.7888940236222844,Below Target (<80%),5.0,55.0,66829.32,0.0,0.0,66829.32,CP2025,132756.0,T0 Below Gate,0.0,66829.32,0.0,0,0.0,2 60-79%
16,202506,20250601,1,36,0,Egypt Enterprise,EG,ENT,92044.16,38756.02,38756.02,0.0,42200.0,3443.98,22776.02,3.0,0.0,28167.54,REP-008,Laila Gamal,2025,0.4210589786467712,-53288.14000000001,0.08161090047393366,12918.673333333332,-0.0,0.0,0.7267913475119478,0.5876769596052434,-0.37007401252699734,337332.84,519518.48,0.6493182687168318,0.7186392779749472,Below Target (<80%),9.0,72.0,45797.905,0.0,0.0,45797.905,CP2025,138066.24,T0 Below Gate,0.0,45797.905,0.0,0,0.0,1 <60%
16,202507,20250701,1,37,0,Egypt Enterprise,EG,ENT,84078.8,29042.949999999997,39913.75,-10870.8,43900.0,3986.25,11372.95,4.0,5328.6,21222.3,REP-008,Laila Gamal,2025,0.34542536287387543,-55035.850000000006,0.09080296127562643,9978.4375,0.27235727036422286,0.1335028655538505,0.531703986721368,0.39159073028049846,-0.25062093579268463,366375.79,603597.28,0.6069871454689126,0.48870186922753445,Below Target (<80%),9.0,67.0,45219.325,-13588.5,0.0,31630.824999999997,CP2025,126118.20000000001,T0 Below Gate,0.0,31630.824999999997,0.0,0,0.0,1 <60%
16,202508,20250801,1,38,0,Egypt Enterprise,EG,ENT,81423.68,37548.13,37548.13,0.0,41250.0,3701.87,19870.63,3.0,13938.13,16956.72,REP-008,Laila Gamal,2025,0.4611450870311929,-43875.549999999996,0.08974230303030303,12516.043333333333,-0.0,0.3712070348110545,0.4515995869834264,0.5292042506510978,0.29284835046026664,403923.92,685020.96,0.5896519137166255,0.4090408634335124,Below Target (<80%),6.0,62.0,41787.31,0.0,0.0,41787.31,CP2025,122135.51999999999,T0 Below Gate,0.0,41787.31,0.0,0,0.0,1 <60%
16,202509,20250901,1,39,0,Egypt Enterprise,EG,ENT,88504.0,113487.17,113487.17,0.0,124950.0,11462.83,60914.67,8.0,29918.879999999997,83430.23999999999,REP-008,Laila Gamal,2025,1.2822829476633824,24983.17,0.09173933573429371,14185.89625,-0.0,0.2636322678590011,0.7351512950759103,0.5367538022139419,2.022445325506224,517411.08999999997,773524.96,0.6689003157700302,0.7089514015547951,Exceeding (>=120%),2.0,17.0,134344.73,0.0,0.0,134344.73,CP2025,132756.0,T3 Accelerator,0.015,132756.0,1991.34,1,0.01754682930237841,5 120-149%
16,202510,20251001,1,40,0,Egypt Enterprise,EG,ENT,92044.16,63474.4,68803.0,-5328.6,76300.0,7497.0,27504.4,6.0,15389.880000000001,43607.16,REP-008,Laila Gamal,2025,0.6896081185378844,-28569.760000000002,0.09825688073394495,11467.166666666666,0.0774472043370202,0.22368036277487902,0.6337973634870573,0.4333148481907667,-0.44069096092536275,580885.49,865569.12,0.6711023725060802,0.8188273212876621,Below Target (<80%),5.0,51.0,79704.79,-6660.75,0.0,73044.04,CP2025,138066.24,T0 Below Gate,0.0,73044.04,0.0,0,0.0,2 60-79%
16,202511,20251101,1,41,0,Egypt Enterprise,EG,ENT,95584.32,37822.09,54558.08,-16735.989999999998,60400.0,5841.92,14731.59,4.0,13155.599999999999,30782.64,REP-008,Laila Gamal,2025,0.3956934568347611,-57762.23000000001,0.0967205298013245,13639.52,0.3067554796649735,0.24113018639952136,0.5642178023860077,0.3894969844342288,-0.4041363132223385,618707.58,961153.4400000001,0.643713640560866,0.7778283090783091,Below Target (<80%),7.0,71.0,62253.74,-19585.585,0.0,42668.155,CP2025,143376.48,T0 Below Gate,0.0,42668.155,0.0,0,0.0,1 <60%
16,202512,20251201,1,42,0,Egypt Enterprise,EG,ENT,100894.56,30096.879999999997,30096.879999999997,0.0,33400.0,3303.12,14367.88,5.0,6294.24,6812.58,REP-008,Laila Gamal,2025,0.29830032461611405,-70797.68,0.09889580838323353,6019.375999999999,-0.0,0.2091326409913586,0.22635502417526338,0.4773876893551757,-0.20425127220626887,648804.46,1062048.0,0.6108993755461146,0.4553999223077643,Below Target (<80%),7.0,75.0,31800.024999999998,0.0,0.0,31800.024999999998,CP2025,151341.84,T0 Below Gate,0.0,31800.024999999998,0.0,0,0.0,1 <60%
17,202401,20240101,1,29,0,Egypt Enterprise,EG,ENT,67724.8,6867.36,6867.36,0.0,7800.0,932.64,4527.36,1.0,0.0,2629.2,REP-009,Rami Naguib,2024,0.1014009639009639,-60857.44,0.11956923076923076,6867.36,-0.0,0.0,0.38285454672537916,0.6592577060180331,,6867.36,67724.8,0.1014009639009639,0.1014009639009639,Below Target (<80%),8.0,68.0,7524.66,0.0,0.0,7524.66,CP2024,101587.20000000001,T0 Below Gate,0.0,7524.66,0.0,0,0.0,1 <60%
17,202402,20240201,1,30,0,Egypt Enterprise,EG,ENT,73112.0,80812.1,80812.1,0.0,89500.0,8687.9,38010.1,5.0,0.0,16748.94,REP-009,Rami Naguib,2024,1.105319236240289,7700.100000000006,0.09707150837988826,16162.420000000002,-0.0,0.0,0.20725782401397808,0.47035159338762383,10.767564245940218,87679.46,140836.8,0.6225607227656409,0.6225607227656409,On Target (100-119%),4.0,31.0,84999.33499999999,0.0,0.0,84999.33499999999,CP2024,109668.0,T2 On Target,0.01,84999.33499999999,849.99335,0,0.010518144560034944,4 100-119%
17,202403,20240301,1,31,0,Egypt Enterprise,EG,ENT,76960.0,80219.39,80219.39,0.0,88400.0,8180.61,38634.39,5.0,0.0,29586.239999999998,REP-009,Rami Naguib,2024,1.0423517411642411,3259.3899999999994,0.09254083710407239,16043.878,-0.0,0.0,0.36881656666798385,0.4816091221835519,-0.0073344214542129995,167898.85,217796.8,0.7708967716697399,0.7708967716697399,On Target (100-119%),7.0,32.0,87615.95,0.0,0.0,87615.95,CP2024,115440.0,T2 On Target,0.01,87615.95,876.1595,0,0.01092204141666996,4 100-119%
17,202404,20240401,1,32,0,Egypt Enterprise,EG,ENT,76960.0,45887.7,45887.7,0.0,51600.0,5712.3,24647.7,4.0,7701.6,37319.94,REP-009,Rami Naguib,2024,0.5962538981288981,-31072.300000000003,0.11070348837209303,11471.925,-0.0,0.1678358252865147,0.813288528298433,0.537130865133794,-0.42797246401399963,213786.55,294756.8,0.7252981101708256,0.9114098012614962,Below Target (<80%),8.0,50.0,55217.685,0.0,0.0,55217.685,CP2024,115440.0,T0 Below Gate,0.0,55217.685,0.0,0,0.0,1 <60%
17,202405,20240501,1,33,0,Egypt Enterprise,EG,ENT,76960.0,81807.28,81807.28,0.0,91000.0,9192.72,39617.28,6.0,14181.779999999999,35487.06,REP-009,Rami Naguib,2024,1.0629844074844075,4847.279999999999,0.10101890109890109,13634.546666666667,-0.0,0.17335596538596565,0.43378853324545197,0.4842757270502087,0.7827714180488454,295593.83,371716.8,0.7952124574407183,0.9005300155925156,On Target (100-119%),4.0,26.0,90679.045,0.0,0.0,90679.045,CP2024,115440.0,T2 On Target,0.01,90679.045,906.79045,0,0.011084471333113629,4 100-119%
17,202406,20240601,1,34,0,Egypt Enterprise,EG,ENT,80038.4,56056.2,56056.2,0.0,61800.0,5743.8,29416.2,5.0,0.0,27862.38,REP-009,Rami Naguib,2024,0.7003663241644011,-23982.199999999997,0.09294174757281554,11211.24,-0.0,0.0,0.49704368116283304,0.5247626489130551,-0.3147773645572864,351650.03,451755.2,0.778408372499088,0.7854010798500929,Below Target (<80%),6.0,55.0,63021.795,0.0,0.0,63021.795,CP2024,120057.59999999999,T0 Below Gate,0.0,63021.795,0.0,0,0.0,2 60-79%
17,202407,20240701,1,35,0,Egypt Enterprise,EG,ENT,73112.0,49726.48,54095.92,-4369.44,61050.0,6954.08,22718.98,5.0,11242.96,19806.3,REP-009,Rami Naguib,2024,0.6801411532990481,-23385.519999999997,0.1139079443079443,10819.184,0.08077208040828217,0.20783378857407359,0.3661329726899921,0.4568789103914051,-0.11291739361569272,401376.51,524867.2,0.7647201234902848,0.8152172174747424,Below Target (<80%),6.0,44.0,59047.494999999995,-4369.44,0.0,54678.05499999999,CP2024,109668.0,T0 Below Gate,0.0,54678.05499999999,0.0,0,0.0,2 60-79%
17,202408,20240801,1,36,0,Egypt Enterprise,EG,ENT,70803.2,51243.69,65044.11,-13800.42,72750.0,7705.889999999999,27311.19,6.0,16290.72,22013.04,REP-009,Rami Naguib,2024,0.7237482204194161,-19559.509999999995,0.10592288659793814,10840.685,0.21217017190334375,0.25045649790580576,0.3384324883529039,0.5329668882158954,0.03051110796501178,452620.2,595670.4,0.7598500781640316,0.7011558197769537,Below Target (<80%),6.0,38.0,70547.37,-14932.86,0.0,55614.509999999995,CP2024,106204.79999999999,T0 Below Gate,0.0,55614.509999999995,0.0,0,0.0,2 60-79%
17,202409,20240901,1,37,0,Egypt Enterprise,EG,ENT,76960.0,45237.04,45237.04,0.0,50900.0,5662.96,23259.04,5.0,19384.0,34536.240000000005,REP-009,Rami Naguib,2024,0.5877993762993763,-31722.96,0.11125658153241651,9047.408,-0.0,0.42849841634200647,0.7634504821712473,0.5141591934397123,-0.11721735885920787,497857.24,672630.4,0.7401646431680756,0.6619448901461097,Below Target (<80%),7.0,52.0,53871.1,0.0,0.0,53871.1,CP2024,115440.0,T0 Below Gate,0.0,53871.1,0.0,0,0.0,1 <60%
17,202410,20241001,1,38,0,Egypt Enterprise,EG,ENT,80038.4,83070.16,83070.16,0.0,91500.0,8429.84,43400.16,8.0,0.0,26432.34,REP-009,Rami Naguib,2024,1.0378788181672798,3031.7600000000093,0.09212939890710382,10383.77,-0.0,0.0,0.3181929588193883,0.5224518647851407,0.8363305821954753,580927.4,752668.8,0.7718234102436556,0.7881897668848683,On Target (100-119%),5.0,29.0,89678.245,0.0,0.0,89678.245,CP2024,120057.59999999999,T2 On Target,0.01,89678.245,896.7824499999999,0,0.010795482397048469,4 100-119%
17,202411,20241101,1,39,0,Egypt Enterprise,EG,ENT,83116.8,24011.760000000002,24011.760000000002,0.0,27000.0,2988.24,12671.76,2.0,0.0,19739.16,REP-009,Rami Naguib,2024,0.28889177639177643,-59105.04,0.11067555555555554,12005.880000000001,-0.0,0.0,0.8220621895271316,0.5277314116083119,-0.7109460244208028,604939.16,835785.6,0.7237970599158445,0.63435784156938,Below Target (<80%),8.0,64.0,28946.550000000003,0.0,0.0,28946.550000000003,CP2024,124675.20000000001,T0 Below Gate,0.0,28946.550000000003,0.0,0,0.0,1 <60%
17,202412,20241201,1,40,0,Egypt Enterprise,EG,ENT,87734.4,308435.73,317917.05,-9481.32,353000.0,35082.95,153889.73,21.0,30664.949999999997,147484.98,REP-009,Rami Naguib,2024,3.5155620828318197,220701.33,0.09938512747875353,15138.907142857142,0.029823251065018375,0.09645582078721478,0.46391025583560247,0.4989361316861701,11.845194604643723,913374.89,923520.0,0.9890147370928621,1.6561772588421362,Exceeding (>=120%),1.0,1.0,354788.295,0.0,-9481.32,354788.295,CP2024,131601.59999999998,T3 Accelerator,0.015,131601.59999999998,1974.0239999999997,1,0.006400114539259118,6 150%+
17,202501,20250101,1,41,0,Egypt Enterprise,EG,ENT,77883.52,89957.89,89957.89,0.0,101800.0,11842.11,45089.89,7.0,36899.98,38517.24,REP-009,Rami Naguib,2025,1.1550311285365633,12074.369999999995,0.11632721021611002,12851.127142857144,-0.0,0.4101917019174194,0.42816966916409444,0.501233299269247,-0.7083415400673585,89957.89,77883.52,1.1550311285365633,1.698216396971038,On Target (100-119%),4.0,20.0,99587.2,0.0,0.0,99587.2,CP2025,116825.28,T2 On Target,0.01,99587.2,995.872,0,0.011070424172910235,4 100-119%
17,202502,20250201,1,42,0,Egypt Enterprise,EG,ENT,84078.8,38700.479999999996,38700.479999999996,0.0,43500.0,4799.5199999999995,20610.48,3.0,14628.48,12942.24,REP-009,Rami Naguib,2025,0.4602882058259632,-45378.32000000001,0.11033379310344826,12900.159999999998,-0.0,0.37799221094932156,0.3344206583484236,0.5325639371914768,-0.569793377768198,128658.37,161962.32,0.7943722342332463,1.750499966519384,Below Target (<80%),8.0,58.0,41936.04,0.0,0.0,41936.04,CP2025,126118.20000000001,T0 Below Gate,0.0,41936.04,0.0,0,0.0,1 <60%
17,202503,20250301,1,43,0,Egypt Enterprise,EG,ENT,88504.0,48096.36,48096.36,0.0,52500.0,4403.64,25326.36,4.0,0.0,32832.3,REP-009,Rami Naguib,2025,0.5434371327849589,-40407.64,0.08387885714285714,12024.09,-0.0,0.0,0.6826358585140331,0.5265753998847315,0.24278458561754288,176754.72999999998,250466.32,0.7057025870783744,0.7057025870783744,Below Target (<80%),6.0,49.0,56304.435,0.0,0.0,56304.435,CP2025,132756.0,T0 Below Gate,0.0,56304.435,0.0,0,0.0,1 <60%
17,202504,20250401,1,44,0,Egypt Enterprise,EG,ENT,88504.0,24544.08,26693.760000000002,-2149.68,30000.0,3306.2400000000002,10624.08,3.0,6927.06,15373.14,REP-009,Rami Naguib,2025,0.2773217029738769,-63959.92,0.11020800000000001,8897.92,0.08053118032079407,0.2595010968855643,0.5759076278501042,0.43285712888810657,-0.4896894484322722,201298.81,338970.32,0.5938537922730226,0.4264517394215257,Below Target (<80%),7.0,64.0,30537.045,-2149.68,0.0,28387.364999999998,CP2025,132756.0,T0 Below Gate,0.0,28387.364999999998,0.0,0,0.0,1 <60%
17,202505,20250501,1,45,0,Egypt Enterprise,EG,ENT,88504.0,28741.75,45870.99,-17129.24,50700.0,4829.01,12731.75,3.0,28386.45,2697.0,REP-009,Rami Naguib,2025,0.32475085871825005,-59762.25,0.09524674556213018,15290.33,0.37342206915525483,0.6188322946594351,0.05879533012040944,0.44297059156105667,0.17102576262789226,230040.56,427474.32,0.5381388991975004,0.3818365648256953,Below Target (<80%),8.0,72.0,46545.24,0.0,-17129.24,46545.24,CP2025,132756.0,T0 Below Gate,0.0,46545.24,0.0,0,0.0,1 <60%
17,202506,20250601,1,46,0,Egypt Enterprise,EG,ENT,92044.16,117102.76000000001,117102.76000000001,0.0,131100.0,13997.24,62942.76,9.0,29408.64,51065.04,REP-009,Rami Naguib,2025,1.272245409160125,25058.600000000006,0.1067676582761251,13011.417777777779,-0.0,0.2511353276387337,0.436070336856279,0.5375002262969719,3.0743086276931644,347143.32,519518.48,0.6682020628024629,0.633292035269295,Exceeding (>=120%),3.0,19.0,129869.02,0.0,0.0,129869.02,CP2025,138066.24,T3 Accelerator,0.015,129869.02,1948.0353,0,0.016635263763211044,5 120-149%
17,202507,20250701,1,47,0,Egypt Enterprise,EG,ENT,84078.8,89324.64,89324.64,0.0,99050.0,9725.36,44642.14,8.0,0.0,44077.98,REP-009,Rami Naguib,2025,1.062391946602473,5245.8399999999965,0.09818637051993943,11165.58,-0.0,0.0,0.49345824399628146,0.49977408249280375,-0.237211488439726,436467.96,603597.28,0.7231112108391211,0.8886817503401769,On Target (100-119%),3.0,26.0,100344.13500000001,0.0,0.0,100344.13500000001,CP2025,126118.20000000001,T2 On Target,0.01,100344.13500000001,1003.4413500000002,0,0.011233645609990706,4 100-119%
17,202508,20250801,1,48,0,Egypt Enterprise,EG,ENT,81423.68,98146.99,98146.99,0.0,109149.99,11003.0,40064.49,9.0,12538.95,46057.14,REP-009,Rami Naguib,2025,1.2053863200484185,16723.310000000012,0.10080623919434166,10905.221111111112,-0.0,0.1277568471534379,0.4692669637652667,0.4082090546026933,0.09876726063491559,534614.95,685020.96,0.7804359008226551,1.1825989653757472,Exceeding (>=120%),2.0,9.0,109661.275,0.0,0.0,109661.275,CP2025,122135.51999999999,T3 Accelerator,0.015,109661.275,1644.919125,0,0.016759751114119748,5 120-149%
17,202509,20250901,1,49,0,Egypt Enterprise,EG,ENT,88504.0,101627.3,113782.72,-12155.42,126400.0,12617.28,49718.3,10.0,12505.269999999999,61640.58,REP-009,Rami Naguib,2025,1.148279173822652,13123.300000000003,0.09982025316455696,11378.272,0.10683010566103535,0.10990482561851218,0.5417393783520028,0.48922189214905837,0.03546018069428311,636242.25,773524.96,0.8225232318295198,1.138155727365696,On Target (100-119%),4.0,25.0,129192.865,-13923.994999999999,0.0,115268.87000000001,CP2025,132756.0,T2 On Target,0.01,115268.87000000001,1152.6887000000002,0,0.011342313531895467,4 100-119%
17,202510,20251001,1,50,0,Egypt Enterprise,EG,ENT,92044.16,66413.8,70786.12,-4372.32,79200.0,8413.880000000001,34073.8,8.0,7806.12,41517.12,REP-009,Rami Naguib,2025,0.7215427898956327,-25630.36,0.1062358585858586,8848.265,0.061768041531305856,0.11027755158779716,0.5865149834459072,0.5130530100671848,-0.34649646305667864,702656.05,865569.12,0.8117850253253028,1.0160942870806269,Below Target (<80%),4.0,49.0,81165.4,-5465.4,0.0,75700.0,CP2025,138066.24,T0 Below Gate,0.0,75700.0,0.0,0,0.0,2 60-79%
17,202511,20251101,1,51,0,Egypt Enterprise,EG,ENT,95584.32,34410.520000000004,34410.520000000004,0.0,38000.0,3589.48,14770.519999999999,4.0,3952.6000000000004,13107.359999999999,REP-009,Rami Naguib,2025,0.3600017241321589,-61173.8,0.09446,8602.630000000001,-0.0,0.11486603515436558,0.3809114189497862,0.42924431249513223,-0.4818769593066501,737066.5700000001,961153.4400000001,0.7668562992397967,0.7331684414669366,Below Target (<80%),8.0,73.0,37687.36,0.0,0.0,37687.36,CP2025,143376.48,T0 Below Gate,0.0,37687.36,0.0,0,0.0,1 <60%
17,202512,20251201,1,52,0,Egypt Enterprise,EG,ENT,100894.56,43838.76,43838.76,0.0,49200.0,5361.24,23288.76,4.0,0.0,23956.800000000003,REP-009,Rami Naguib,2025,0.43450073026732067,-57055.799999999996,0.10896829268292682,10959.69,-0.0,0.0,0.5464753108892679,0.5312367411851977,0.27399295331776435,780905.3300000001,1062048.0,0.7352825201874116,0.5013917779321887,Below Target (<80%),6.0,69.0,49827.96,0.0,0.0,49827.96,CP2025,151341.84,T0 Below Gate,0.0,49827.96,0.0,0,0.0,1 <60%
18,202401,20240101,2,33,0,Egypt SME,EG,SME,35164.8,34230.9,34230.9,0.0,35400.0,1169.1,17865.9,8.0,12022.92,19788.6,REP-010,Yasmin Al-Harbi,2024,0.9734421921921922,-933.9000000000015,0.033025423728813556,4278.8625,-0.0,0.35123002900887795,0.5780917241439751,0.5219231746755125,,34230.9,35164.8,0.9734421921921922,0.9734421921921922,Near Target (80-99%),6.0,26.0,39178.05,0.0,0.0,39178.05,CP2024,52747.200000000004,T1 Approaching,0.005,39178.05,195.89025,0,0.005722614655179969,3 80-99%
18,202402,20240201,2,34,0,Egypt SME,EG,SME,37962.0,31919.0,31919.0,0.0,32950.0,1031.0,14801.5,11.0,1273.32,8820.9,REP-010,Yasmin Al-Harbi,2024,0.8408144987092355,-6043.0,0.031289833080424885,2901.7272727272725,-0.0,0.03989222720010025,0.2763526426266487,0.463720667940725,-0.0675383936735523,66149.9,73126.8,0.9045917502201654,0.9045917502201654,Near Target (80-99%),9.0,45.0,34124.225,0.0,0.0,34124.225,CP2024,56943.0,T1 Approaching,0.005,34124.225,170.621125,0,0.005345440803283311,3 80-99%
18,202403,20240301,2,35,0,Egypt SME,EG,SME,39960.0,44475.9,44475.9,0.0,46450.0,1974.1,20745.4,12.0,8523.9,4601.28,REP-010,Yasmin Al-Harbi,2024,1.1130105105105106,4515.9000000000015,0.042499461786867594,3706.3250000000003,-0.0,0.19165210822040699,0.10345557931374069,0.4664413761160539,0.3933989160061406,110625.8,113086.8,0.9782379552697574,0.9782379552697574,On Target (100-119%),4.0,22.0,45626.22,0.0,0.0,45626.22,CP2024,59940.0,T2 On Target,0.01,45626.22,456.2622,0,0.01025863894828435,4 100-119%
18,202404,20240401,2,36,0,Egypt SME,EG,SME,39960.0,64150.05,67055.85,-2905.8,69350.0,2294.15,32052.55,16.0,26016.77,25683.420000000002,REP-010,Yasmin Al-Harbi,2024,1.6053566066066067,24190.050000000003,0.03308074981975487,4190.990625,0.04333402678513508,0.3879865813348127,0.3830153521281141,0.4996496495326192,0.44235529803781376,174775.85,153046.8,1.1419765065326424,1.1922511494545394,Exceeding (>=120%),3.0,7.0,73476.705,-3632.25,0.0,69844.455,CP2024,59940.0,T3 Accelerator,0.015,59940.0,899.1,1,0.014015577540469571,6 150%+
18,202405,20240501,2,37,0,Egypt SME,EG,SME,39960.0,37945.0,37945.0,0.0,39550.0,1605.0,19732.5,10.0,17369.14,16106.64,REP-010,Yasmin Al-Harbi,2024,0.9495745745745746,-2015.0,0.04058154235145386,3794.5,-0.0,0.4577451574647516,0.42447331664250887,0.520028989326657,-0.40849617420407314,212720.85,193006.8,1.1021417380113032,1.2226472305638973,Near Target (80-99%),9.0,35.0,41971.66,0.0,0.0,41971.66,CP2024,59940.0,T1 Approaching,0.005,41971.66,209.8583,0,0.005530591645803136,3 80-99%
18,202406,20240601,2,38,0,Egypt SME,EG,SME,41558.4,61708.84,61708.84,0.0,63900.0,2191.16,30494.84,16.0,15632.349999999999,20863.14,REP-010,Yasmin Al-Harbi,2024,1.4848704473704473,20150.439999999995,0.0342904538341158,3856.8025,-0.0,0.2533243211183357,0.3380899721984727,0.49417295803972333,0.626270654895243,274429.69,234565.2,1.1699505723781702,1.3484198836994892,Exceeding (>=120%),3.0,14.0,66924.625,0.0,0.0,66924.625,CP2024,62337.600000000006,T3 Accelerator,0.015,62337.600000000006,935.0640000000001,1,0.015152837097569816,5 120-149%
18,202407,20240701,2,39,0,Egypt SME,EG,SME,37962.0,37940.02,37940.02,0.0,39500.0,1559.98,18889.02,12.0,2827.2,10404.9,REP-010,Yasmin Al-Harbi,2024,0.9994209999473157,-21.9800000000032,0.03949316455696202,3161.668333333333,-0.0,0.07451762018048488,0.2742460336077841,0.4978653147784319,-0.38517690496207674,312369.71,272527.2,1.1461964530512918,1.151601936384545,Near Target (80-99%),4.0,26.0,40541.245,0.0,0.0,40541.245,CP2024,56943.0,T1 Approaching,0.005,40541.245,202.70622500000002,0,0.005342807542009731,3 80-99%
18,202408,20240801,2,40,0,Egypt SME,EG,SME,36763.2,48712.48,48712.48,0.0,50850.0,2137.52,25424.98,12.0,15900.18,22569.18,REP-010,Yasmin Al-Harbi,2024,1.3250337293815557,11949.280000000006,0.04203579154375615,4059.3733333333334,-0.0,0.3264087560313086,0.4633141240191425,0.5219397575323613,0.2839339568086682,361082.19,309290.4,1.1674535970078606,1.275857816579466,Exceeding (>=120%),3.0,11.0,54354.775,0.0,0.0,54354.775,CP2024,55144.799999999996,T3 Accelerator,0.015,54354.775,815.321625,0,0.016737427965071786,5 120-149%
18,202409,20240901,2,41,0,Egypt SME,EG,SME,39960.0,53244.31,53244.31,0.0,54900.0,1655.69,27433.31,16.0,15949.92,8539.8,REP-010,Yasmin Al-Harbi,2024,1.33244019019019,13284.309999999998,0.030158287795992715,3327.769375,-0.0,0.29956102351594005,0.16038896926263105,0.5152345856299012,0.09303221679536731,414326.5,349250.4,1.1863307815824977,1.2198331606868191,Exceeding (>=120%),2.0,21.0,55379.26,0.0,0.0,55379.26,CP2024,59940.0,T3 Accelerator,0.015,55379.26,830.6889,0,0.015601458634734867,5 120-149%
18,202410,20241001,2,42,0,Egypt SME,EG,SME,41558.4,24980.48,24980.48,0.0,25700.0,719.52,11669.48,7.0,2297.04,5844.6,REP-010,Yasmin Al-Harbi,2024,0.601093401093401,-16577.920000000002,0.027996887159533072,3568.64,-0.0,0.09195339721254356,0.233966681184669,0.46714394599303133,-0.5308328720946895,439306.98,390808.8,1.1240969497104467,1.0731784994453912,Below Target (<80%),9.0,49.0,26441.63,0.0,0.0,26441.63,CP2024,62337.600000000006,T0 Below Gate,0.0,26441.63,0.0,0,0.0,2 60-79%
18,202411,20241101,2,43,0,Egypt SME,EG,SME,43156.8,38211.22,38211.22,0.0,39550.0,1338.78,18485.72,10.0,0.0,7556.82,REP-010,Yasmin Al-Harbi,2024,0.8854043858673488,-4945.580000000002,0.03385031605562579,3821.1220000000003,-0.0,0.0,0.19776442626014032,0.4837772779827496,0.5296431453679034,477518.2,433965.6,1.1003595676708016,0.9339147641230975,Near Target (80-99%),5.0,37.0,40100.425,0.0,0.0,40100.425,CP2024,64735.200000000004,T1 Approaching,0.005,40100.425,200.502125,0,0.005247205532825175,3 80-99%
18,202412,20241201,2,44,0,Egypt SME,EG,SME,45554.4,64237.49,64237.49,0.0,66200.0,1962.51,32391.489999999998,20.0,2188.62,19270.38,REP-010,Yasmin Al-Harbi,2024,1.41012701297789,18683.089999999997,0.029645166163141994,3211.8745,-0.0,0.03407075836867225,0.29998650320864034,0.5042458850742767,0.681115913074746,541755.69,479520.0,1.1297874749749748,0.9781959106345609,Exceeding (>=120%),4.0,21.0,69055.085,0.0,0.0,69055.085,CP2024,68331.6,T3 Accelerator,0.015,68331.6,1024.9740000000002,1,0.015956009489162797,5 120-149%
18,202501,20250101,2,45,0,Egypt SME,EG,SME,40439.52,60563.44,60563.44,0.0,62800.0,2236.56,26923.44,18.0,23045.82,4800.0,REP-010,Yasmin Al-Harbi,2025,1.4976300411083021,20123.920000000006,0.0356140127388535,3364.6355555555556,-0.0,0.3805236294371654,0.07925573580364656,0.4445493849094437,-0.05719479388126771,60563.44,40439.52,1.4976300411083021,1.262185375350598,Exceeding (>=120%),3.0,11.0,61763.44,0.0,0.0,61763.44,CP2025,60659.28,T3 Accelerator,0.015,60659.28,909.8892,1,0.01502373709287319,5 120-149%
18,202502,20250201,2,46,0,Egypt SME,EG,SME,43656.3,57713.85,58882.770000000004,-1168.92,61150.0,2267.23,22356.35,17.0,12327.720000000001,2880.3,REP-010,Yasmin Al-Harbi,2025,1.322005071432989,14057.549999999996,0.03707653311529027,3463.6923529411765,0.019851647604214272,0.2093603952395582,0.048915837349363826,0.3873654244171893,-0.04705132337264864,118277.29000000001,84095.82,1.406458608763194,1.4077475533786212,Exceeding (>=120%),3.0,14.0,59602.845,-1168.92,0.0,58433.925,CP2025,65484.450000000004,T3 Accelerator,0.015,58433.925,876.508875,0,0.015187149618332514,5 120-149%
18,202503,20250301,2,47,0,Egypt SME,EG,SME,45954.0,48493.11,54337.71,-5844.6,56300.0,1962.29,20198.11,15.0,8551.5,9336.0,REP-010,Yasmin Al-Harbi,2025,1.0552532967750359,2539.1100000000006,0.03485417406749556,3622.514,0.10756066091117937,0.15737689350544953,0.17181438084159234,0.41651504718917803,-0.15976650318770969,166770.4,130049.82,1.2823577918062476,1.2823577918062479,On Target (100-119%),4.0,17.0,56671.71,0.0,-5844.6,56671.71,CP2025,68931.0,T2 On Target,0.01,56671.71,566.7171,0,0.011686548872613035,4 100-119%
18,202504,20250401,2,48,0,Egypt SME,EG,SME,45954.0,57810.45,57810.45,0.0,60400.0,2589.55,26170.45,16.0,21290.68,13185.3,REP-010,Yasmin Al-Harbi,2025,1.2580069199634416,11856.449999999997,0.04287334437086093,3613.153125,-0.0,0.3682842807831456,0.22807814158166906,0.45269410634236545,0.19213739848815628,224580.85,176003.82,1.275999861821181,1.2098864524067179,Exceeding (>=120%),1.0,22.0,61106.775,0.0,0.0,61106.775,CP2025,68931.0,T3 Accelerator,0.015,61106.775,916.601625,0,0.01585529303093126,5 120-149%
18,202505,20250501,2,49,0,Egypt SME,EG,SME,45954.0,62126.11,62976.56,-850.45,65000.0,2023.44,32411.11,14.0,17348.52,16141.68,REP-010,Yasmin Al-Harbi,2025,1.351919528223876,16172.11,0.031129846153846154,4498.325714285714,0.013504230780468163,0.2754758278318155,0.2563125073836996,0.5216986867518343,0.07465190117011723,286706.96,221957.82,1.2917182192544512,1.2217265816541178,Exceeding (>=120%),3.0,16.0,67011.98,0.0,-850.45,67011.98,CP2025,68931.0,T3 Accelerator,0.015,67011.98,1005.1796999999999,0,0.016179665844199803,5 120-149%
18,202506,20250601,2,50,0,Egypt SME,EG,SME,47792.16,42938.55,45176.55,-2238.0,46500.0,1323.45,19267.55,14.0,5696.46,8865.0,REP-010,Yasmin Al-Harbi,2025,0.8984433848564284,-4853.610000000001,0.028461290322580646,3226.8964285714287,0.04953897541976977,0.1260932939766317,0.19623012381423546,0.44872381577859516,-0.30884856624694507,329645.51,269749.98,1.222040906175415,1.1658906475125008,Near Target (80-99%),7.0,42.0,47392.8,0.0,-2238.0,47392.8,CP2025,71688.24,T1 Approaching,0.005,47392.8,236.96400000000003,0,0.005518677272520847,3 80-99%
18,202507,20250701,2,51,0,Egypt SME,EG,SME,43656.3,44567.12,44567.12,0.0,46200.0,1632.88,23687.12,10.0,11500.2,14442.9,REP-010,Yasmin Al-Harbi,2025,1.0208634263554173,910.8199999999997,0.03534372294372295,4456.712,-0.0,0.2580422517766461,0.3240707499160816,0.5314931725451408,0.037927922577730255,374212.63,313406.28,1.194017650188758,1.0890036466596011,On Target (100-119%),5.0,29.0,48177.845,0.0,0.0,48177.845,CP2025,65484.450000000004,T2 On Target,0.01,48177.845,481.77845,0,0.010810176874790203,4 100-119%
18,202508,20250801,2,52,0,Egypt SME,EG,SME,42277.68,62376.53,62376.53,0.0,64450.0,2073.47,31979.03,19.0,7450.7699999999995,23905.44,REP-010,Yasmin Al-Harbi,2025,1.4754009680758262,20098.85,0.03217176105508145,3282.9752631578945,-0.0,0.11944829249078139,0.3832441464762467,0.5126772842285392,0.39960872499726247,436589.16000000003,355683.96,1.2274637293174537,1.1208145243704783,Exceeding (>=120%),2.0,4.0,68352.89,0.0,0.0,68352.89,CP2025,63416.520000000004,T3 Accelerator,0.015,63416.520000000004,951.2478,1,0.015250091661078293,5 120-149%
18,202509,20250901,2,53,0,Egypt SME,EG,SME,45954.0,64836.1,64836.1,0.0,66550.0,1713.9,34992.6,13.0,7063.2,21666.42,REP-010,Yasmin Al-Harbi,2025,1.4108913261087175,18882.1,0.025753568745304285,4987.392307692307,-0.0,0.10893931004486698,0.3341721664319723,0.5397085882710404,0.03943101676223412,501425.26,401637.96,1.248450868538422,1.3024670633366284,Exceeding (>=120%),3.0,14.0,70252.705,0.0,0.0,70252.705,CP2025,68931.0,T3 Accelerator,0.015,68931.0,1033.965,1,0.015947365742233106,5 120-149%
18,202510,20251001,2,54,0,Egypt SME,EG,SME,47792.16,51529.840000000004,53776.72,-2246.88,55900.0,2123.2799999999997,22918.84,13.0,19691.23,7576.08,REP-010,Yasmin Al-Harbi,2025,1.0782069695113174,3737.6800000000003,0.037983542039355986,4136.670769230769,0.041781648267131204,0.36616643781919017,0.14088029169499366,0.4447683128843404,-0.20522918559259418,552955.1,449430.12,1.2303472228341081,1.3140525219696784,On Target (100-119%),4.0,23.0,55670.740000000005,-2246.88,0.0,53423.86000000001,CP2025,71688.24,T2 On Target,0.01,53423.86000000001,534.2386000000001,0,0.010367557904313308,4 100-119%
18,202511,20251101,2,55,0,Egypt SME,EG,SME,49630.32,46751.68,46751.68,0.0,48100.0,1348.32,21207.68,14.0,4542.719999999999,9384.0,REP-010,Yasmin Al-Harbi,2025,0.9419983590676022,-2878.6399999999994,0.02803160083160083,3339.405714285714,-0.0,0.09716698950711503,0.20072005968555567,0.45362391255244733,-0.0927260787147797,599706.78,499060.44,1.2016716452219696,1.1376874366004799,Near Target (80-99%),6.0,40.0,49097.68,0.0,0.0,49097.68,CP2025,74445.48,T1 Approaching,0.005,49097.68,245.4884,0,0.005250900074606945,3 80-99%
18,202512,20251201,2,56,0,Egypt SME,EG,SME,52387.56,62148.09,62148.09,0.0,64300.0,2151.91,29960.09,18.0,13349.23,11880.0,REP-010,Yasmin Al-Harbi,2025,1.1863138882589683,9760.529999999999,0.03346671850699844,3452.6716666666666,-0.0,0.21479710800444551,0.19115631711288314,0.4820757966978551,0.3293231387620722,661854.87,551448.0,1.2002126583104844,1.0708869045092035,On Target (100-119%),5.0,29.0,65118.09,0.0,0.0,65118.09,CP2025,78581.34,T2 On Target,0.01,65118.09,651.1809,0,0.010477890792782208,4 100-119%
19,202401,20240101,2,16,0,Egypt SME,EG,SME,35164.8,51318.9,51318.9,0.0,52800.0,1481.1,25674.9,12.0,10277.4,13432.68,REP-011,Sara Al-Mazrouei,2024,1.459382678132678,16154.099999999999,0.02805113636363636,4276.575,-0.0,0.2002653992973349,0.26174918012662,0.5003010586742896,,51318.9,35164.8,1.459382678132678,1.459382678132678,Exceeding (>=120%),2.0,9.0,54677.07,0.0,0.0,54677.07,CP2024,52747.200000000004,T3 Accelerator,0.015,52747.200000000004,791.2080000000001,1,0.0154174777713474,5 120-149%
19,202402,20240201,2,17,0,Egypt SME,EG,SME,37962.0,39514.76,39514.76,0.0,41300.0,1785.24,20270.76,12.0,7889.07,10017.24,REP-011,Sara Al-Mazrouei,2024,1.0409030082714295,1552.760000000002,0.04322615012106538,3292.896666666667,-0.0,0.19964868823700307,0.25350628474018316,0.5129921072530871,-0.23001545239668034,90833.66,73126.8,1.2421391336691883,1.2421391336691883,On Target (100-119%),7.0,36.0,42019.07,0.0,0.0,42019.07,CP2024,56943.0,T2 On Target,0.01,42019.07,420.1907,0,0.010633765711850457,4 100-119%
19,202403,20240301,2,18,0,Egypt SME,EG,SME,39960.0,45735.74,45735.74,0.0,47350.0,1614.26,18792.24,12.0,3689.91,4659.36,REP-011,Sara Al-Mazrouei,2024,1.1445380380380379,5775.739999999998,0.03409208025343189,3811.3116666666665,-0.0,0.0806789176254719,0.10187568846595682,0.41088741539986023,0.15743433592915648,136569.4,113086.8,1.207651114011538,1.207651114011538,On Target (100-119%),3.0,20.0,46900.58,0.0,0.0,46900.58,CP2024,59940.0,T2 On Target,0.01,46900.58,469.0058,0,0.010254689221164893,4 100-119%
19,202404,20240401,2,19,0,Egypt SME,EG,SME,39960.0,66511.84999999999,69997.73,-3485.88,72450.0,2452.27,33855.35,15.0,23716.739999999998,25335.0,REP-011,Sara Al-Mazrouei,2024,1.6644607107107106,26551.84999999999,0.03384775707384403,4666.515333333333,0.04979990065392121,0.33882155892769666,0.3619403086357229,0.5090123038225519,0.4542642143758906,203081.25,153046.8,1.326922549181035,1.2874090191886802,Exceeding (>=120%),2.0,5.0,76331.48,-3485.88,0.0,72845.59999999999,CP2024,59940.0,T3 Accelerator,0.015,59940.0,899.1,1,0.013517891924521722,6 150%+
19,202405,20240501,2,20,0,Egypt SME,EG,SME,39960.0,62173.79,62173.79,0.0,64950.0,2776.21,27708.29,19.0,22397.93,14384.1,REP-011,Sara Al-Mazrouei,2024,1.5559006506506508,22213.79,0.04274380292532717,3272.3047368421053,-0.0,0.3602471395100733,0.2313531151953259,0.4456586931567144,-0.06522236263162115,265255.04,193006.8,1.374330023605386,1.4549664664664665,Exceeding (>=120%),2.0,11.0,65769.815,0.0,0.0,65769.815,CP2024,59940.0,T3 Accelerator,0.015,59940.0,899.1,1,0.014461077569824841,6 150%+
19,202406,20240601,2,21,0,Egypt SME,EG,SME,41558.4,41105.79,41105.79,0.0,42800.0,1694.21,21750.79,10.0,11019.99,7442.28,REP-011,Sara Al-Mazrouei,2024,0.9891090609840609,-452.6100000000006,0.039584345794392524,4110.579,-0.0,0.2680885101587878,0.18105186641589907,0.5291417583751583,-0.3388566146602933,306360.83,234565.2,1.3060796315907048,1.3977088107844686,Near Target (80-99%),6.0,42.0,42966.36,0.0,0.0,42966.36,CP2024,62337.600000000006,T1 Approaching,0.005,42966.36,214.83180000000002,0,0.005226314833019874,3 80-99%
19,202407,20240701,2,22,0,Egypt SME,EG,SME,37962.0,30563.739999999998,30563.739999999998,0.0,31650.0,1086.26,14754.24,7.0,5783.8,5757.9,REP-011,Sara Al-Mazrouei,2024,0.8051140614298509,-7398.260000000002,0.03432101105845182,4366.248571428571,-0.0,0.1892373119258311,0.18838990254464932,0.4827367331354082,-0.2564614376709462,336924.57,272527.2,1.2362970375067148,1.1202115158636898,Near Target (80-99%),9.0,37.0,32003.215,0.0,0.0,32003.215,CP2024,56943.0,T1 Approaching,0.005,32003.215,160.016075,0,0.005235487378180812,3 80-99%
19,202408,20240801,2,23,0,Egypt SME,EG,SME,36763.2,53406.45,53406.45,0.0,55150.0,1743.55,25588.95,14.0,4274.25,8769.9,REP-011,Sara Al-Mazrouei,2024,1.4527149432040736,16643.25,0.03161468721668178,3814.746428571428,-0.0,0.08003246798841714,0.16421050266400408,0.47913594706257395,0.7473794110275771,390331.02,309290.4,1.2620211296567885,1.075611522175096,Exceeding (>=120%),2.0,8.0,55598.925,0.0,0.0,55598.925,CP2024,55144.799999999996,T3 Accelerator,0.015,55144.799999999996,827.1719999999999,1,0.015488241588796858,5 120-149%
19,202409,20240901,2,24,0,Egypt SME,EG,SME,39960.0,24072.97,24072.97,0.0,25150.0,1077.03,9829.47,6.0,15443.83,0.0,REP-011,Sara Al-Mazrouei,2024,0.6024266766766767,-15887.029999999999,0.04282425447316103,4012.161666666667,-0.0,0.641542360581183,0.0,0.40831978771211025,-0.5492497629031698,414403.99,349250.4,1.1865526567757687,0.9420845933041054,Below Target (<80%),9.0,51.0,24072.97,0.0,0.0,24072.97,CP2024,59940.0,T0 Below Gate,0.0,24072.97,0.0,0,0.0,2 60-79%
19,202410,20241001,2,25,0,Egypt SME,EG,SME,41558.4,34854.46,37154.14,-2299.68,38550.0,1395.8600000000001,15421.960000000001,12.0,13039.41,0.0,REP-011,Sara Al-Mazrouei,2024,0.8386862824362824,-6703.940000000002,0.036209079118028537,3096.1783333333333,0.06189565954157464,0.3509544293045136,0.0,0.4424673341661297,0.4478670475641351,449258.45,390808.8,1.1495607314881344,0.9497155939723507,Near Target (80-99%),5.0,35.0,37154.14,-2299.68,0.0,34854.46,CP2024,62337.600000000006,T1 Approaching,0.005,34854.46,174.2723,0,0.005,3 80-99%
19,202411,20241101,2,26,0,Egypt SME,EG,SME,43156.8,46007.98,48930.58,-2922.6,50950.0,2019.4199999999998,22684.48,12.0,12495.66,19400.4,REP-011,Sara Al-Mazrouei,2024,1.0660656026396766,2851.1800000000003,0.039635328753680074,4077.5483333333336,0.05972951884077401,0.2553752683904421,0.3964882492707015,0.4930553351831573,0.3200026625000073,495266.43,433965.6,1.1412573485087298,0.8416702760452761,On Target (100-119%),4.0,32.0,53780.68,-3653.25,0.0,50127.43,CP2024,64735.200000000004,T2 On Target,0.01,50127.43,501.27430000000004,0,0.01089537728020226,4 100-119%
19,202412,20241201,2,27,0,Egypt SME,EG,SME,45554.4,88794.69,88794.69,0.0,91500.0,2705.31,42286.69,25.0,7555.610000000001,21139.62,REP-011,Sara Al-Mazrouei,2024,1.9492011748590696,43240.29,0.02956622950819672,3551.7876,-0.0,0.08509078639724967,0.2380730199069336,0.4762299412273414,0.9299845374650223,584061.12,479520.0,1.218012012012012,1.3023539643938418,Exceeding (>=120%),2.0,6.0,94079.595,0.0,0.0,94079.595,CP2024,68331.6,T3 Accelerator,0.015,68331.6,1024.9740000000002,1,0.011543190251579235,6 150%+
19,202501,20250101,2,28,0,Egypt SME,EG,SME,40439.52,42207.37,45718.090000000004,-3510.7200000000003,47350.0,1631.91,18253.87,11.0,8393.52,9069.119999999999,REP-011,Sara Al-Mazrouei,2025,1.0437158996941607,1767.8500000000058,0.03446483632523759,4156.1900000000005,0.07679060958145889,0.1835929716223928,0.19837049185563085,0.43248063075240173,-0.5246633554326278,42207.37,40439.52,1.0437158996941607,1.3705695175373394,On Target (100-119%),5.0,22.0,47985.37,0.0,-3510.7200000000003,47985.37,CP2025,60659.28,T2 On Target,0.01,47985.37,479.85370000000006,0,0.011368955232226032,4 100-119%
19,202502,20250201,2,29,0,Egypt SME,EG,SME,43656.3,42678.19,42678.19,0.0,44450.0,1771.81,20896.69,12.0,6542.71,15036.84,REP-011,Sara Al-Mazrouei,2025,0.9775952153526524,-978.1100000000006,0.0398607424071991,3556.5158333333334,-0.0,0.1533033617405049,0.35233078066337864,0.4896339324605846,0.011154923891254056,84885.56,84095.82,1.0093909542709731,1.3396062883657274,Near Target (80-99%),8.0,32.0,46437.4,0.0,0.0,46437.4,CP2025,65484.450000000004,T1 Approaching,0.005,46437.4,232.187,0,0.005440413475829223,3 80-99%
19,202503,20250301,2,30,0,Egypt SME,EG,SME,45954.0,45903.56,49373.78,-3470.2200000000003,51250.0,1876.22,20145.06,15.0,13961.48,7670.28,REP-011,Sara Al-Mazrouei,2025,0.998902380641511,-50.44000000000233,0.036609170731707316,3291.5853333333334,0.07028467336306841,0.28277113885143085,0.15535128159116032,0.4388561584330279,0.07557419843718759,130789.12,130049.82,1.0056847445079122,1.0056847445079122,Near Target (80-99%),5.0,20.0,51291.35,-3470.2200000000003,0.0,47821.13,CP2025,68931.0,T1 Approaching,0.005,47821.13,239.10565,0,0.005208869421020941,3 80-99%
19,202504,20250401,2,31,0,Egypt SME,EG,SME,45954.0,45246.8,49892.48,-4645.68,51850.0,1957.52,19956.3,12.0,11895.460000000001,9323.04,REP-011,Sara Al-Mazrouei,2025,0.984610697654176,-707.1999999999971,0.037753519768563164,4157.706666666667,0.09311383198429904,0.23842190245904793,0.186862629398258,0.44105439500693966,-0.014307387052333082,176035.92,176003.82,1.0001823824051093,0.9871961128409178,Near Target (80-99%),5.0,32.0,52223.24,0.0,-4645.68,52223.24,CP2025,68931.0,T1 Approaching,0.005,52223.24,261.1162,0,0.005770931867004959,3 80-99%
19,202505,20250501,2,32,0,Egypt SME,EG,SME,45954.0,61040.53,61040.53,0.0,63350.0,2309.47,26563.03,18.0,15264.31,7319.820000000001,REP-011,Sara Al-Mazrouei,2025,1.328296339818079,15086.529999999999,0.03645572217837411,3391.1405555555557,-0.0,0.2500684381344657,0.11991737293237789,0.4351703695888617,0.34905739190395774,237076.45,221957.82,1.068114878763902,1.1039364727045888,Exceeding (>=120%),4.0,18.0,62870.485,0.0,0.0,62870.485,CP2025,68931.0,T3 Accelerator,0.015,62870.485,943.057275,0,0.015449690148496417,5 120-149%
19,202506,20250601,2,33,0,Egypt SME,EG,SME,47792.16,48733.06,48733.06,0.0,50750.0,2016.94,23560.56,12.0,6359.52,8879.4,REP-011,Sara Al-Mazrouei,2025,1.019687329469938,940.8999999999942,0.03974266009852217,4061.088333333333,-0.0,0.1304970383554819,0.18220485231175715,0.4834615351467772,-0.2016278364555485,285809.51,269749.98,1.059534870030389,1.1096650855661154,On Target (100-119%),3.0,33.0,50952.91,0.0,0.0,50952.91,CP2025,71688.24,T2 On Target,0.01,50952.91,509.5291,0,0.010455512130779394,4 100-119%
19,202507,20250701,2,34,0,Egypt SME,EG,SME,43656.3,55417.49,55417.49,0.0,57550.0,2132.51,26633.99,17.0,9431.960000000001,5653.5,REP-011,Sara Al-Mazrouei,2025,1.269404186795491,11761.189999999995,0.03705490877497828,3259.8523529411764,-0.0,0.170198253295124,0.1020165294386303,0.48060621294829486,0.1371641756130233,341227.0,313406.28,1.0887688657674632,1.2022425217132209,Exceeding (>=120%),3.0,18.0,56830.865,0.0,0.0,56830.865,CP2025,65484.450000000004,T3 Accelerator,0.015,56830.865,852.4629749999999,0,0.015382561985394862,5 120-149%
19,202508,20250801,2,35,0,Egypt SME,EG,SME,42277.68,54671.29,59275.45,-4604.16,62050.0,2774.55,27296.79,16.0,21641.57,11388.0,REP-011,Sara Al-Mazrouei,2025,1.2931478264654068,12393.61,0.04471474617244158,3704.715625,0.0776739780128198,0.3651017411086715,0.19212000921123332,0.49928929791120713,-0.013465063105528545,395898.29,355683.96,1.1130619722070119,1.1876648798806275,Exceeding (>=120%),3.0,7.0,62122.45,0.0,-4604.16,62122.45,CP2025,63416.520000000004,T3 Accelerator,0.015,62122.45,931.8367499999999,0,0.017044352712365117,5 120-149%
19,202509,20250901,2,36,0,Egypt SME,EG,SME,45954.0,41097.38,41097.38,0.0,42650.0,1552.62,20424.88,13.0,7064.19,10474.74,REP-011,Sara Al-Mazrouei,2025,0.8943156199677939,-4856.620000000003,0.036403751465416176,3161.336923076923,-0.0,0.17188905959455322,0.25487610159090435,0.4969873991967372,-0.24828223369157748,436995.67,401637.96,1.0880337854519526,1.1463225079343846,Near Target (80-99%),8.0,38.0,43716.065,0.0,0.0,43716.065,CP2025,68931.0,T1 Approaching,0.005,43716.065,218.58032500000002,0,0.005318595126988631,3 80-99%
19,202510,20251001,2,37,0,Egypt SME,EG,SME,47792.16,46979.73,46979.73,0.0,49050.0,2070.27,24564.23,13.0,12253.32,8642.7,REP-011,Sara Al-Mazrouei,2025,0.9830007683268552,-812.4300000000003,0.04220733944954128,3613.825384615385,-0.0,0.2608214223453391,0.1839665745205432,0.5228686925190927,0.1431319952756114,483975.4,449430.12,1.076864630256646,1.049436628167533,Near Target (80-99%),5.0,29.0,49140.405,0.0,0.0,49140.405,CP2025,71688.24,T1 Approaching,0.005,49140.405,245.702025,0,0.005229958218150679,3 80-99%
19,202511,20251101,2,38,0,Egypt SME,EG,SME,49630.32,53773.07,58224.43,-4451.360000000001,59850.0,1625.57,29622.57,20.0,7902.23,14542.2,REP-011,Sara Al-Mazrouei,2025,1.0834721597604045,4142.75,0.027160735171261486,2911.2215,0.07645175744957916,0.1357201779390541,0.24976113978273382,0.5508811380864065,0.1446015121840844,537748.47,499060.44,1.0775217326382351,0.9893545998618462,On Target (100-119%),3.0,29.0,61859.98,0.0,-4451.360000000001,61859.98,CP2025,74445.48,T2 On Target,0.01,61859.98,618.5998000000001,0,0.011503895909234866,4 100-119%
19,202512,20251201,2,39,0,Egypt SME,EG,SME,52387.56,85166.1,85166.1,0.0,88650.0,3483.9,39645.6,22.0,21498.9,19086.48,REP-011,Sara Al-Mazrouei,2025,1.6256931989197436,32778.54000000001,0.039299492385786804,3871.1863636363637,-0.0,0.25243494770806696,0.2241088883957349,0.4655091638574503,0.5838057972141075,622914.5700000001,551448.0,1.1295980219349786,1.2410309749600228,Exceeding (>=120%),2.0,11.0,89937.72,0.0,0.0,89937.72,CP2025,78581.34,T3 Accelerator,0.015,78581.34,1178.7201,1,0.013840249817709158,6 150%+
20,202401,20240101,2,61,0,Egypt SME,EG,SME,35164.8,28863.63,28863.63,0.0,31350.0,2486.37,14456.130000000001,8.0,18072.72,2800.8,REP-012,Samir Wahba,2024,0.8208102989352989,-6301.170000000002,0.07931004784688996,3607.95375,-0.0,0.6261416183619316,0.09703561194485932,0.5008424096345471,,28863.63,35164.8,0.8208102989352989,0.8208102989352989,Near Target (80-99%),9.0,35.0,29563.83,0.0,0.0,29563.83,CP2024,52747.200000000004,T1 Approaching,0.005,29563.83,147.81915,0,0.0051212945149310745,3 80-99%
20,202402,20240201,2,62,0,Egypt SME,EG,SME,37962.0,40446.52,40446.52,0.0,43550.0,3103.48,20139.02,11.0,14058.75,15665.460000000001,REP-012,Samir Wahba,2024,1.0654475528159737,2484.519999999997,0.07126245694603904,3676.956363636363,-0.0,0.3475886182544259,0.387312925809192,0.4979172497411397,0.401297064852896,69310.15,73126.8,0.9478077804580536,0.9478077804580536,On Target (100-119%),6.0,35.0,44362.885,0.0,0.0,44362.885,CP2024,56943.0,T2 On Target,0.01,44362.885,443.62885000000006,0,0.010968282314522982,4 100-119%
20,202403,20240301,2,63,0,Egypt SME,EG,SME,39960.0,30723.72,30723.72,0.0,33000.0,2276.28,16683.72,9.0,8859.72,8401.5,REP-012,Samir Wahba,2024,0.7688618618618619,-9236.279999999999,0.06897818181818183,3413.746666666667,-0.0,0.28836742425721884,0.2734532146497885,0.5430240869269737,-0.2403865647773899,100033.87,113086.8,0.8845760071025088,0.8845760071025088,Below Target (<80%),8.0,44.0,32824.095,0.0,0.0,32824.095,CP2024,59940.0,T0 Below Gate,0.0,32824.095,0.0,0,0.0,2 60-79%
20,202404,20240401,2,64,0,Egypt SME,EG,SME,39960.0,35911.19,35911.19,0.0,39150.0,3238.81,15897.69,11.0,12260.91,2770.2,REP-012,Samir Wahba,2024,0.8986784284284285,-4048.8099999999977,0.08272822477650063,3264.6536363636365,-0.0,0.34142310516582713,0.0771403008365916,0.44269460299143526,0.16884250995647665,135945.06,153046.8,0.88825810144348,0.9083781238865984,Near Target (80-99%),8.0,35.0,36603.74,0.0,0.0,36603.74,CP2024,59940.0,T1 Approaching,0.005,36603.74,183.0187,0,0.005096425376045739,3 80-99%
20,202405,20240501,2,65,0,Egypt SME,EG,SME,39960.0,29540.99,29540.99,0.0,31950.0,2409.01,13888.49,9.0,6417.6,11785.32,REP-012,Samir Wahba,2024,0.7392640140140141,-10419.009999999998,0.07539937402190924,3282.3322222222223,-0.0,0.21724390414810066,0.3989480379635212,0.47014301145628495,-0.17738760536757486,165486.05000000002,193006.8,0.8574104642945224,0.8022681014347681,Below Target (<80%),10.0,46.0,32487.320000000003,0.0,0.0,32487.320000000003,CP2024,59940.0,T0 Below Gate,0.0,32487.320000000003,0.0,0,0.0,2 60-79%
20,202406,20240601,2,66,0,Egypt SME,EG,SME,41558.4,32138.2,32138.2,0.0,34850.0,2711.7999999999997,13383.7,10.0,0.0,5619.9,REP-012,Samir Wahba,2024,0.7733262108262108,-9420.2,0.07781348637015781,3213.82,-0.0,0.0,0.17486666957079114,0.41644211561319555,0.08791885444597486,197624.25,234565.2,0.842513083782249,0.8033558229281914,Below Target (<80%),10.0,51.0,33543.175,0.0,0.0,33543.175,CP2024,62337.600000000006,T0 Below Gate,0.0,33543.175,0.0,0,0.0,2 60-79%
20,202407,20240701,2,67,0,Egypt SME,EG,SME,37962.0,24868.22,24868.22,0.0,26800.0,1931.78,13492.22,7.0,4856.22,7210.38,REP-012,Samir Wahba,2024,0.6550819240292924,-13093.779999999999,0.0720813432835821,3552.6028571428574,-0.0,0.19527815018525652,0.2899435504430956,0.5425486826158044,-0.22620993086109364,222492.47,272527.2,0.8164046377756055,0.7243649167562212,Below Target (<80%),10.0,46.0,26670.815,0.0,0.0,26670.815,CP2024,56943.0,T0 Below Gate,0.0,26670.815,0.0,0,0.0,2 60-79%
20,202408,20240801,2,68,0,Egypt SME,EG,SME,36763.2,30519.98,30519.98,0.0,33100.0,2580.02,14253.98,8.0,18946.78,2738.7,REP-012,Samir Wahba,2024,0.8301774600687645,-6243.2199999999975,0.07794622356495468,3814.9975,-0.0,0.6207992272603061,0.08973465906596269,0.4670376586092127,0.22726837706920713,253012.45,309290.4,0.8180417174280223,0.7526977148970276,Near Target (80-99%),8.0,34.0,31204.655,0.0,0.0,31204.655,CP2024,55144.799999999996,T1 Approaching,0.005,31204.655,156.02327499999998,0,0.005112168323832453,3 80-99%
20,202409,20240901,2,69,0,Egypt SME,EG,SME,39960.0,40749.94,40749.94,0.0,43950.0,3200.06,19189.44,12.0,0.0,7291.5,REP-012,Samir Wahba,2024,1.0197682682682683,789.9400000000023,0.07281137656427758,3395.8283333333334,-0.0,0.0,0.1789327787967295,0.47090719642777384,0.33518894835448787,293762.39,349250.4,0.8411225584852587,0.8382785224248639,On Target (100-119%),5.0,32.0,42572.815,0.0,0.0,42572.815,CP2024,59940.0,T2 On Target,0.01,42572.815,425.72815,0,0.010447331946991824,4 100-119%
21,202401,20240101,2,14,0,Egypt SME,EG,SME,35164.8,36953.29,36953.29,0.0,38150.0,1196.71,20457.79,9.0,14931.69,19243.56,REP-013,Maha Al-Mutairi,2024,1.0508602352352352,1788.489999999998,0.03136854521625164,4105.921111111111,-0.0,0.40406929937767383,0.5207536324911801,0.5536121411652386,,36953.29,35164.8,1.0508602352352352,1.0508602352352352,On Target (100-119%),4.0,24.0,41764.18,0.0,0.0,41764.18,CP2024,52747.200000000004,T2 On Target,0.01,41764.18,417.6418,0,0.01130188408122795,4 100-119%
21,202402,20240201,2,15,0,Egypt SME,EG,SME,37962.0,59222.02,59222.02,0.0,61850.0,2627.98,28067.52,19.0,7689.05,14277.3,REP-013,Maha Al-Mutairi,2024,1.5600342447710869,21260.019999999997,0.042489571544058205,3116.9484210526316,-0.0,0.12983430825223458,0.2410809357735518,0.4739372280783398,0.6026183324948874,96175.31,73126.8,1.3151855407319888,1.3151855407319888,Exceeding (>=120%),2.0,13.0,62791.345,0.0,0.0,62791.345,CP2024,56943.0,T3 Accelerator,0.015,56943.0,854.145,1,0.014422760317868252,6 150%+
21,202403,20240301,2,16,0,Egypt SME,EG,SME,39960.0,29724.600000000002,32054.28,-2329.68,33100.0,1045.72,13940.6,11.0,10200.369999999999,2956.5,REP-013,Maha Al-Mutairi,2024,0.7438588588588589,-10235.399999999998,0.03159274924471299,2914.0254545454545,0.07267921787667668,0.3182217788076974,0.09223417278441444,0.4689920133492124,-0.4980819634318451,125899.91,113086.8,1.1133033209888334,1.1133033209888334,Below Target (<80%),11.0,49.0,32793.405,-2329.68,0.0,30463.725,CP2024,59940.0,T0 Below Gate,0.0,30463.725,0.0,0,0.0,2 60-79%
21,202404,20240401,2,17,0,Egypt SME,EG,SME,,29690.9,29690.9,0.0,30700.0,1009.1,14669.9,8.0,4366.84,8840.4,REP-013,Maha Al-Mutairi,2024,,,0.03286970684039088,3711.3625,-0.0,0.1470767137405737,0.2977477947788716,0.49408741398879785,-0.0011337410764148458,155590.81,,,1.5225163625163625,No Target,,,31901.0,0.0,0.0,31901.0,CP2024,,No Target,0.0,0.0,0.0,0,0.0,No Target
21,202405,20240501,2,18,0,Egypt SME,EG,SME,39960.0,69943.52,69943.52,0.0,72900.0,2956.48,38027.520000000004,17.0,15217.14,25210.14,REP-013,Maha Al-Mutairi,2024,1.7503383383383384,29983.520000000004,0.04055528120713306,4114.324705882354,-0.0,0.21756325675344904,0.36043567724358166,0.5436889650392203,1.355722460417165,225534.33000000002,153046.8,1.473629830875262,1.6186063563563564,Exceeding (>=120%),1.0,8.0,76246.05500000001,0.0,0.0,76246.05500000001,CP2024,59940.0,T3 Accelerator,0.015,59940.0,899.1,1,0.012854657586578427,6 150%+
21,202406,20240601,2,19,0,Egypt SME,EG,SME,41558.4,43467.54,43467.54,0.0,45200.0,1732.46,23439.54,11.0,11782.68,17662.62,REP-013,Maha Al-Mutairi,2024,1.0459387271887273,1909.1399999999994,0.0383287610619469,3951.5945454545454,-0.0,0.27106848006581463,0.40634045542949976,0.5392423863876354,-0.3785337083406726,269001.87,194605.2,1.3822953857348106,1.7554559461422208,On Target (100-119%),5.0,39.0,47883.195,0.0,0.0,47883.195,CP2024,62337.600000000006,T2 On Target,0.01,47883.195,478.83195,0,0.01101585113857375,4 100-119%
21,202407,20240701,2,20,0,Egypt SME,EG,SME,37962.0,44970.45,44970.45,0.0,46850.0,1879.55,21596.95,13.0,10188.17,8698.5,REP-013,Maha Al-Mutairi,2024,1.1846175122490912,7008.449999999997,0.04011846318036286,3459.2653846153844,-0.0,0.2265525472838275,0.19342701707454563,0.4802475848029095,0.034575455615845664,313972.32,232567.2,1.3500283788943583,1.3255857027596158,On Target (100-119%),3.0,19.0,47145.075,0.0,0.0,47145.075,CP2024,56943.0,T2 On Target,0.01,47145.075,471.45074999999997,0,0.010483567542686364,4 100-119%
21,202408,20240801,2,21,0,Egypt SME,EG,SME,36763.2,29922.18,29922.18,0.0,31350.0,1427.82,13984.68,10.0,10571.88,4673.76,REP-013,Maha Al-Mutairi,2024,0.8139166340253298,-6841.019999999997,0.0455444976076555,2992.218,-0.0,0.3533124926058195,0.15619717547317744,0.46736835350900235,-0.3346257375676694,343894.5,269330.4,1.2768499211377549,1.017857806259868,Near Target (80-99%),9.0,35.0,31090.62,0.0,0.0,31090.62,CP2024,55144.799999999996,T1 Approaching,0.005,31090.62,155.4531,0,0.005195246469341472,3 80-99%
21,202409,20240901,2,22,0,Egypt SME,EG,SME,39960.0,37009.35,37009.35,0.0,38250.0,1240.65,19301.85,11.0,13049.22,7710.3,REP-013,Maha Al-Mutairi,2024,0.9261599099099099,-2950.6500000000015,0.03243529411764706,3364.4863636363634,-0.0,0.35259252053872875,0.20833383996206364,0.5215398270977469,0.2368533977136692,380903.85,309290.4,1.231541134157413,0.9757316549999476,Near Target (80-99%),6.0,35.0,38936.925,0.0,0.0,38936.925,CP2024,59940.0,T1 Approaching,0.005,38936.925,194.684625,0,0.00526041729995258,3 80-99%
21,202410,20241001,2,23,0,Egypt SME,EG,SME,41558.4,42200.05,43375.33,-1175.28,45000.0,1624.67,19235.05,12.0,9618.72,2889.6,REP-013,Maha Al-Mutairi,2024,1.0154397185647186,641.6500000000015,0.036103777777777776,3614.6108333333336,0.02709558636210952,0.22175554629786098,0.06661851333465359,0.45580633198301895,0.14025374668833698,423103.9,350848.8,1.2059436999642013,0.922642067743419,On Target (100-119%),4.0,30.0,44097.73,-1175.28,0.0,42922.450000000004,CP2024,62337.600000000006,T2 On Target,0.01,42922.450000000004,429.22450000000003,0,0.01017118463129783,4 100-119%
21,202411,20241101,2,24,0,Egypt SME,EG,SME,43156.8,38127.53,38127.53,0.0,40050.0,1922.47,15249.03,11.0,7756.45,2831.4,REP-013,Maha Al-Mutairi,2024,0.883465178141104,-5029.270000000004,0.04800174781523096,3466.139090909091,-0.0,0.2034343688143449,0.07426130147953461,0.399948016564409,-0.096505098927608,461231.43,394005.6,1.170621508932868,0.9411409005159005,Near Target (80-99%),6.0,38.0,38835.38,0.0,0.0,38835.38,CP2024,64735.200000000004,T1 Approaching,0.005,38835.38,194.1769,0,0.005092826626849418,3 80-99%
21,202412,20241201,2,25,0,Egypt SME,EG,SME,45554.4,42507.2,42507.2,0.0,44450.0,1942.8000000000002,19073.7,14.0,12442.380000000001,14786.7,REP-013,Maha Al-Mutairi,2024,0.9331085471436348,-3047.2000000000044,0.04370753655793026,3036.2285714285713,-0.0,0.2927122934467573,0.3478634207851847,0.4487169232506493,0.11486896738393487,503738.63,439560.0,1.1460065292565293,0.9429274366390931,Near Target (80-99%),6.0,41.0,46203.875,0.0,0.0,46203.875,CP2024,68331.6,T1 Approaching,0.005,46203.875,231.019375,0,0.005434829275981481,3 80-99%
21,202501,20250101,2,26,0,Egypt SME,EG,SME,40439.52,41313.61,45599.71,-4286.1,48100.0,2500.29,21991.61,14.0,9433.79,17029.8,REP-013,Maha Al-Mutairi,2025,1.0216147471582255,874.0900000000038,0.05198108108108108,3257.122142857143,0.09399401882161093,0.20688267535034766,0.3734629014088028,0.5323090865213667,-0.028079713554409524,41313.61,40439.52,1.0216147471582255,0.9442327537933973,On Target (100-119%),6.0,24.0,49857.16,0.0,-4286.1,49857.16,CP2025,60659.28,T2 On Target,0.01,49857.16,498.57160000000005,0,0.012067974694053607,4 100-119%
21,202502,20250201,2,27,0,Egypt SME,EG,SME,43656.3,34090.08,34090.08,0.0,35300.0,1209.92,17195.08,11.0,7433.219999999999,2944.5,REP-013,Maha Al-Mutairi,2025,0.780874238082476,-9566.220000000001,0.034275354107648724,3099.098181818182,-0.0,0.21804642288900464,0.08637410061812703,0.504401280372472,-0.1748462552655166,75403.69,84095.82,0.8966401659440385,0.9094538366383027,Below Target (<80%),10.0,40.0,34826.205,0.0,0.0,34826.205,CP2025,65484.450000000004,T0 Below Gate,0.0,34826.205,0.0,0,0.0,2 60-79%
21,202503,20250301,2,28,0,Egypt SME,EG,SME,45954.0,16608.98,22881.14,-6272.16,23600.0,718.86,10108.980000000001,5.0,8789.4,11532.9,REP-013,Maha Al-Mutairi,2025,0.36142620881751314,-29345.02,0.030460169491525423,4576.228,0.27411920909535104,0.384132958410289,0.5040352010433047,0.6086454436094211,-0.5127914044202889,92012.67,130049.82,0.7075186263233582,0.7075186263233582,Below Target (<80%),13.0,66.0,25764.365,0.0,-6272.16,25764.365,CP2025,68931.0,T0 Below Gate,0.0,25764.365,0.0,0,0.0,1 <60%
21,202504,20250401,2,29,0,Egypt SME,EG,SME,45954.0,27048.64,29866.54,-2817.9,30850.0,983.46,12471.14,8.0,4612.32,7628.52,REP-013,Maha Al-Mutairi,2025,0.5886025155590373,-18905.36,0.03187876823338736,3733.3175,0.09434973050108918,0.15443101209581023,0.2554202796842219,0.4610634767589054,0.628555155102842,119061.31,176003.82,0.6764700334345015,0.5735116103575941,Below Target (<80%),12.0,49.0,31773.67,0.0,-2817.9,31773.67,CP2025,68931.0,T0 Below Gate,0.0,31773.67,0.0,0,0.0,1 <60%
21,202505,20250501,2,30,0,Egypt SME,EG,SME,45954.0,32915.99,32915.99,0.0,34200.0,1284.01,15462.99,9.0,0.0,9173.759999999998,REP-013,Maha Al-Mutairi,2025,0.7162812812812812,-13038.010000000002,0.03754415204678362,3657.332222222222,-0.0,0.0,0.2787022356003875,0.46977137859137763,0.21691848462621405,151977.3,221957.82,0.6847125278127167,0.5554366685526105,Below Target (<80%),11.0,53.0,35209.43,0.0,0.0,35209.43,CP2025,68931.0,T0 Below Gate,0.0,35209.43,0.0,0,0.0,2 60-79%
21,202506,20250601,2,31,0,Egypt SME,EG,SME,47792.16,39814.95,39814.95,0.0,41000.0,1185.05,19371.95,10.0,6695.84,16909.739999999998,REP-013,Maha Al-Mutairi,2025,0.8330853847158194,-7977.210000000006,0.028903658536585365,3981.495,-0.0,0.16817401503706525,0.4247083068043536,0.48654965031979197,0.20959296682250783,191792.25,269749.98,0.7110000527154813,0.7142409858370957,Near Target (80-99%),11.0,50.0,44042.385,0.0,0.0,44042.385,CP2025,71688.24,T0 Below Gate,0.0,44042.385,0.0,0,0.0,3 80-99%
21,202507,20250701,2,32,0,Egypt SME,EG,SME,43656.3,31808.64,31808.64,0.0,32850.0,1041.3600000000001,16696.14,9.0,8109.27,12305.58,REP-013,Maha Al-Mutairi,2025,0.7286151139698049,-11847.660000000003,0.03170045662100457,3534.293333333333,-0.0,0.25493922405987807,0.38686281463149635,0.5248932365545965,-0.20108803351504895,223600.89,313406.28,0.713453763594016,0.7608275717916548,Below Target (<80%),8.0,43.0,34885.035,0.0,0.0,34885.035,CP2025,65484.450000000004,T0 Below Gate,0.0,34885.035,0.0,0,0.0,2 60-79%
21,202508,20250801,2,33,0,Egypt SME,EG,SME,42277.68,11742.12,11742.12,0.0,12200.0,457.88,4590.12,5.0,2330.88,0.0,REP-013,Maha Al-Mutairi,2025,0.2777380404979649,-30535.559999999998,0.037531147540983606,2348.424,-0.0,0.19850589161071425,0.0,0.3909106703048512,-0.6308512404176977,235343.01,355683.96,0.6616632642079221,0.6234062390494483,Below Target (<80%),13.0,72.0,11742.12,0.0,0.0,11742.12,CP2025,63416.520000000004,T0 Below Gate,0.0,11742.12,0.0,0,0.0,1 <60%
21,202509,20250901,2,34,0,Egypt SME,EG,SME,45954.0,39358.31,39358.31,0.0,41250.0,1891.69,17568.81,12.0,19840.44,7491.06,REP-013,Maha Al-Mutairi,2025,0.856471906689298,-6595.690000000002,0.04585915151515152,3279.8591666666666,-0.0,0.5040978639580815,0.19032981853133432,0.4463812089492664,2.35189131093874,274701.32,401637.96,0.6839525825696355,0.6286324955465995,Near Target (80-99%),9.0,42.0,41231.075000000004,0.0,0.0,41231.075000000004,CP2025,68931.0,T1 Approaching,0.005,41231.075000000004,206.15537500000002,0,0.005237912273164168,3 80-99%
21,202510,20251001,2,35,0,Egypt SME,EG,SME,47792.16,37895.95,37895.95,0.0,39550.0,1654.05,19867.45,11.0,12265.04,13271.64,REP-013,Maha Al-Mutairi,2025,0.7929323554323553,-9896.210000000006,0.04182174462705436,3445.0863636363633,-0.0,0.32365041646930615,0.35021262166537587,0.5242631468534237,-0.03715505061065886,312597.27,449430.12,0.6955414336716018,0.6542704572963093,Below Target (<80%),8.0,43.0,41213.86,0.0,0.0,41213.86,CP2025,71688.24,T0 Below Gate,0.0,41213.86,0.0,0,0.0,2 60-79%
21,202511,20251101,2,36,0,Egypt SME,EG,SME,49630.32,59418.48,62993.28,-3574.8,65650.0,2656.72,27546.98,19.0,17772.23,18880.260000000002,REP-013,Maha Al-Mutairi,2025,1.1972213759653374,9788.160000000003,0.04046793602437167,3315.435789473684,0.05674891035996221,0.2821289826470379,0.29971863665457654,0.46360963794428933,0.567937470890689,372015.75,499060.44,0.745432256662139,0.9532437956350999,On Target (100-119%),2.0,24.0,67713.345,0.0,-3574.8,67713.345,CP2025,74445.48,T2 On Target,0.01,67713.345,677.13345,0,0.011396007605714586,4 100-119%
21,202512,20251201,2,37,0,Egypt SME,EG,SME,52387.56,34785.02,40210.76,-5425.74,41650.0,1439.24,18369.52,11.0,8481.76,16272.18,REP-013,Maha Al-Mutairi,2025,0.6639938947337879,-17602.54,0.03455558223289316,3655.5236363636363,0.13493254044439845,0.210932596150881,0.40467228174747255,0.5280870903624607,-0.4145757346872556,406800.77,551448.0,0.7376956122789456,0.8817796857940897,Below Target (<80%),12.0,63.0,44278.805,-5425.74,0.0,38853.065,CP2025,78581.34,T0 Below Gate,0.0,38853.065,0.0,0,0.0,2 60-79%
22,202401,20240101,2,69,0,Egypt SME,EG,SME,35164.8,29383.23,29383.23,0.0,29950.0,566.77,15867.73,10.0,2653.23,10724.4,REP-014,Hassan Gamal,2024,0.8355864387114387,-5781.570000000003,0.018923873121869782,2938.323,-0.0,0.09029742475554935,0.36498369988595536,0.540026743145665,,29383.23,35164.8,0.8355864387114387,0.8355864387114387,Near Target (80-99%),8.0,34.0,32064.33,0.0,0.0,32064.33,CP2024,52747.200000000004,T1 Approaching,0.005,32064.33,160.32165,0,0.005456229624857444,3 80-99%
22,202402,20240201,2,70,0,Egypt SME,EG,SME,37962.0,37015.29,37015.29,0.0,39050.0,2034.71,15487.79,10.0,18856.32,2934.6,REP-014,Hassan Gamal,2024,0.9750616405879564,-946.7099999999991,0.05210524967989757,3701.529,-0.0,0.5094197559981294,0.07928075127872833,0.4184160113293723,0.25974203652899974,66398.52,73126.8,0.9079915981555327,0.9079915981555327,Near Target (80-99%),8.0,37.0,37748.94,0.0,0.0,37748.94,CP2024,56943.0,T1 Approaching,0.005,37748.94,188.74470000000002,0,0.005099100939098411,3 80-99%
22,202403,20240301,2,71,0,Egypt SME,EG,SME,39960.0,30700.16,30700.16,0.0,31950.0,1249.8400000000001,15307.66,9.0,9534.460000000001,7402.4400000000005,REP-014,Hassan Gamal,2024,0.7682722722722722,-9259.84,0.039118622848200314,3411.128888888889,-0.0,0.3105671110508871,0.24112056744981136,0.49861824824365736,-0.17060868630233617,97098.68,113086.8,0.8586208116243451,0.8586208116243451,Below Target (<80%),9.0,45.0,32550.77,0.0,0.0,32550.77,CP2024,59940.0,T0 Below Gate,0.0,32550.77,0.0,0,0.0,2 60-79%
22,202404,20240401,2,72,0,Egypt SME,EG,SME,39960.0,40979.75,40979.75,0.0,42250.0,1270.25,23926.25,11.0,0.0,16365.24,REP-014,Hassan Gamal,2024,1.0255192692692692,1019.75,0.03006508875739645,3725.431818181818,-0.0,0.0,0.39934943478181295,0.583855440796979,0.33483832006087266,138078.43,153046.8,0.9021974324193646,0.9220678305424068,On Target (100-119%),6.0,28.0,45071.06,0.0,0.0,45071.06,CP2024,59940.0,T2 On Target,0.01,45071.06,450.7106,0,0.010998373586954532,4 100-119%
22,202405,20240501,2,73,0,Egypt SME,EG,SME,39960.0,46933.06,46933.06,0.0,48350.0,1416.94,21306.56,15.0,10464.779999999999,10691.04,REP-014,Hassan Gamal,2024,1.1745010010010009,6973.059999999998,0.029305894519131334,3128.8706666666667,-0.0,0.22297246333394838,0.2277933720920818,0.4539776439038921,0.14527443432426987,185011.49,193006.8,0.9585749828503451,0.9894308475141808,On Target (100-119%),4.0,21.0,49605.82,0.0,0.0,49605.82,CP2024,59940.0,T2 On Target,0.01,49605.82,496.0582,0,0.010569483430230205,4 100-119%
22,202406,20240601,2,74,0,Egypt SME,EG,SME,41558.4,56282.99,56282.99,0.0,58350.0,2067.01,27820.489999999998,14.0,9355.7,24855.0,REP-014,Hassan Gamal,2024,1.3543108011858012,14724.589999999997,0.035424335904027424,4020.2135714285714,-0.0,0.16622606581491142,0.44160766867574025,0.4942965894313717,0.19921841874363191,241294.47999999998,234565.2,1.0286883135264735,1.1870077314156262,Exceeding (>=120%),4.0,17.0,62496.74,0.0,0.0,62496.74,CP2024,62337.600000000006,T3 Accelerator,0.015,62337.600000000006,935.0640000000001,1,0.01661361629863659,5 120-149%
22,202407,20240701,2,75,0,Egypt SME,EG,SME,37962.0,31193.75,31193.75,0.0,32100.0,906.25,15205.75,10.0,10716.18,9320.16,REP-014,Hassan Gamal,2024,0.8217098677624993,-6768.25,0.02823208722741433,3119.375,-0.0,0.3435361250250451,0.29878292927269084,0.48746143057503505,-0.44576949447781644,272488.23,272527.2,0.9998570050989405,1.1249527119092335,Near Target (80-99%),8.0,35.0,33523.79,0.0,0.0,33523.79,CP2024,56943.0,T1 Approaching,0.005,33523.79,167.61895,0,0.005373478661590864,3 80-99%
22,202408,20240801,2,76,0,Egypt SME,EG,SME,36763.2,34854.0,34854.0,0.0,35850.0,996.0,18286.5,12.0,1757.88,9343.68,REP-014,Hassan Gamal,2024,0.9480676328502416,-1909.199999999997,0.027782426778242678,2904.5,-0.0,0.05043553107247375,0.2680805646410742,0.5246600103288002,0.11733921057904227,307342.23,309290.4,0.9937011624027127,1.052003377948395,Near Target (80-99%),6.0,25.0,37189.92,0.0,0.0,37189.92,CP2024,55144.799999999996,T1 Approaching,0.005,37189.92,185.9496,0,0.0053351007058013425,3 80-99%
22,202409,20240901,2,77,0,Egypt SME,EG,SME,,28171.07,36883.85,-8712.779999999999,38100.0,1216.15,12147.07,9.0,0.0,4710.72,REP-014,Hassan Gamal,2024,,,0.031919947506561686,4098.205555555555,0.23622208636029046,0.0,0.1277176867382337,0.4311895146332745,-0.19174068973432032,335513.3,,,1.26087076381194,No Target,,,38061.53,-5906.4,-3987.66,32155.129999999997,CP2024,,No Target,0.0,0.0,0.0,0,0.0,No Target
23,202401,20240101,2,59,0,Egypt SME,EG,SME,35164.8,48511.71,48511.71,0.0,53700.0,5188.29,22891.71,13.0,0.0,16861.44,REP-015,Mohamed Shawky,2024,1.3795531326781325,13346.909999999996,0.09661620111731843,3731.67,-0.0,0.0,0.3475746371340033,0.4718800883333117,,48511.71,35164.8,1.3795531326781325,1.3795531326781325,Exceeding (>=120%),3.0,13.0,52727.07,0.0,0.0,52727.07,CP2024,52747.200000000004,T3 Accelerator,0.015,52727.07,790.9060499999999,0,0.016303404889252512,5 120-149%
23,202402,20240201,2,60,0,Egypt SME,EG,SME,37962.0,49948.16,49948.16,0.0,55150.0,5201.84,22812.66,19.0,5450.04,7143.360000000001,REP-015,Mohamed Shawky,2024,1.315741004162057,11986.160000000003,0.09432166817769719,2628.8505263157895,-0.0,0.10911392932192096,0.14301547844805496,0.4567267342780995,0.029610376546198938,98459.87,73126.8,1.346426617874705,1.346426617874705,Exceeding (>=120%),4.0,23.0,51734.0,0.0,0.0,51734.0,CP2024,56943.0,T3 Accelerator,0.015,51734.0,776.01,0,0.015536308044180205,5 120-149%
23,202403,20240301,2,61,0,Egypt SME,EG,SME,39960.0,35978.9,35978.9,0.0,40200.0,4221.1,15858.9,11.0,9564.84,4297.44,REP-015,Mohamed Shawky,2024,0.9003728728728729,-3981.0999999999985,0.10500248756218906,3270.809090909091,-0.0,0.265845815186123,0.11944334040229132,0.440783348017866,-0.2796751672133668,134438.77000000002,113086.8,1.1888104535631039,1.1888104535631039,Near Target (80-99%),7.0,40.0,37053.26,0.0,0.0,37053.26,CP2024,59940.0,T1 Approaching,0.005,37053.26,185.2663,0,0.005149304175502864,3 80-99%
23,202404,20240401,2,62,0,Egypt SME,EG,SME,39960.0,36624.05,36624.05,0.0,40100.0,3475.95,17106.05,9.0,0.0,11491.44,REP-015,Mohamed Shawky,2024,0.9165177677677678,-3335.949999999997,0.08668204488778054,4069.3388888888894,-0.0,0.0,0.3137675926064976,0.46707150083073823,0.017931343092757183,171062.82,153046.8,1.1177157575329901,1.03960833715071,Near Target (80-99%),7.0,33.0,39496.91,0.0,0.0,39496.91,CP2024,59940.0,T1 Approaching,0.005,39496.91,197.48455,0,0.005392209490758122,3 80-99%
23,202405,20240501,2,63,0,Egypt SME,EG,SME,39960.0,39634.55,39634.55,0.0,43850.0,4215.45,16771.05,15.0,6845.98,8101.2,REP-015,Mohamed Shawky,2024,0.9918556056056057,-325.4499999999971,0.09613340935005701,2642.3033333333337,-0.0,0.17272758237446872,0.20439742598313843,0.42314218276730775,0.08220008437078913,210697.37,193006.8,1.0916577550635522,0.9362487487487489,Near Target (80-99%),8.0,33.0,41659.85,0.0,0.0,41659.85,CP2024,59940.0,T1 Approaching,0.005,41659.85,208.29925,0,0.005255496782478923,3 80-99%
23,202406,20240601,2,64,0,Egypt SME,EG,SME,41558.4,40524.02,40524.02,0.0,44850.0,4325.98,17894.52,11.0,12459.6,11368.619999999999,REP-015,Mohamed Shawky,2024,0.9751102063602063,-1034.3800000000047,0.09645440356744704,3684.0018181818177,-0.0,0.30746209285258475,0.2805402820351979,0.44157810602205805,0.022441783746756146,251221.39,234565.2,1.0710087856169628,0.9613447328907855,Near Target (80-99%),7.0,43.0,43366.175,0.0,0.0,43366.175,CP2024,62337.600000000006,T1 Approaching,0.005,43366.175,216.83087500000002,0,0.005350675352543998,3 80-99%
23,202407,20240701,2,65,0,Egypt SME,EG,SME,37962.0,31752.85,31752.85,0.0,35350.0,3597.15,15575.349999999999,8.0,8319.42,10752.9,REP-015,Mohamed Shawky,2024,0.8364377535430166,-6209.1500000000015,0.10175813295615276,3969.10625,-0.0,0.26200545777780576,0.3386436178169834,0.4905181739591879,-0.21644372892916347,282974.24,272527.2,1.0383339351081287,0.9366508649117345,Near Target (80-99%),7.0,34.0,34441.075,0.0,0.0,34441.075,CP2024,56943.0,T1 Approaching,0.005,34441.075,172.20537499999998,0,0.005423304522271228,3 80-99%
23,202408,20240801,2,66,0,Egypt SME,EG,SME,36763.2,66231.47,66231.47,0.0,74150.0,7918.530000000001,31079.97,20.0,18769.09,8536.32,REP-015,Mohamed Shawky,2024,1.8015697762980374,29468.270000000004,0.10679069453809846,3311.5735,-0.0,0.2833862814761623,0.12888616242399573,0.4692628745821284,1.0858433180013765,349205.71,309290.4,1.1290544743710118,1.19112531775762,Exceeding (>=120%),1.0,4.0,68365.55,0.0,0.0,68365.55,CP2024,55144.799999999996,T3 Accelerator,0.015,55144.799999999996,827.1719999999999,1,0.012489108274359605,6 150%+
23,202409,20240901,2,67,0,Egypt SME,EG,SME,39960.0,46787.47,46787.47,0.0,51700.0,4912.53,22337.47,13.0,14710.470000000001,12538.68,REP-015,Mohamed Shawky,2024,1.1708576076076076,6827.470000000001,0.09501992263056093,3599.036153846154,-0.0,0.31441046074942713,0.2679922637406981,0.47742419070746933,-0.29357645240246066,395993.18,349250.4,1.1338374415605537,1.2623406507552848,On Target (100-119%),3.0,27.0,49922.14,0.0,0.0,49922.14,CP2024,59940.0,T2 On Target,0.01,49922.14,499.2214,0,0.010669980659351746,4 100-119%
23,202410,20241001,2,68,0,Egypt SME,EG,SME,41558.4,30886.77,33585.45,-2698.68,37100.0,3514.55,13204.77,10.0,3250.44,8087.1,REP-015,Mohamed Shawky,2024,0.7432136463386463,-10671.630000000001,0.09473180592991914,3358.5449999999996,0.0803526527112187,0.09678119542837747,0.24079177143673827,0.42752188072757363,-0.3398495366387625,426879.95,390808.8,1.0922987148702896,1.2166364844574302,Below Target (<80%),8.0,45.0,35607.225,0.0,-2698.68,35607.225,CP2024,62337.600000000006,T0 Below Gate,0.0,35607.225,0.0,0,0.0,2 60-79%
23,202411,20241101,2,69,0,Egypt SME,EG,SME,43156.8,72151.26,72151.26,0.0,80800.0,8648.74,30762.260000000002,18.0,30147.63,11137.560000000001,REP-015,Mohamed Shawky,2024,1.6718398954510063,28994.459999999992,0.1070388613861386,4008.403333333333,-0.0,0.4178392726613507,0.15436404021218758,0.42635790421400827,1.3359924006297839,499031.21,433965.6,1.149932644430803,1.2017265663098997,Exceeding (>=120%),1.0,10.0,74935.65,0.0,0.0,74935.65,CP2024,64735.200000000004,T3 Accelerator,0.015,64735.200000000004,971.028,1,0.013458226509142045,6 150%+
23,202412,20241201,2,70,0,Egypt SME,EG,SME,45554.4,23767.829999999998,27659.19,-3891.36,30950.0,3290.81,12999.33,9.0,3613.5299999999997,7956.6,REP-015,Mohamed Shawky,2024,0.5217460881934566,-21786.570000000003,0.10632665589660743,3073.2433333333333,0.14068958635448112,0.1306448236553565,0.2876656908607953,0.546929610317812,-0.6705832995847889,522799.04,479520.0,1.0902549215882549,0.9734109876747913,Below Target (<80%),9.0,62.0,29648.34,0.0,-3891.36,29648.34,CP2024,68331.6,T0 Below Gate,0.0,29648.34,0.0,0,0.0,1 <60%
23,202501,20250101,2,71,0,Egypt SME,EG,SME,40439.52,31456.23,31456.23,0.0,34900.0,3443.77,15278.230000000001,10.0,7991.5199999999995,11272.86,REP-015,Mohamed Shawky,2025,0.7778586392716828,-8983.289999999997,0.09867535816618911,3145.623,-0.0,0.25405205900389205,0.35836653025489706,0.4856980636268237,0.3234792574669207,31456.23,40439.52,0.7778586392716828,0.9862532705973299,Below Target (<80%),9.0,39.0,34274.445,0.0,0.0,34274.445,CP2025,60659.28,T0 Below Gate,0.0,34274.445,0.0,0,0.0,2 60-79%
23,202502,20250201,2,72,0,Egypt SME,EG,SME,43656.3,50155.25,50155.25,0.0,55950.0,5794.75,20637.75,15.0,11494.44,5508.3,REP-015,Mohamed Shawky,2025,1.1488662575619097,6498.949999999997,0.10357015192135835,3343.6833333333334,-0.0,0.2291772047791607,0.10982499339550696,0.4114773627885416,0.5944456789640716,81611.48,84095.82,0.970458222537101,0.8127970010386407,On Target (100-119%),6.0,25.0,51532.325,0.0,0.0,51532.325,CP2025,65484.450000000004,T2 On Target,0.01,51532.325,515.32325,0,0.010274562483488767,4 100-119%
23,202503,20250301,2,73,0,Egypt SME,EG,SME,45954.0,27332.32,27332.32,0.0,30750.0,3417.6800000000003,9795.82,7.0,10685.710000000001,2730.0,REP-015,Mohamed Shawky,2025,0.5947756452104278,-18621.68,0.11114406504065041,3904.617142857143,-0.0,0.39095510370140557,0.09988175171372207,0.35839694544773365,-0.45504568315380745,108943.79999999999,130049.82,0.8377081952131882,0.8377081952131882,Below Target (<80%),9.0,44.0,28014.82,0.0,0.0,28014.82,CP2025,68931.0,T0 Below Gate,0.0,28014.82,0.0,0,0.0,1 <60%
23,202504,20250401,2,74,0,Egypt SME,EG,SME,45954.0,56945.6,56945.6,0.0,62800.0,5854.4,27537.6,12.0,5280.48,26749.86,REP-015,Mohamed Shawky,2025,1.2391870131000566,10991.599999999999,0.09322292993630572,4745.466666666666,-0.0,0.09272849877778089,0.46974410665617716,0.48357730887022,1.0834528499593155,165889.4,176003.82,0.9425329518416133,0.9916561366082368,Exceeding (>=120%),2.0,23.0,63633.065,0.0,0.0,63633.065,CP2025,68931.0,T3 Accelerator,0.015,63633.065,954.495975,0,0.016761540399960667,5 120-149%
23,202505,20250501,2,75,0,Egypt SME,EG,SME,45954.0,66049.93,66049.93,0.0,73700.0,7650.07,30076.93,18.0,17333.4,13717.86,REP-015,Mohamed Shawky,2025,1.4373053488270877,20095.929999999993,0.1038001356852103,3669.440555555555,-0.0,0.26242874140820444,0.2076892435767911,0.45536656889719646,0.15987767272625092,231939.33,221957.82,1.0449703011139684,1.0904226690458574,Exceeding (>=120%),1.0,11.0,69479.395,0.0,0.0,69479.395,CP2025,68931.0,T3 Accelerator,0.015,68931.0,1033.965,1,0.015654293653301374,5 120-149%
23,202506,20250601,2,76,0,Egypt SME,EG,SME,47792.16,77236.87,77236.87,0.0,85450.0,8213.13,37368.37,18.0,18408.18,30984.239999999998,REP-015,Mohamed Shawky,2025,1.6160991677296024,29444.709999999992,0.0961162083089526,4290.937222222222,-0.0,0.23833410131715593,0.40115866942821476,0.4838151779066138,0.16937095921222026,309176.19999999995,269749.98,1.146158379696636,1.4333011501203718,Exceeding (>=120%),1.0,7.0,84982.93000000001,0.0,0.0,84982.93000000001,CP2025,71688.24,T3 Accelerator,0.015,71688.24,1075.3236,1,0.01392241296158169,6 150%+
23,202507,20250701,2,77,0,Egypt SME,EG,SME,43656.3,50355.09,50355.09,0.0,56250.0,5894.91,20591.59,13.0,10645.68,7026.54,REP-015,Mohamed Shawky,2025,1.153443832848867,6698.789999999994,0.1047984,3873.4684615384613,-0.0,0.21141219288854415,0.13953981613378114,0.4089276774204952,-0.3480433632279506,359531.29,313406.28,1.1471732155462868,1.409304389455618,On Target (100-119%),4.0,23.0,52111.725,0.0,0.0,52111.725,CP2025,65484.450000000004,T2 On Target,0.01,52111.725,521.11725,0,0.010348849540334455,4 100-119%
23,202508,20250801,2,78,0,Egypt SME,EG,SME,42277.68,36437.11,37576.27,-1139.16,41900.0,4323.73,15787.11,8.0,11781.66,16460.34,REP-015,Mohamed Shawky,2025,0.8618521640733361,-5840.57,0.10319164677804295,4697.03375,0.030315941417282773,0.31353990164537354,0.43805146173369525,0.43327009194746785,-0.2763966860152568,395968.39999999997,355683.96,1.1132590853970472,1.2266043871452506,Near Target (80-99%),6.0,27.0,41691.354999999996,-1139.16,0.0,40552.19499999999,CP2025,63416.520000000004,T1 Approaching,0.005,40552.19499999999,202.76097499999997,0,0.005564683230914855,3 80-99%
23,202509,20250901,2,79,0,Egypt SME,EG,SME,45954.0,52772.19,52772.19,0.0,59050.0,6277.8099999999995,24950.69,16.0,12680.92,21895.5,REP-015,Mohamed Shawky,2025,1.1483698916307612,6818.190000000002,0.10631346316680779,3298.261875,-0.0,0.24029550412821601,0.4149060328934615,0.47279997286449543,0.448308880698826,448740.58999999997,401637.96,1.1172763401148635,1.058204015255977,On Target (100-119%),5.0,24.0,58246.065,0.0,0.0,58246.065,CP2025,68931.0,T2 On Target,0.01,58246.065,582.46065,0,0.011037265082233653,4 100-119%
23,202510,20251001,2,80,0,Egypt SME,EG,SME,47792.16,55157.950000000004,55157.950000000004,0.0,61200.0,6042.05,22062.95,16.0,9857.150000000001,15115.86,REP-015,Mohamed Shawky,2025,1.1541213035778253,7365.790000000001,0.09872630718954249,3447.3718750000003,-0.0,0.1787076930886663,0.2740468055828761,0.39999583015684953,0.04520866009161268,503898.54,449430.12,1.1211944139391459,1.0613378507767461,On Target (100-119%),3.0,19.0,58936.915,0.0,0.0,58936.915,CP2025,71688.24,T2 On Target,0.01,58936.915,589.36915,0,0.010685117013957189,4 100-119%
23,202511,20251101,2,81,0,Egypt SME,EG,SME,49630.32,43176.81,43176.81,0.0,48250.0,5073.19,18788.31,13.0,16638.4,12274.079999999998,REP-015,Mohamed Shawky,2025,0.8699683983500408,-6453.510000000002,0.10514383419689119,3321.2930769230766,-0.0,0.3853550088577642,0.28427482252625885,0.43514817329024547,-0.2172151067978416,547075.35,499060.44,1.0962106112838756,1.0539172812723538,Near Target (80-99%),8.0,46.0,46245.33,0.0,0.0,46245.33,CP2025,74445.48,T1 Approaching,0.005,46245.33,231.22665,0,0.005355343528157824,3 80-99%
23,202512,20251201,2,82,0,Egypt SME,EG,SME,52387.56,20534.879999999997,20534.879999999997,0.0,22500.0,1965.12,11384.88,6.0,0.0,2820.3,REP-015,Mohamed Shawky,2025,0.3919800807672661,-31852.68,0.08733866666666666,3422.4799999999996,-0.0,0.0,0.13734192749117602,0.5544166803020033,-0.5244002509680544,567610.23,551448.0,1.0293087108847978,0.7934691159551122,Below Target (<80%),13.0,71.0,21239.954999999998,0.0,0.0,21239.954999999998,CP2025,78581.34,T0 Below Gate,0.0,21239.954999999998,0.0,0,0.0,1 <60%
24,202401,20240101,2,15,0,Egypt SME,EG,SME,35164.8,28082.7,28082.7,0.0,32100.0,4017.3,11822.7,7.0,0.0,6714.120000000001,REP-016,Walid Farouk,2024,0.7986025798525798,-7082.100000000002,0.12514953271028037,4011.8142857142857,-0.0,0.0,0.23908384877522462,0.4209958444166694,,28082.7,35164.8,0.7986025798525798,0.7986025798525798,Below Target (<80%),10.0,38.0,29761.23,0.0,0.0,29761.23,CP2024,52747.200000000004,T0 Below Gate,0.0,29761.23,0.0,0,0.0,2 60-79%
24,202402,20240201,2,16,0,Egypt SME,EG,SME,37962.0,70999.62,70999.62,0.0,80400.0,9400.380000000001,36011.62,19.0,7277.76,27128.1,REP-016,Walid Farouk,2024,1.8702813339655444,33037.619999999995,0.11692014925373136,3736.8221052631575,-0.0,0.10250421058591583,0.38208796047077437,0.5072086301306965,1.528233396361461,99082.31999999999,73126.8,1.3549385451024794,1.3549385451024794,Exceeding (>=120%),1.0,5.0,77781.645,0.0,0.0,77781.645,CP2024,56943.0,T3 Accelerator,0.015,56943.0,854.145,1,0.012030275654996463,6 150%+
24,202403,20240301,2,17,0,Egypt SME,EG,SME,39960.0,43615.99,43615.99,0.0,49350.0,5734.01,20135.49,12.0,7613.12,9643.32,REP-016,Walid Farouk,2024,1.0914912412412412,3655.989999999998,0.11619067882472138,3634.665833333333,-0.0,0.17454882945451886,0.2210959787912644,0.4616538567621646,-0.3856869938177134,142698.31,113086.8,1.2618476250101691,1.2618476250101691,On Target (100-119%),5.0,24.0,46026.82,0.0,0.0,46026.82,CP2024,59940.0,T2 On Target,0.01,46026.82,460.2682,0,0.010552739946978161,4 100-119%
24,202404,20240401,2,18,0,Egypt SME,EG,SME,39960.0,59791.2,59791.2,0.0,67350.0,7558.8,27768.7,14.0,3204.0,22106.76,REP-016,Walid Farouk,2024,1.4962762762762762,19831.199999999997,0.11223162583518931,4270.8,-0.0,0.05358648095371894,0.369732669690523,0.4644278756740123,0.37085504650931916,202489.50999999998,153046.8,1.323056150144923,1.4795033168761982,Exceeding (>=120%),4.0,11.0,65317.89,0.0,0.0,65317.89,CP2024,59940.0,T3 Accelerator,0.015,59940.0,899.1,1,0.01503732990808012,5 120-149%
24,202405,20240501,2,19,0,Egypt SME,EG,SME,39960.0,42345.69,42345.69,0.0,48400.0,6054.31,17381.69,11.0,12873.26,17924.22,REP-016,Walid Farouk,2024,1.059701951951952,2385.6900000000023,0.12508904958677686,3849.608181818182,-0.0,0.3040040202438548,0.42328321961455817,0.41047128999432997,-0.29177387307831243,244835.19999999998,193006.8,1.2685314714300222,1.2158231564898232,On Target (100-119%),5.0,28.0,46826.745,0.0,0.0,46826.745,CP2024,59940.0,T2 On Target,0.01,46826.745,468.26745000000005,0,0.011058208049036396,4 100-119%
24,202406,20240601,2,20,0,Egypt SME,EG,SME,41558.4,61796.86,61796.86,0.0,70450.0,8653.14,23234.36,17.0,7455.8,13907.28,REP-016,Walid Farouk,2024,1.4869884307384307,20238.46,0.12282668559261888,3635.109411764706,-0.0,0.12065014306552145,0.22504832769820343,0.37597962097103316,0.45934237935430966,306632.06,234565.2,1.3072359412223125,1.349488880327696,Exceeding (>=120%),2.0,13.0,65273.68,0.0,0.0,65273.68,CP2024,62337.600000000006,T3 Accelerator,0.015,62337.600000000006,935.0640000000001,1,0.015131254241720373,5 120-149%
24,202407,20240701,2,21,0,Egypt SME,EG,SME,37962.0,33997.270000000004,36654.07,-2656.8,41550.0,4895.93,12606.77,14.0,9752.08,6847.86,REP-016,Walid Farouk,2024,0.8955605605605607,-3964.729999999996,0.11783225030084236,2618.147857142857,0.07248308305189574,0.26605722093071793,0.18682400071806488,0.37081712737522743,-0.4498544100784408,340629.33,272527.2,1.2498911301330655,1.1561713887800846,Near Target (80-99%),5.0,31.0,38366.035,-3321.0,0.0,35045.035,CP2024,56943.0,T1 Approaching,0.005,35045.035,175.225175,0,0.005154095461194384,3 80-99%
24,202408,20240801,2,22,0,Egypt SME,EG,SME,36763.2,23601.13,24004.510000000002,-403.38,27150.0,3145.49,10761.130000000001,7.0,1280.85,5251.5,REP-016,Walid Farouk,2024,0.6419770313792054,-13162.069999999996,0.11585598526703499,3429.2157142857145,0.01680434218403125,0.053358723006634995,0.21877138920977765,0.455958252846368,-0.30579337693879544,364230.46,309290.4,1.1776326067669736,1.0267592334602642,Below Target (<80%),10.0,44.0,25317.385000000002,-403.38,0.0,24914.005,CP2024,55144.799999999996,T0 Below Gate,0.0,24914.005,0.0,0,0.0,2 60-79%
24,202409,20240901,2,23,0,Egypt SME,EG,SME,39960.0,15483.33,15483.33,0.0,17700.0,2216.67,6502.33,7.0,0.0,0.0,REP-016,Walid Farouk,2024,0.3874707207207207,-24476.67,0.12523559322033898,2211.904285714286,-0.0,0.0,0.0,0.41995681807466484,-0.3439581070906351,379713.79,349250.4,1.0872250683177456,0.637237673213283,Below Target (<80%),10.0,61.0,15483.33,0.0,0.0,15483.33,CP2024,59940.0,T0 Below Gate,0.0,15483.33,0.0,0,0.0,1 <60%
24,202410,20241001,2,24,0,Egypt SME,EG,SME,41558.4,31081.649999999998,31081.649999999998,0.0,35700.0,4618.35,16036.65,9.0,9746.34,14744.46,REP-016,Walid Farouk,2024,0.7479029510279509,-10476.750000000004,0.1293655462184874,3453.5166666666664,-0.0,0.31357215591836346,0.47437829072780885,0.5159523384376312,1.0074266969702252,410795.44,390808.8,1.0511417347818166,0.5932123846819792,Below Target (<80%),7.0,44.0,34767.765,0.0,0.0,34767.765,CP2024,62337.600000000006,T0 Below Gate,0.0,34767.765,0.0,0,0.0,2 60-79%
24,202411,20241101,2,25,0,Egypt SME,EG,SME,43156.8,12894.25,17182.09,-4287.84,19100.0,1917.91,3876.25,7.0,0.0,0.0,REP-016,Walid Farouk,2024,0.29877678604530455,-30262.550000000003,0.10041413612565446,2454.5842857142857,0.24955287744389654,0.0,0.0,0.3006184927390116,-0.5851491153140197,423689.69,433965.6,0.9763209111505613,0.4769130508713842,Below Target (<80%),8.0,62.0,17182.09,-4287.84,0.0,12894.25,CP2024,64735.200000000004,T0 Below Gate,0.0,12894.25,0.0,0,0.0,1 <60%
24,202412,20241201,2,26,0,Egypt SME,EG,SME,45554.4,21574.26,21574.26,0.0,24400.0,2825.74,8475.26,8.0,7286.88,2697.9,REP-016,Walid Farouk,2024,0.4735933301722775,-23980.140000000003,0.11580901639344261,2696.7825,-0.0,0.3377580505658132,0.12505179783686673,0.39284128401159535,0.6731690482191673,445263.95,479520.0,0.9285617909576244,0.5031884645381578,Below Target (<80%),10.0,63.0,22248.735,0.0,0.0,22248.735,CP2024,68331.6,T0 Below Gate,0.0,22248.735,0.0,0,0.0,1 <60%
24,202501,20250101,2,27,0,Egypt SME,EG,SME,40439.52,46990.78,46990.78,0.0,53800.0,6809.22,18822.78,16.0,13469.189999999999,9568.86,REP-016,Walid Farouk,2025,1.1620014283057762,6551.260000000002,0.1265654275092937,2936.92375,-0.0,0.28663473983619764,0.20363271263000957,0.4005632594308926,1.1780946368496534,46990.78,40439.52,1.1620014283057762,0.6307304365008574,On Target (100-119%),4.0,19.0,49382.995,0.0,0.0,49382.995,CP2025,60659.28,T2 On Target,0.01,49382.995,493.82995000000005,0,0.010509081781575025,4 100-119%
24,202502,20250201,2,28,0,Egypt SME,EG,SME,43656.3,56299.97,58415.57,-2115.6,66550.0,8134.43,23048.47,16.0,18216.0,10989.0,REP-016,Walid Farouk,2025,1.2896184514033484,12643.669999999998,0.12223035311795642,3650.973125,0.036216371765267374,0.31183467010593235,0.18811765424868745,0.40938689665376377,0.19810673498077713,103290.75,84095.82,1.228250702591401,0.9630913854214825,Exceeding (>=120%),4.0,16.0,61162.82,-2115.6,0.0,59047.22,CP2025,65484.450000000004,T3 Accelerator,0.015,59047.22,885.7083,0,0.015731949768356894,5 120-149%
24,202503,20250301,2,29,0,Egypt SME,EG,SME,45954.0,21561.55,21561.55,0.0,24850.0,3288.45,8569.05,6.0,14176.09,9495.779999999999,REP-016,Walid Farouk,2025,0.4691985463724594,-24392.45,0.13233199195171025,3593.5916666666667,-0.0,0.6574708219028781,0.44040340328037636,0.39742272703029236,-0.6170237746130237,124852.3,130049.82,0.9600343929734004,0.9600343929734004,Below Target (<80%),12.0,56.0,23935.495,0.0,0.0,23935.495,CP2025,68931.0,T0 Below Gate,0.0,23935.495,0.0,0,0.0,1 <60%
24,202504,20250401,2,30,0,Egypt SME,EG,SME,45954.0,15830.89,15830.89,0.0,18250.0,2419.11,7177.39,6.0,2521.8,2521.8,REP-016,Walid Farouk,2025,0.3444942768855812,-30123.11,0.13255397260273974,2638.4816666666666,-0.0,0.15929616086019172,0.15929616086019172,0.45337880561358207,-0.26578144892180755,140683.19,176003.82,0.799318957963526,0.6911289329122786,Below Target (<80%),13.0,60.0,16461.34,0.0,0.0,16461.34,CP2025,68931.0,T0 Below Gate,0.0,16461.34,0.0,0,0.0,1 <60%
24,202505,20250501,2,31,0,Egypt SME,EG,SME,45954.0,42024.11,42024.11,0.0,47750.0,5725.89,18653.61,14.0,17826.2,9516.720000000001,REP-016,Walid Farouk,2025,0.9144820907864386,-3929.8899999999994,0.11991392670157068,3001.722142857143,-0.0,0.4241898281724467,0.22645857342368467,0.4438787638810197,1.6545639569221946,182707.3,221957.82,0.8231622566846258,0.5760583046814931,Near Target (80-99%),7.0,42.0,44403.29,0.0,0.0,44403.29,CP2025,68931.0,T1 Approaching,0.005,44403.29,222.01645000000002,0,0.0052830732167796065,3 80-99%
24,202506,20250601,2,32,0,Egypt SME,EG,SME,47792.16,53134.8,55188.24,-2053.44,62350.0,7161.76,22145.3,14.0,4750.56,14897.58,REP-016,Walid Farouk,2025,1.1117890465716553,5342.639999999999,0.11486383319967923,3942.0171428571425,0.03720792690616697,0.08607920817913382,0.26994120486538437,0.41677582300112165,0.2643884665255255,235842.1,269749.98,0.8742988600036227,0.7944858474034675,On Target (100-119%),2.0,29.0,58912.635,0.0,-2053.44,58912.635,CP2025,71688.24,T2 On Target,0.01,58912.635,589.12635,0,0.011087391878768716,4 100-119%
24,202507,20250701,2,33,0,Egypt SME,EG,SME,43656.3,25833.79,25833.79,0.0,29900.0,4066.21,12358.79,8.0,3218.4,10304.4,REP-016,Walid Farouk,2025,0.5917539965594886,-17822.510000000002,0.13599364548494983,3229.22375,-0.0,0.12458102353545492,0.398872948955612,0.47839631738122823,-0.5138065825033687,261675.89,313406.28,0.8349414376763605,0.8805715705526669,Below Target (<80%),10.0,56.0,28409.89,0.0,0.0,28409.89,CP2025,65484.450000000004,T0 Below Gate,0.0,28409.89,0.0,0,0.0,1 <60%
24,202508,20250801,2,34,0,Egypt SME,EG,SME,42277.68,33065.32,33065.32,0.0,37500.0,4434.68,13918.32,11.0,2915.3199999999997,5337.9,REP-016,Walid Farouk,2025,0.7820987338945751,-9212.36,0.11825813333333333,3005.938181818182,-0.0,0.0881685100885157,0.16143500199000038,0.4209340783636753,0.2799252451924398,294741.21,355683.96,0.8286603927824016,0.8377861650684002,Below Target (<80%),10.0,36.0,34399.795,0.0,0.0,34399.795,CP2025,63416.520000000004,T0 Below Gate,0.0,34399.795,0.0,0,0.0,2 60-79%
24,202509,20250901,2,35,0,Egypt SME,EG,SME,45954.0,46257.25,46257.25,0.0,52350.0,6092.75,17654.75,18.0,4720.0,2676.3,REP-016,Walid Farouk,2025,1.0065989902946424,303.25,0.11638490926456542,2569.847222222222,-0.0,0.10203805889887531,0.05785687648963136,0.3816644958357879,0.3989657441694198,340998.46,401637.96,0.8490195000492483,0.7973157220240995,On Target (100-119%),6.0,28.0,46926.325,0.0,0.0,46926.325,CP2025,68931.0,T2 On Target,0.01,46926.325,469.26324999999997,0,0.010144642191224077,4 100-119%
24,202510,20251001,2,36,0,Egypt SME,EG,SME,47792.16,37922.75,37922.75,0.0,42900.0,4977.25,14027.75,10.0,3126.96,4165.44,REP-016,Walid Farouk,2025,0.793493116862682,-9869.410000000003,0.11601981351981352,3792.275,-0.0,0.08245604551357695,0.10984013553869378,0.3699032902413459,-0.18017716141793988,378921.21,449430.12,0.8431148539844192,0.8619468469644733,Below Target (<80%),7.0,42.0,38964.11,0.0,0.0,38964.11,CP2025,71688.24,T0 Below Gate,0.0,38964.11,0.0,0,0.0,2 60-79%
24,202511,20251101,2,37,0,Egypt SME,EG,SME,49630.32,48013.92,48013.92,0.0,55200.0,7186.08,20783.920000000002,13.0,2212.51,13567.619999999999,REP-016,Walid Farouk,2025,0.9674311993152572,-1616.4000000000015,0.13018260869565218,3693.3784615384616,-0.0,0.04608059496079471,0.2825768027272091,0.4328728002212692,0.2660980545978337,426935.13,499060.44,0.8554778054537843,0.9220056176577914,Near Target (80-99%),5.0,39.0,51405.825000000004,0.0,0.0,51405.825000000004,CP2025,74445.48,T1 Approaching,0.005,51405.825000000004,257.029125,0,0.005353221003409012,3 80-99%
24,202512,20251201,2,38,0,Egypt SME,EG,SME,52387.56,46502.95,50574.21,-4071.26,57250.0,6675.79,16527.45,14.0,5130.24,6754.26,REP-016,Walid Farouk,2025,0.8876716151697082,-5884.610000000001,0.11660768558951964,3612.4435714285714,0.08050071370368415,0.101439844537364,0.13355146822856948,0.3554064849649324,-0.031469415536161206,473438.08,551448.0,0.8585362173767971,0.8840503613776486,Near Target (80-99%),7.0,41.0,52262.775,0.0,-4071.26,52262.775,CP2025,78581.34,T1 Approaching,0.005,52262.775,261.313875,0,0.00561929673278792,3 80-99%
25,202401,20240101,2,32,0,Egypt SME,EG,SME,35164.8,35774.56,35774.56,0.0,36800.0,1025.44,15243.56,10.0,7478.52,10468.62,REP-017,Tarek Al-Nuaimi,2024,1.0173400673400672,609.7599999999948,0.027865217391304348,3577.4559999999997,-0.0,0.20904575765571962,0.29262749842346075,0.42610055860924634,,35774.56,35164.8,1.0173400673400672,1.0173400673400672,On Target (100-119%),5.0,25.0,38391.715000000004,0.0,0.0,38391.715000000004,CP2024,52747.200000000004,T2 On Target,0.01,38391.715000000004,383.91715000000005,0,0.010731568746058654,4 100-119%
25,202402,20240201,2,33,0,Egypt SME,EG,SME,37962.0,59095.439999999995,59095.439999999995,0.0,61600.0,2504.56,27272.44,16.0,3660.52,11600.7,REP-017,Tarek Al-Nuaimi,2024,1.556699857752489,21133.439999999995,0.04065844155844156,3693.4649999999997,-0.0,0.06194251197723547,0.19630448643753226,0.46149821373696515,0.6518844676216842,94870.0,73126.8,1.2973355869530732,1.2973355869530732,Exceeding (>=120%),3.0,14.0,61995.615,0.0,0.0,61995.615,CP2024,56943.0,T3 Accelerator,0.015,56943.0,854.145,1,0.014453653276801053,6 150%+
25,202403,20240301,2,34,0,Egypt SME,EG,SME,39960.0,30220.170000000002,30220.170000000002,0.0,31700.0,1479.83,12714.17,10.0,11865.26,7502.460000000001,REP-017,Tarek Al-Nuaimi,2024,0.7562605105105106,-9739.829999999998,0.04668233438485804,3022.0170000000003,-0.0,0.3926271758232995,0.24826001971530937,0.42071801713888435,-0.4886209494336618,125090.17,113086.8,1.1061429804362666,1.1061429804362666,Below Target (<80%),10.0,47.0,32095.785,0.0,0.0,32095.785,CP2024,59940.0,T0 Below Gate,0.0,32095.785,0.0,0,0.0,2 60-79%
25,202404,20240401,2,35,0,Egypt SME,EG,SME,39960.0,19821.6,19821.6,0.0,20850.0,1028.4,10904.1,6.0,2171.04,4618.08,REP-017,Tarek Al-Nuaimi,2024,0.496036036036036,-20138.4,0.04932374100719425,3303.6,-0.0,0.10952899866811963,0.23298220123501637,0.5501119990313598,-0.34409369636239645,144911.77,153046.8,0.9468461281124466,0.9258174275970885,Below Target (<80%),10.0,55.0,20976.12,0.0,0.0,20976.12,CP2024,59940.0,T0 Below Gate,0.0,20976.12,0.0,0,0.0,1 <60%
25,202405,20240501,2,36,0,Egypt SME,EG,SME,39960.0,39780.69,39780.69,0.0,41500.0,1719.31,19938.69,10.0,19158.48,12125.52,REP-017,Tarek Al-Nuaimi,2024,0.9955127627627628,-179.30999999999767,0.04142915662650602,3978.0690000000004,-0.0,0.481602506140542,0.30480919260073164,0.5012152881209451,1.0069363724421845,184692.46,193006.8,0.9569220359075432,0.7492697697697697,Near Target (80-99%),7.0,32.0,42812.07,0.0,0.0,42812.07,CP2024,59940.0,T1 Approaching,0.005,42812.07,214.06035,0,0.0053810114907509145,3 80-99%
25,202406,20240601,2,37,0,Egypt SME,EG,SME,41558.4,14173.56,14173.56,0.0,14850.0,676.44,5127.06,4.0,0.0,0.0,REP-017,Tarek Al-Nuaimi,2024,0.3410516285516285,-27384.840000000004,0.045551515151515155,3543.39,-0.0,0.0,0.0,0.36173410208867784,-0.643707537501235,198866.02,234565.2,0.8478070063248938,0.6073166093725305,Below Target (<80%),11.0,63.0,14173.56,0.0,0.0,14173.56,CP2024,62337.600000000006,T0 Below Gate,0.0,14173.56,0.0,0,0.0,1 <60%
25,202407,20240701,2,38,0,Egypt SME,EG,SME,37962.0,32761.78,36422.3,-3660.52,37700.0,1277.7,11264.78,10.0,0.0,2830.5,REP-017,Tarek Al-Nuaimi,2024,0.8630151203835414,-5200.220000000001,0.03389124668435013,3642.2300000000005,0.1005021648825033,0.0,0.07771337889150327,0.343839071015067,1.3114715004557784,231627.8,272527.2,0.8499254386351159,0.7257761942544552,Near Target (80-99%),6.0,33.0,37129.925,0.0,-3660.52,37129.925,CP2024,56943.0,T1 Approaching,0.005,37129.925,185.64962500000001,0,0.005666652575043237,3 80-99%
25,202408,20240801,2,39,0,Egypt SME,EG,SME,36763.2,33299.43,33299.43,0.0,34600.0,1300.5700000000002,15627.43,12.0,5315.58,2916.6,REP-017,Tarek Al-Nuaimi,2024,0.9057815968142056,-3463.769999999997,0.03758872832369942,2774.9525,-0.0,0.15962975942831453,0.08758708482397447,0.469300225259111,0.016410890983334894,264927.23,309290.4,0.856564671907049,0.6899921399062291,Near Target (80-99%),7.0,29.0,34028.58,0.0,0.0,34028.58,CP2024,55144.799999999996,T1 Approaching,0.005,34028.58,170.14290000000003,0,0.005109483856029969,3 80-99%
25,202409,20240901,2,40,0,Egypt SME,EG,SME,39960.0,34407.17,34407.17,0.0,36600.0,2192.83,14348.17,11.0,11758.19,0.0,REP-017,Tarek Al-Nuaimi,2024,0.8610402902902903,-5552.830000000002,0.05991338797814207,3127.9245454545453,-0.0,0.3417366205939053,0.0,0.4170110474066888,0.03326603488408054,299334.39999999997,349250.4,0.8570767563902574,0.8760361406702868,Near Target (80-99%),7.0,38.0,34407.17,0.0,0.0,34407.17,CP2024,59940.0,T1 Approaching,0.005,34407.17,172.03584999999998,0,0.005,3 80-99%
25,202410,20241001,2,41,0,Egypt SME,EG,SME,41558.4,43247.11,43247.11,0.0,45000.0,1752.8899999999999,22937.11,13.0,1671.3,17644.14,REP-017,Tarek Al-Nuaimi,2024,1.040634625009625,1688.7099999999991,0.038953111111111105,3326.7007692307693,-0.0,0.03864535688049444,0.4079842560578036,0.5303732434375383,0.25692144980246856,342581.51,390808.8,0.8765962025420103,0.9380470842464085,On Target (100-119%),3.0,28.0,47658.145,0.0,0.0,47658.145,CP2024,62337.600000000006,T2 On Target,0.01,47658.145,476.58144999999996,0,0.011019960640144507,4 100-119%
25,202411,20241101,2,42,0,Egypt SME,EG,SME,43156.8,12729.93,12729.93,0.0,13500.0,770.07,4644.93,4.0,8323.41,0.0,REP-017,Tarek Al-Nuaimi,2024,0.29496927483038593,-30426.870000000003,0.05704222222222222,3182.4825,-0.0,0.6538457006440727,0.0,0.36488260343929624,-0.7056466894550872,355311.44,433965.6,0.8187548506148875,0.7249574093324093,Below Target (<80%),9.0,63.0,12729.93,0.0,0.0,12729.93,CP2024,64735.200000000004,T0 Below Gate,0.0,12729.93,0.0,0,0.0,1 <60%
25,202412,20241201,2,43,0,Egypt SME,EG,SME,45554.4,106985.39,106985.39,0.0,111500.0,4514.61,47278.39,28.0,33546.13,34635.84,REP-017,Tarek Al-Nuaimi,2024,2.348519352686019,61430.99,0.04048977578475336,3820.906785714286,-0.0,0.313558047505365,0.3237436438751123,0.4419144520574258,7.404240243269208,462296.82999999996,479520.0,0.9640824783116448,1.2509628493524199,Exceeding (>=120%),1.0,4.0,115644.35,0.0,0.0,115644.35,CP2024,68331.6,T3 Accelerator,0.015,68331.6,1024.9740000000002,1,0.009580504403451725,6 150%+
25,202501,20250101,2,44,0,Egypt SME,EG,SME,40439.52,68243.26000000001,68243.26000000001,0.0,71050.0,2806.7400000000002,26770.76,21.0,12104.2,2813.1,REP-017,Tarek Al-Nuaimi,2025,1.687538823408389,27803.740000000013,0.03950372976776918,3249.679047619048,-0.0,0.1773684316956722,0.04122165324458415,0.3922843076371204,-0.36212542665872405,68243.26000000001,40439.52,1.687538823408389,1.4553428738144085,Exceeding (>=120%),2.0,8.0,68946.535,0.0,0.0,68946.535,CP2025,60659.28,T3 Accelerator,0.015,60659.28,909.8892,1,0.013333026587534063,6 150%+
25,202502,20250201,2,45,0,Egypt SME,EG,SME,43656.3,55153.69,55153.69,0.0,57300.0,2146.31,24443.690000000002,13.0,12330.86,7540.92,REP-017,Tarek Al-Nuaimi,2025,1.2633615308672517,11497.39,0.03745741710296684,4242.591538461538,-0.0,0.22357271109149723,0.13672557538761232,0.44319228686240214,-0.1918075132987493,123396.95000000001,84095.82,1.467337496679383,1.7769529430802355,Exceeding (>=120%),5.0,18.0,57038.92,0.0,0.0,57038.92,CP2025,65484.450000000004,T3 Accelerator,0.015,57038.92,855.5838,0,0.015512720907703545,5 120-149%
25,202503,20250301,2,46,0,Egypt SME,EG,SME,45954.0,25787.37,30083.52,-4296.15,31500.0,1416.48,13487.37,8.0,4636.08,7399.259999999999,REP-017,Tarek Al-Nuaimi,2025,0.5611561561561561,-20166.63,0.04496761904761905,3760.44,0.14280742413121866,0.15410696620608227,0.2459572550020742,0.5230223167387756,-0.5324452452773333,149184.32,130049.82,1.1471320759997976,1.1471320759997976,Below Target (<80%),10.0,47.0,31933.335,0.0,-4296.15,31933.335,CP2025,68931.0,T0 Below Gate,0.0,31933.335,0.0,0,0.0,1 <60%
25,202504,20250401,2,47,0,Egypt SME,EG,SME,45954.0,47781.340000000004,47781.340000000004,0.0,49600.0,1818.66,23521.34,15.0,14975.76,7462.56,REP-017,Tarek Al-Nuaimi,2025,1.0397645471558516,1827.3400000000038,0.036666532258064516,3185.422666666667,-0.0,0.3134227713161665,0.15618147167911156,0.49227041351289014,0.8528969801883638,196965.66000000003,176003.82,1.119098778651509,0.9495302229274226,On Target (100-119%),4.0,31.0,49646.98,0.0,0.0,49646.98,CP2025,68931.0,T2 On Target,0.01,49646.98,496.4698,0,0.010390453679197779,4 100-119%
25,202505,20250501,2,48,0,Egypt SME,EG,SME,45954.0,34133.84,34133.84,0.0,35650.0,1516.16,17513.34,11.0,8140.02,8606.7,REP-017,Tarek Al-Nuaimi,2025,0.7427827827827828,-11820.160000000003,0.042529032258064516,3103.076363636363,-0.0,0.23847360859487246,0.25214567127519205,0.5130785168032662,-0.2856240532391935,231099.5,221957.82,1.0411865641859341,0.7812344953649301,Below Target (<80%),9.0,50.0,36285.515,0.0,0.0,36285.515,CP2025,68931.0,T0 Below Gate,0.0,36285.515,0.0,0,0.0,2 60-79%
25,202506,20250601,2,49,0,Egypt SME,EG,SME,47792.16,45475.33,46605.01,-1129.68,48300.0,1694.99,21972.33,12.0,0.0,7464.540000000001,REP-017,Tarek Al-Nuaimi,2025,0.9515228020662803,-2316.8300000000017,0.03509296066252588,3883.7508333333335,0.024239454084442853,0.0,0.16016604223451514,0.483170325536945,0.3322652827809589,276574.83,269749.98,1.0253006506247009,0.9118852118709098,Near Target (80-99%),5.0,37.0,48471.145,0.0,-1129.68,48471.145,CP2025,71688.24,T1 Approaching,0.005,48471.145,242.35572499999998,0,0.005329389033570509,3 80-99%
25,202507,20250701,2,50,0,Egypt SME,EG,SME,43656.3,5833.5199999999995,8673.32,-2839.8,9000.0,326.67999999999995,865.5200000000002,4.0,2044.68,0.0,REP-017,Tarek Al-Nuaimi,2025,0.13362378396703337,-37822.780000000006,0.03629777777777777,2168.33,0.3274178745855105,0.23574363680805044,0.0,0.14837010929935962,-0.871721216756426,282408.35000000003,313406.28,0.9010934624539113,0.6218425055854165,Below Target (<80%),13.0,75.0,8673.32,-3549.75,0.0,5123.57,CP2025,65484.450000000004,T0 Below Gate,0.0,5123.57,0.0,0,0.0,1 <60%
25,202508,20250801,2,51,0,Egypt SME,EG,SME,42277.68,62384.71,62384.71,0.0,64550.0,2165.29,32269.21,16.0,8114.75,18924.66,REP-017,Tarek Al-Nuaimi,2025,1.4755944507834866,20107.03,0.0335443841982959,3899.044375,-0.0,0.13007594328802682,0.3033541391792957,0.5172615212926372,9.694179500541699,344793.06,355683.96,0.9693804016352044,0.8501969771953335,Exceeding (>=120%),1.0,3.0,67115.875,0.0,0.0,67115.875,CP2025,63416.520000000004,T3 Accelerator,0.015,63416.520000000004,951.2478,1,0.015248092040501591,5 120-149%
25,202509,20250901,2,52,0,Egypt SME,EG,SME,45954.0,71347.84,74919.4,-3571.56,77950.0,3030.6,34539.340000000004,18.0,10539.52,12000.66,REP-017,Tarek Al-Nuaimi,2025,1.5525925925925925,25393.839999999997,0.03887876844130853,4162.188888888889,0.047672031543231796,0.14067811541469902,0.1601809411180549,0.4840979068182023,0.1436751088527942,416140.9,401637.96,1.036109485268773,1.0582167533387044,Exceeding (>=120%),2.0,9.0,77919.565,-3571.56,0.0,74348.005,CP2025,68931.0,T3 Accelerator,0.015,68931.0,1033.965,1,0.014491889312977098,6 150%+
25,202510,20251001,2,53,0,Egypt SME,EG,SME,47792.16,44862.340000000004,46404.9,-1542.56,48750.0,2345.1,18843.84,12.0,19050.42,4518.24,REP-017,Tarek Al-Nuaimi,2025,0.9386966397835963,-2929.8199999999997,0.048104615384615385,3867.0750000000003,0.03324131718848656,0.4105260435859144,0.09736557992798174,0.4200369396692192,-0.37121656380907947,461003.24,449430.12,1.0257506550740303,1.3129675650974122,Near Target (80-99%),6.0,34.0,47534.46,0.0,-1542.56,47534.46,CP2025,71688.24,T1 Approaching,0.005,47534.46,237.6723,0,0.005297813266093565,3 80-99%
25,202511,20251101,2,54,0,Egypt SME,EG,SME,49630.32,69166.47,74370.79000000001,-5204.32,77350.0,2979.21,32700.47,19.0,17401.14,16328.1,REP-017,Tarek Al-Nuaimi,2025,1.3936333676671842,19536.15,0.03851596638655462,3914.2521052631582,0.06997801152845087,0.23397815190614485,0.21954990662328583,0.47277922380598575,0.5417490483108994,530169.71,499060.44,1.0623356762158906,1.2929362612333624,Exceeding (>=120%),1.0,13.0,78452.815,-5204.32,0.0,73248.495,CP2025,74445.48,T3 Accelerator,0.015,73248.495,1098.7274249999998,0,0.01588526095086246,5 120-149%
25,202512,20251201,2,55,0,Egypt SME,EG,SME,52387.56,40185.74,40185.74,0.0,41800.0,1614.26,22145.74,10.0,10918.92,13183.619999999999,REP-017,Tarek Al-Nuaimi,2025,0.7670855447361931,-12201.82,0.03861866028708134,4018.5739999999996,-0.0,0.2717113085388001,0.32806712032676266,0.5510845389434164,-0.41899969739673,570355.4500000001,551448.0,1.0342869137253197,1.0294006329615824,Below Target (<80%),9.0,52.0,43481.645,0.0,0.0,43481.645,CP2025,78581.34,T0 Below Gate,0.0,43481.645,0.0,0,0.0,2 60-79%
26,202401,20240101,2,17,0,Egypt SME,EG,SME,35164.8,55116.15,55116.15,0.0,62750.0,7633.85,22975.65,15.0,10049.91,20885.76,REP-018,Samir Adly,2024,1.567367082992083,19951.35,0.12165498007968129,3674.4100000000003,-0.0,0.1823405662405665,0.3789408367601873,0.4168587609983644,,55116.15,35164.8,1.567367082992083,1.567367082992083,Exceeding (>=120%),1.0,7.0,60337.590000000004,0.0,0.0,60337.590000000004,CP2024,52747.200000000004,T3 Accelerator,0.015,52747.200000000004,791.2080000000001,1,0.014355284249716282,6 150%+
26,202402,20240201,2,18,0,Egypt SME,EG,SME,37962.0,31022.96,31022.96,0.0,35300.0,4277.04,11973.96,11.0,13352.73,6952.620000000001,REP-018,Samir Adly,2024,0.8172108951056319,-6939.040000000001,0.12116260623229462,2820.2690909090907,-0.0,0.43041444143305474,0.22411207699071917,0.38597090670909545,-0.43713485067443936,86139.11,73126.8,1.1779417395537615,1.1779417395537615,Near Target (80-99%),10.0,47.0,32761.115,0.0,0.0,32761.115,CP2024,56943.0,T1 Approaching,0.005,32761.115,163.805575,0,0.005280140096238399,3 80-99%
26,202403,20240301,2,19,0,Egypt SME,EG,SME,39960.0,41784.04,41784.04,0.0,47000.0,5215.96,19538.04,11.0,1368.96,12321.060000000001,REP-018,Samir Adly,2024,1.0456466466466467,1824.0400000000009,0.11097787234042553,3798.549090909091,-0.0,0.03276274864756974,0.29487478951293367,0.4675957614438432,0.3468747018337387,127923.15,113086.8,1.1311943569010705,1.1311943569010705,On Target (100-119%),6.0,31.0,44864.305,0.0,0.0,44864.305,CP2024,59940.0,T2 On Target,0.01,44864.305,448.64305,0,0.010737186973782334,4 100-119%
26,202404,20240401,2,20,0,Egypt SME,EG,SME,39960.0,20695.4,20695.4,0.0,23350.0,2654.6,8726.9,7.0,6237.83,2727.9,REP-018,Samir Adly,2024,0.517902902902903,-19264.6,0.11368736616702355,2956.4857142857145,-0.0,0.301411424761058,0.1318119002290364,0.42168307933163884,-0.5047056244441658,148618.55,153046.8,0.9710660399302697,0.7931864067457288,Below Target (<80%),9.0,53.0,21377.375,0.0,0.0,21377.375,CP2024,59940.0,T0 Below Gate,0.0,21377.375,0.0,0,0.0,1 <60%
26,202405,20240501,2,21,0,Egypt SME,EG,SME,39960.0,49491.52,49491.52,0.0,55900.0,6408.4800000000005,23616.52,15.0,22020.55,19264.739999999998,REP-018,Samir Adly,2024,1.2385265265265264,9531.519999999997,0.11464186046511629,3299.4346666666665,-0.0,0.444935819308035,0.3892533508770795,0.4771831618830863,1.3914261140156747,198110.07,193006.8,1.0264408818756645,0.9340253586920253,Exceeding (>=120%),3.0,17.0,54307.705,0.0,0.0,54307.705,CP2024,59940.0,T3 Accelerator,0.015,54307.705,814.615575,0,0.01645970006578905,5 120-149%
26,202406,20240601,2,22,0,Egypt SME,EG,SME,41558.4,64042.06,64042.06,0.0,73000.0,8957.94,25012.06,17.0,22866.559999999998,18903.48,REP-018,Samir Adly,2024,1.5410136097636096,22483.659999999996,0.12271150684931507,3767.18,-0.0,0.3570553476886908,0.2951728910656528,0.39055676847371873,0.29400066920555284,262152.13,234565.2,1.1176087927791505,1.1049617051261786,Exceeding (>=120%),1.0,10.0,68767.93000000001,0.0,0.0,68767.93000000001,CP2024,62337.600000000006,T3 Accelerator,0.015,62337.600000000006,935.0640000000001,1,0.014600779550189362,6 150%+
26,202407,20240701,2,23,0,Egypt SME,EG,SME,37962.0,67648.62,67648.62,0.0,77050.0,9401.380000000001,30094.12,16.0,37298.229999999996,18803.52,REP-018,Samir Adly,2024,1.7820088509562193,29686.619999999995,0.12201661258922779,4228.03875,-0.0,0.5513524148755732,0.2779586634583233,0.4448593334202531,0.056315490163807935,329800.75,272527.2,1.2101571879797686,1.5164177555481904,Exceeding (>=120%),1.0,5.0,72349.5,0.0,0.0,72349.5,CP2024,56943.0,T3 Accelerator,0.015,56943.0,854.145,1,0.01262619991361243,6 150%+
26,202408,20240801,2,24,0,Egypt SME,EG,SME,36763.2,16897.66,16897.66,0.0,19350.0,2452.34,7845.16,5.0,10501.42,8278.560000000001,REP-018,Samir Adly,2024,0.45963517865691783,-19865.539999999997,0.1267359173126615,3379.532,-0.0,0.6214718487648586,0.48992345685734007,0.46427493510935836,-0.7502142689680883,346698.41,309290.4,1.1209478535382926,1.277809940524717,Below Target (<80%),11.0,56.0,18967.3,0.0,0.0,18967.3,CP2024,55144.799999999996,T0 Below Gate,0.0,18967.3,0.0,0,0.0,1 <60%
26,202409,20240901,2,25,0,Egypt SME,EG,SME,39960.0,32855.9,36074.3,-3218.4,40150.0,4075.7,14844.4,10.0,8717.09,11442.06,REP-018,Samir Adly,2024,0.8222197197197197,-7104.0999999999985,0.1015118306351183,3607.4300000000003,0.08921586836057803,0.2416426652769423,0.3171803749483704,0.4518031769027785,0.94440532002656,379554.31,349250.4,1.0867684331929182,1.0236907639346662,Near Target (80-99%),8.0,41.0,38934.815,-3218.4,0.0,35716.415,CP2024,59940.0,T1 Approaching,0.005,35716.415,178.582075,0,0.005435312227027718,3 80-99%
26,202410,20241001,2,26,0,Egypt SME,EG,SME,41558.4,68002.05,68002.05,0.0,77050.0,9047.95,31251.55,20.0,16888.64,21662.7,REP-018,Samir Adly,2024,1.6363009644259645,26443.65,0.11742959117456198,3400.1025,-0.0,0.2483548657724289,0.31855951401465105,0.4595677630306733,1.0697058975709082,447556.36,390808.8,1.1452054303792545,0.9955530699618537,Exceeding (>=120%),1.0,10.0,73417.725,0.0,0.0,73417.725,CP2024,62337.600000000006,T3 Accelerator,0.015,62337.600000000006,935.0640000000001,1,0.013750526638535163,6 150%+
26,202411,20241101,2,27,0,Egypt SME,EG,SME,43156.8,50302.44,50302.44,0.0,57150.0,6847.56,23384.94,14.0,17974.17,7925.1,REP-018,Samir Adly,2024,1.165573907240574,7145.639999999999,0.11981732283464568,3593.031428571429,-0.0,0.35732203050190003,0.1575490175029283,0.46488679276790545,-0.260280535660322,497858.8,433965.6,1.1472310247632531,1.212433507225174,On Target (100-119%),2.0,26.0,52283.715,0.0,0.0,52283.715,CP2024,64735.200000000004,T2 On Target,0.01,52283.715,522.83715,0,0.010393872543757319,4 100-119%
26,202412,20241201,2,28,0,Egypt SME,EG,SME,45554.4,65378.12,65378.12,0.0,73950.0,8571.88,27806.62,16.0,19149.9,13139.4,REP-018,Samir Adly,2024,1.435165867622008,19823.72,0.11591453684922244,4086.1325,-0.0,0.292909921545618,0.20097549455383543,0.4253199694331987,0.29970076998252965,563236.92,479520.0,1.174584834834835,1.4100189913840222,Exceeding (>=120%),3.0,17.0,68662.97,0.0,0.0,68662.97,CP2024,68331.6,T3 Accelerator,0.015,68331.6,1024.9740000000002,1,0.015677630375422236,5 120-149%
26,202501,20250101,2,29,0,Egypt SME,EG,SME,40439.52,3748.5600000000004,3748.5600000000004,0.0,4200.0,451.44,1708.56,2.0,0.0,0.0,REP-018,Samir Adly,2025,0.09269546226067966,-36690.96,0.10748571428571428,1874.2800000000002,-0.0,0.0,0.0,0.45579102375312114,-0.942663386466298,3748.5600000000004,40439.52,0.09269546226067966,0.9247267069049248,Below Target (<80%),13.0,72.0,3748.5600000000004,0.0,0.0,3748.5600000000004,CP2025,60659.28,T0 Below Gate,0.0,3748.5600000000004,0.0,0,0.0,1 <60%
26,202502,20250201,2,30,0,Egypt SME,EG,SME,43656.3,26597.24,26597.24,0.0,30150.0,3552.76,11955.74,7.0,3102.7200000000003,4233.6,REP-018,Samir Adly,2025,0.6092417360151914,-17059.06,0.11783615257048094,3799.6057142857144,-0.0,0.11665571314918391,0.15917441057793966,0.44951055071879636,6.0953219369571245,30345.800000000003,84095.82,0.36084789945564477,0.7383243931248247,Below Target (<80%),11.0,49.0,27655.64,0.0,0.0,27655.64,CP2025,65484.450000000004,T0 Below Gate,0.0,27655.64,0.0,0,0.0,2 60-79%
26,202503,20250301,2,31,0,Egypt SME,EG,SME,45954.0,23674.47,23674.47,0.0,26700.0,3025.5299999999997,12724.470000000001,8.0,4712.22,7956.299999999999,REP-018,Samir Adly,2025,0.5151775688732211,-22279.53,0.11331573033707865,2959.30875,-0.0,0.1990422594465684,0.33607088141783104,0.5374764461464185,-0.10988997354612735,54020.270000000004,130049.82,0.4153813515466611,0.4153813515466611,Below Target (<80%),11.0,53.0,25663.545,0.0,0.0,25663.545,CP2025,68931.0,T0 Below Gate,0.0,25663.545,0.0,0,0.0,1 <60%
26,202504,20250401,2,32,0,Egypt SME,EG,SME,45954.0,39963.03,39963.03,0.0,45400.0,5436.97,19452.03,13.0,12987.72,20285.64,REP-018,Samir Adly,2025,0.8696311528920224,-5990.970000000001,0.11975704845814979,3074.079230769231,-0.0,0.3249933751269611,0.5076101586891685,0.48675062926910195,0.6880221605805746,93983.3,176003.82,0.5339844328378782,0.6656231766032799,Near Target (80-99%),7.0,36.0,45034.44,0.0,0.0,45034.44,CP2025,68931.0,T1 Approaching,0.005,45034.44,225.1722,0,0.005634512698361461,3 80-99%
26,202505,20250501,2,33,0,Egypt SME,EG,SME,45954.0,41472.49,41472.49,0.0,46750.0,5277.51,20219.99,11.0,4168.5599999999995,17627.22,REP-018,Samir Adly,2025,0.9024783479131305,-4481.510000000002,0.11288791443850268,3770.2263636363637,-0.0,0.10051385870489088,0.42503404063754074,0.48755186872068695,0.03777141022590127,135455.79,221957.82,0.6102771688783031,0.7624290232261246,Near Target (80-99%),8.0,43.0,45879.295,0.0,0.0,45879.295,CP2025,68931.0,T1 Approaching,0.005,45879.295,229.396475,0,0.0055312925507969265,3 80-99%
26,202506,20250601,2,34,0,Egypt SME,EG,SME,47792.16,38416.74,38416.74,0.0,43100.0,4683.26,16419.739999999998,13.0,9686.9,16642.8,REP-018,Samir Adly,2025,0.8038293310032439,-9375.420000000006,0.10866032482598609,2955.133846153846,-0.0,0.2521530978422427,0.43321739429217576,0.42741107131943,-0.07368137288115569,173872.53,269749.98,0.6445692044166231,0.8579250016606995,Near Target (80-99%),12.0,51.0,42577.44,0.0,0.0,42577.44,CP2025,71688.24,T0 Below Gate,0.0,42577.44,0.0,0,0.0,3 80-99%
26,202507,20250701,2,35,0,Egypt SME,EG,SME,43656.3,56419.65,56419.65,0.0,64150.0,7730.35,25853.15,12.0,14436.08,20767.44,REP-018,Samir Adly,2025,1.2923598655864101,12763.349999999999,0.12050428682774747,4701.6375,-0.0,0.25586971914926804,0.36808877758015157,0.45822953527715965,0.46862149156851945,230292.18,313406.28,0.7348039739344087,0.9920410449711016,Exceeding (>=120%),1.0,15.0,61611.51,0.0,0.0,61611.51,CP2025,65484.450000000004,T3 Accelerator,0.015,61611.51,924.17265,0,0.01638033291592557,5 120-149%
26,202508,20250801,2,36,0,Egypt SME,EG,SME,42277.68,41330.99,44067.89,-2736.9,50200.0,6132.11,17041.989999999998,12.0,20637.03,5265.3,REP-018,Samir Adly,2025,0.9776078062940066,-946.6900000000023,0.12215358565737051,3672.3241666666668,0.062106445305187066,0.4683008421778306,0.11948155448332108,0.4123295861047606,-0.26743625669425464,271623.17,355683.96,0.7636643777807691,1.018255518330223,Near Target (80-99%),4.0,18.0,45384.215000000004,0.0,-2736.9,45384.215000000004,CP2025,63416.520000000004,T1 Approaching,0.005,45384.215000000004,226.92107500000003,0,0.005490337274766465,3 80-99%
26,202509,20250901,2,37,0,Egypt SME,EG,SME,45954.0,44548.99,44548.99,0.0,50400.0,5851.01,19395.99,11.0,22606.21,6902.16,REP-018,Samir Adly,2025,0.969425730077904,-1405.010000000002,0.11609146825396825,4049.9081818181817,-0.0,0.5074460722903034,0.1549341522669762,0.43538562827125826,0.07785925282699495,316172.16,401637.96,0.7872068666019516,1.0789431303747317,Near Target (80-99%),7.0,29.0,46274.53,0.0,0.0,46274.53,CP2025,68931.0,T1 Approaching,0.005,46274.53,231.37265,0,0.005193667690333721,3 80-99%
26,202510,20251001,2,38,0,Egypt SME,EG,SME,47792.16,69203.99,69203.99,0.0,78100.0,8896.01,28039.99,21.0,16937.22,12358.619999999999,REP-018,Samir Adly,2025,1.4480197170414562,21411.83,0.11390537772087068,3295.4280952380955,-0.0,0.24474340280090787,0.17858247768661892,0.40517880544170937,0.5534356671161346,385376.15,449430.12,0.8574773537652528,1.1401234518890218,Exceeding (>=120%),2.0,8.0,72293.645,0.0,0.0,72293.645,CP2025,71688.24,T3 Accelerator,0.015,71688.24,1075.3236,1,0.015538462449925211,5 120-149%
26,202511,20251101,2,39,0,Egypt SME,EG,SME,49630.32,45830.67,45830.67,0.0,51550.0,5719.33,19387.170000000002,14.0,3546.3,9670.02,REP-018,Samir Adly,2025,0.923440953030325,-3799.6500000000015,0.11094723569350146,3273.6192857142855,-0.0,0.07737831456533366,0.21099451524492224,0.42301738115545773,-0.33774526584377584,431206.82,499060.44,0.8640372697142655,1.113039251626208,Near Target (80-99%),7.0,41.0,48248.174999999996,0.0,0.0,48248.174999999996,CP2025,74445.48,T1 Approaching,0.005,48248.174999999996,241.240875,0,0.005263743144056153,3 80-99%
26,202512,20251201,2,40,0,Egypt SME,EG,SME,52387.56,73169.75,75227.27,-2057.52,84500.0,9272.73,28846.75,19.0,19105.06,15418.62,REP-018,Samir Adly,2025,1.3967008579899503,20782.190000000002,0.10973644970414201,3959.3300000000004,0.027350720024799515,0.25396455301382065,0.20496051498346277,0.3942442061097653,0.5965236816306635,504376.57,551448.0,0.9146403106004556,1.2562870285596346,Exceeding (>=120%),3.0,18.0,79081.925,0.0,-2057.52,79081.925,CP2025,78581.34,T3 Accelerator,0.015,78581.34,1178.7201,1,0.01610939083432703,5 120-149%
27,202401,20240101,2,42,0,Egypt SME,EG,SME,35164.8,34098.9,34098.9,0.0,35250.0,1151.1,17396.4,7.0,2799.3,16858.32,REP-019,Bilal Nasr,2024,0.9696884384384384,-1065.9000000000015,0.03265531914893617,4871.271428571429,-0.0,0.08209355727017588,0.4943948338509453,0.5101748150233586,,34098.9,35164.8,0.9696884384384384,0.9696884384384384,Near Target (80-99%),7.0,27.0,38313.479999999996,0.0,0.0,38313.479999999996,CP2024,52747.200000000004,T1 Approaching,0.005,38313.479999999996,191.5674,0,0.005617993542313681,3 80-99%
27,202402,20240201,2,43,0,Egypt SME,EG,SME,37962.0,43723.78,43723.78,0.0,45200.0,1476.22,23983.78,15.0,24890.32,13376.94,REP-019,Bilal Nasr,2024,1.1517775670407249,5761.779999999999,0.032659734513274336,2914.9186666666665,-0.0,0.5692627673087735,0.3059419839730234,0.548529427236163,0.28226365073360127,77822.68,73126.8,1.0642155817019203,1.0642155817019203,On Target (100-119%),5.0,28.0,47068.015,0.0,0.0,47068.015,CP2024,56943.0,T2 On Target,0.01,47068.015,470.68015,0,0.01076485495993256,4 100-119%
27,202403,20240301,2,44,0,Egypt SME,EG,SME,39960.0,85080.17,87385.61,-2305.44,90200.0,2814.39,37597.17,19.0,26447.64,20967.42,REP-019,Bilal Nasr,2024,2.129133383383383,45120.17,0.031201662971175166,4599.242631578947,0.026382375771022256,0.3026544072874241,0.23994133587898508,0.4419028546839998,0.9458557791663942,162902.85,113086.8,1.4405116246989038,1.4405116246989038,Exceeding (>=120%),1.0,2.0,92627.465,-2305.44,0.0,90322.025,CP2024,59940.0,T3 Accelerator,0.015,59940.0,899.1,1,0.01056767987181972,6 150%+
27,202404,20240401,2,45,0,Egypt SME,EG,SME,39960.0,47560.01,47560.01,0.0,49200.0,1639.99,23260.010000000002,12.0,11246.7,17913.96,REP-019,Bilal Nasr,2024,1.1901904404404404,7600.010000000002,0.033333130081300816,3963.334166666667,-0.0,0.23647387794914257,0.3766601394743188,0.4890665498177986,-0.4409977083966804,210462.86000000002,153046.8,1.3751536131431694,1.4961059364449196,On Target (100-119%),5.0,20.0,52038.5,0.0,0.0,52038.5,CP2024,59940.0,T2 On Target,0.01,52038.5,520.385,0,0.010941650348685796,4 100-119%
27,202405,20240501,2,46,0,Egypt SME,EG,SME,39960.0,19457.94,19457.94,0.0,20000.0,542.06,9661.94,6.0,1515.84,0.0,REP-019,Bilal Nasr,2024,0.4869354354354354,-20502.06,0.027103,3242.99,-0.0,0.07790341629175544,0.0,0.49655513379114136,-0.5908760321959563,229920.80000000002,193006.8,1.19125751009809,1.2687530864197534,Below Target (<80%),11.0,60.0,19457.94,0.0,0.0,19457.94,CP2024,59940.0,T0 Below Gate,0.0,19457.94,0.0,0,0.0,1 <60%
27,202406,20240601,2,47,0,Egypt SME,EG,SME,41558.4,37561.840000000004,37561.840000000004,0.0,39000.0,1438.16,18156.84,13.0,11123.5,10411.86,REP-019,Bilal Nasr,2024,0.9038326788326789,-3996.5599999999977,0.03687589743589744,2889.372307692308,-0.0,0.2961383148429363,0.2771924911026723,0.48338526547155297,0.9304119552223928,267482.64,234565.2,1.1403338602657171,0.860892059822981,Near Target (80-99%),8.0,46.0,40164.805,0.0,0.0,40164.805,CP2024,62337.600000000006,T1 Approaching,0.005,40164.805,200.824025,0,0.00534649061387834,3 80-99%
27,202407,20240701,2,48,0,Egypt SME,EG,SME,37962.0,45069.729999999996,45069.729999999996,0.0,46850.0,1780.27,21620.23,15.0,15591.57,10309.5,REP-019,Bilal Nasr,2024,1.1872327590748641,7107.729999999996,0.03799935965848453,3004.6486666666665,-0.0,0.3459432750096351,0.22874554606828132,0.4797062241109499,0.1998807832630135,312552.37,272527.2,1.1468666980763755,0.8544456664021882,On Target (100-119%),2.0,18.0,47647.104999999996,0.0,0.0,47647.104999999996,CP2024,56943.0,T2 On Target,0.01,47647.104999999996,476.47105,0,0.010571863865170703,4 100-119%
27,202408,20240801,2,49,0,Egypt SME,EG,SME,36763.2,39123.01,41177.15,-2054.14,42350.0,1172.85,16844.510000000002,9.0,16640.86,12412.32,REP-019,Bilal Nasr,2024,1.0641894612003309,2359.810000000005,0.027694214876033057,4575.238888888889,0.04988543403319559,0.40412850330826683,0.3014370834309805,0.4305525060571771,-0.13194487741550692,351675.38,309290.4,1.1370394296104889,1.0470485949867392,On Target (100-119%),5.0,20.0,44280.23,-2054.14,0.0,42226.090000000004,CP2024,55144.799999999996,T2 On Target,0.01,42226.090000000004,422.26090000000005,0,0.010793159831004824,4 100-119%
27,202409,20240901,2,50,0,Egypt SME,EG,SME,39960.0,43621.74,43621.74,0.0,45050.0,1428.26,23526.24,12.0,4621.68,17982.120000000003,REP-019,Bilal Nasr,2024,1.091635135135135,3661.739999999998,0.031703884572697,3635.145,-0.0,0.10594900616068961,0.4122283980418939,0.5393237408686586,0.11498936303725085,395297.12,349250.4,1.1318444302425994,1.1144810315542022,On Target (100-119%),4.0,31.0,48117.270000000004,0.0,0.0,48117.270000000004,CP2024,59940.0,T2 On Target,0.01,48117.270000000004,481.1727000000001,0,0.011030570995104736,4 100-119%
27,202410,20241001,2,51,0,Egypt SME,EG,SME,41558.4,49975.06,49975.06,0.0,51750.0,1774.94,26446.56,12.0,4433.53,20949.72,REP-019,Bilal Nasr,2024,1.2025260837760836,8416.659999999996,0.034298357487922704,4164.588333333333,-0.0,0.08871485096766267,0.41920349870515417,0.5291951625470785,0.1456457261906563,445272.18,390808.8,1.139360679698103,1.12206640762384,Exceeding (>=120%),2.0,20.0,55212.49,0.0,0.0,55212.49,CP2024,62337.600000000006,T3 Accelerator,0.015,55212.49,828.1873499999999,0,0.01657201312014433,5 120-149%
27,202411,20241101,2,52,0,Egypt SME,EG,SME,43156.8,48969.17,48969.17,0.0,50350.0,1380.83,21850.67,13.0,0.0,2861.7,REP-019,Bilal Nasr,2024,1.1346802821339856,5812.369999999995,0.027424627606752728,3766.8592307692306,-0.0,0.0,0.05843880956119942,0.44621279061907726,-0.020127839766475506,494241.35,433965.6,1.138895225796699,1.143499027874028,On Target (100-119%),3.0,29.0,49684.595,0.0,0.0,49684.595,CP2024,64735.200000000004,T2 On Target,0.01,49684.595,496.84595,0,0.010146097023902999,4 100-119%
27,202412,20241201,2,53,0,Egypt SME,EG,SME,45554.4,55119.88,55119.88,0.0,56850.0,1730.12,27334.38,15.0,7700.9400000000005,11505.0,REP-019,Bilal Nasr,2024,1.209979277523137,9565.479999999996,0.030433069481090588,3674.6586666666667,-0.0,0.1397125683147351,0.2087268695069728,0.4959078285366369,0.12560372168856446,549361.23,479520.0,1.1456482107107107,1.1826558920884072,Exceeding (>=120%),5.0,29.0,57996.13,0.0,0.0,57996.13,CP2024,68331.6,T3 Accelerator,0.015,57996.13,869.9419499999999,0,0.015782725760651147,5 120-149%
27,202501,20250101,2,54,0,Egypt SME,EG,SME,40439.52,26046.12,26046.12,0.0,27000.0,953.88,13416.12,8.0,9359.58,7595.280000000001,REP-019,Bilal Nasr,2025,0.644075894075894,-14393.399999999998,0.03532888888888889,3255.765,-0.0,0.35934642088725693,0.29160888454787126,0.515090923331383,-0.527464138165758,26046.12,40439.52,0.644075894075894,1.0076224894448904,Below Target (<80%),12.0,51.0,27944.94,0.0,0.0,27944.94,CP2025,60659.28,T0 Below Gate,0.0,27944.94,0.0,0,0.0,2 60-79%
27,202502,20250201,2,55,0,Egypt SME,EG,SME,43656.3,43009.229999999996,43009.229999999996,0.0,44550.0,1540.77,22361.73,12.0,9183.720000000001,16110.48,REP-019,Bilal Nasr,2025,0.9851780842627523,-647.070000000007,0.034585185185185184,3584.1024999999995,-0.0,0.21352904946217363,0.37458192113646305,0.5199286292732979,0.6512720512690565,69055.34999999999,84095.82,0.821150801549946,0.9577710705003045,Near Target (80-99%),7.0,31.0,47036.85,0.0,0.0,47036.85,CP2025,65484.450000000004,T1 Approaching,0.005,47036.85,235.18425,0,0.005468227401420579,3 80-99%
27,202503,20250301,2,56,0,Egypt SME,EG,SME,45954.0,102062.21,102062.21,0.0,105300.0,3237.79,50286.21,25.0,21147.29,22721.58,REP-019,Bilal Nasr,2025,2.2209646603124864,56108.21000000001,0.03074824311490978,4082.4884,-0.0,0.20720000086221924,0.2226248089278098,0.49270155917650615,1.3730303937085135,171117.56,130049.82,1.3157846739042007,1.3157846739042007,Exceeding (>=120%),1.0,1.0,107742.605,0.0,0.0,107742.605,CP2025,68931.0,T3 Accelerator,0.015,68931.0,1033.965,1,0.010130733010778424,6 150%+
27,202504,20250401,2,57,0,Egypt SME,EG,SME,45954.0,33103.85,33103.85,0.0,34200.0,1096.15,16255.85,9.0,0.0,11661.0,REP-019,Bilal Nasr,2025,0.720369282325804,-12850.150000000001,0.032051169590643275,3678.2055555555553,-0.0,0.0,0.35225510023758566,0.49105617624536124,-0.6756502725151651,204221.41,176003.82,1.160323736155272,1.3143230924365783,Below Target (<80%),11.0,44.0,36019.1,0.0,0.0,36019.1,CP2025,68931.0,T0 Below Gate,0.0,36019.1,0.0,0,0.0,2 60-79%
27,202505,20250501,2,58,0,Egypt SME,EG,SME,45954.0,30863.74,31950.65,-1086.91,32700.0,749.35,13886.74,8.0,2368.08,7610.639999999999,REP-019,Bilal Nasr,2025,0.6716224920572748,-15090.259999999998,0.022915902140672784,3993.83125,0.034018400251638076,0.074116802005593,0.2381998488293665,0.4499370458667679,-0.06766916838977935,235085.15,221957.82,1.0591433543544444,1.2043188115651886,Below Target (<80%),12.0,57.0,33853.31,0.0,-1086.91,33853.31,CP2025,68931.0,T0 Below Gate,0.0,33853.31,0.0,0,0.0,2 60-79%
27,202506,20250601,2,59,0,Egypt SME,EG,SME,47792.16,40422.85,40422.85,0.0,41550.0,1127.15,18452.35,14.0,5565.92,5917.799999999999,REP-019,Bilal Nasr,2025,0.8458050441746093,-7369.310000000005,0.027127557160048138,2887.3464285714285,-0.0,0.1376924190154826,0.1463973965220166,0.4564831524744049,0.30971975528565227,275508.0,269749.98,1.0213457661794823,0.7472463882646949,Near Target (80-99%),9.0,47.0,41902.3,0.0,0.0,41902.3,CP2025,71688.24,T0 Below Gate,0.0,41902.3,0.0,0,0.0,3 80-99%
27,202507,20250701,2,60,0,Egypt SME,EG,SME,43656.3,55452.51,55452.51,0.0,56900.0,1447.49,27526.51,13.0,3466.32,19901.94,REP-019,Bilal Nasr,2025,1.2702063619683757,11796.21,0.025439191564147628,4265.577692307693,-0.0,0.06250970424963631,0.3589006160406445,0.49639790876914314,0.37181099303982784,330960.51,313406.28,1.0560110984374658,0.922393238083219,Exceeding (>=120%),2.0,17.0,60427.994999999995,0.0,0.0,60427.994999999995,CP2025,65484.450000000004,T3 Accelerator,0.015,60427.994999999995,906.4199249999999,0,0.016345877310152416,5 120-149%
27,202508,20250801,2,61,0,Egypt SME,EG,SME,42277.68,35323.41,35323.41,0.0,36650.0,1326.59,17222.91,12.0,7649.28,2866.5,REP-019,Bilal Nasr,2025,0.8355096589973717,-6954.269999999997,0.036196180081855385,2943.6175000000003,-0.0,0.21654987443171536,0.08115014943347768,0.48757778481749064,-0.36299709427039456,366283.92,355683.96,1.0298016250156459,0.9811004041543412,Near Target (80-99%),8.0,29.0,36040.035,0.0,0.0,36040.035,CP2025,63416.520000000004,T0 Below Gate,0.0,36040.035,0.0,0,0.0,3 80-99%
27,202509,20250901,2,62,0,Egypt SME,EG,SME,45954.0,36940.49,36940.49,0.0,38400.0,1459.51,15640.49,14.0,23803.010000000002,5694.0,REP-019,Bilal Nasr,2025,0.8038579884232058,-9013.510000000002,0.03800807291666666,2638.6064285714283,-0.0,0.6443609708479775,0.15413980702475794,0.4233969284110742,0.04577927215973753,403224.41000000003,401637.96,1.0039499503483187,0.9683703549026984,Near Target (80-99%),10.0,51.0,38363.99,0.0,0.0,38363.99,CP2025,68931.0,T0 Below Gate,0.0,38363.99,0.0,0,0.0,3 80-99%
27,202510,20251001,2,63,0,Egypt SME,EG,SME,47792.16,86328.13,86328.13,0.0,89300.0,2971.87,43987.13,25.0,26953.41,13423.98,REP-019,Bilal Nasr,2025,1.8063240916501786,38535.97,0.03327961926091825,3453.1252000000004,-0.0,0.3122204778442438,0.15549948782627399,0.5095341460541308,1.336951404813526,489552.54000000004,449430.12,1.0892739899141608,1.1659134898705992,Exceeding (>=120%),1.0,3.0,89684.125,0.0,0.0,89684.125,CP2025,71688.24,T3 Accelerator,0.015,71688.24,1075.3236,1,0.012456236455023407,6 150%+
27,202511,20251101,2,64,0,Egypt SME,EG,SME,49630.32,35985.56,39523.64,-3538.08,41200.0,1676.3600000000001,14764.56,12.0,9519.02,8785.2,REP-019,Bilal Nasr,2025,0.7250720930270044,-13644.760000000002,0.04068834951456311,3293.6366666666668,0.0895180707040141,0.2408437077151801,0.2222770979596009,0.41029123904143777,-0.5831537182607802,525538.1,499060.44,1.0530550167430621,1.1107413154514603,Below Target (<80%),11.0,55.0,41719.94,-3538.08,0.0,38181.86,CP2025,74445.48,T0 Below Gate,0.0,38181.86,0.0,0,0.0,2 60-79%
27,202512,20251201,2,65,0,Egypt SME,EG,SME,52387.56,73139.54,75498.5,-2358.96,77800.0,2301.5,38348.54,22.0,5268.24,19028.82,REP-019,Bilal Nasr,2025,1.3961241943698084,20751.979999999996,0.029582262210796916,3431.75,0.031245124075312755,0.06977939959072034,0.2520423584574528,0.5243202240539112,1.0324691348418642,598677.64,551448.0,1.0856465886176032,1.3046737721984452,Exceeding (>=120%),4.0,19.0,80255.705,0.0,-2358.96,80255.705,CP2025,78581.34,T3 Accelerator,0.015,78581.34,1178.7201,1,0.01611604475499846,5 120-149%
28,202401,20240101,2,31,0,Egypt SME,EG,SME,35164.8,12532.77,12532.77,0.0,13300.0,767.23,5386.77,6.0,6918.99,0.0,REP-020,Majid Khoury,2024,0.35640100327600327,-22632.030000000002,0.057686466165413536,2088.795,-0.0,0.5520718883375343,0.0,0.42981479752680374,,12532.77,35164.8,0.35640100327600327,0.35640100327600327,Below Target (<80%),11.0,60.0,12532.77,0.0,0.0,12532.77,CP2024,52747.200000000004,T0 Below Gate,0.0,12532.77,0.0,0,0.0,1 <60%
28,202402,20240201,2,32,0,Egypt SME,EG,SME,37962.0,30309.120000000003,30309.120000000003,0.0,31900.0,1590.8799999999999,13381.12,11.0,11596.58,2916.0,REP-020,Majid Khoury,2024,0.7984068278805122,-7652.879999999997,0.04987084639498432,2755.3745454545456,-0.0,0.38261025064403054,0.09620866590649942,0.44148823852358626,1.4183895499558359,42841.89,73126.8,0.5858575788903657,0.5858575788903657,Below Target (<80%),11.0,50.0,31038.120000000003,0.0,0.0,31038.120000000003,CP2024,56943.0,T0 Below Gate,0.0,31038.120000000003,0.0,0,0.0,2 60-79%
28,202403,20240301,2,33,0,Egypt SME,EG,SME,39960.0,58876.46,58876.46,0.0,62150.0,3273.54,29778.96,14.0,6452.43,23728.62,REP-020,Majid Khoury,2024,1.473384884884885,18916.46,0.052671600965406275,4205.461428571429,-0.0,0.10959269630001532,0.40302389104236225,0.505787202559393,0.9425328086067822,101718.35,113086.8,0.8994714679343655,0.8994714679343655,Exceeding (>=120%),2.0,10.0,64808.615,0.0,0.0,64808.615,CP2024,59940.0,T3 Accelerator,0.015,59940.0,899.1,1,0.015270958885775402,5 120-149%
28,202404,20240401,2,34,0,Egypt SME,EG,SME,39960.0,71872.47,73013.31,-1140.84,77600.0,4586.69,32895.47,20.0,27746.7,20001.239999999998,REP-020,Majid Khoury,2024,1.7986103603603605,31912.47,0.059106829896907215,3650.6655,0.01562509630093472,0.38002249178951075,0.2739396419639104,0.4576922151137981,0.22073354953745525,173590.82,153046.8,1.1342335808393251,1.3662649938073665,Exceeding (>=120%),1.0,4.0,78013.62,-1140.84,0.0,76872.78,CP2024,59940.0,T3 Accelerator,0.015,59940.0,899.1,1,0.012509657731256488,6 150%+
28,202405,20240501,2,35,0,Egypt SME,EG,SME,39960.0,41298.32,43558.88,-2260.56,46150.0,2591.12,20010.82,13.0,10151.23,17434.86,REP-020,Majid Khoury,2024,1.0334914914914914,1338.3199999999997,0.056145612134344526,3350.683076923077,0.05189665115356502,0.23304616647627305,0.4002596026344112,0.4845431969145476,-0.4253944521455851,214889.14,193006.8,1.113376005404991,1.4351622455789121,On Target (100-119%),6.0,31.0,47917.595,-2260.56,0.0,45657.035,CP2024,59940.0,T2 On Target,0.01,45657.035,456.57035,0,0.011055421867039629,4 100-119%
28,202406,20240601,2,36,0,Egypt SME,EG,SME,41558.4,33961.89,38649.45,-4687.5599999999995,40850.0,2200.55,14714.39,12.0,12951.08,14777.94,REP-020,Majid Khoury,2024,0.8172087953337953,-7596.510000000002,0.053869033047735625,3220.7875,0.12128400274777519,0.3350909262615639,0.3823583518006078,0.433261811989851,-0.17764475649372663,248851.03,234565.2,1.0609034502986803,1.2111838812496707,Near Target (80-99%),9.0,50.0,42343.935,-1136.52,-3551.04,41207.415,CP2024,62337.600000000006,T1 Approaching,0.005,41207.415,206.03707500000002,0,0.006066714043299711,3 80-99%
28,202407,20240701,2,37,0,Egypt SME,EG,SME,37962.0,19980.16,19980.16,0.0,21450.0,1469.8400000000001,9772.66,6.0,6655.8,0.0,REP-020,Majid Khoury,2024,0.526320004214741,-17981.84,0.06852400932400933,3330.0266666666666,-0.0,0.33312045549184793,0.0,0.4891182052596175,-0.41168880766058663,268831.19,272527.2,0.9864380142605949,0.7971212851647634,Below Target (<80%),11.0,52.0,19980.16,0.0,0.0,19980.16,CP2024,56943.0,T0 Below Gate,0.0,19980.16,0.0,0,0.0,1 <60%
28,202408,20240801,2,38,0,Egypt SME,EG,SME,36763.2,46436.55,46436.55,0.0,49100.0,2663.45,18029.55,12.0,10759.29,8932.32,REP-020,Majid Khoury,2024,1.2631258976367674,9673.350000000006,0.054245417515274945,3869.7125,-0.0,0.23169873730929624,0.1923553752378245,0.38826204789115465,1.3241330399756561,315267.74,309290.4,1.0193259797264964,0.8632223288580677,Exceeding (>=120%),4.0,12.0,48669.63,0.0,0.0,48669.63,CP2024,55144.799999999996,T3 Accelerator,0.015,48669.63,730.04445,0,0.015721332657141842,5 120-149%
28,202409,20240901,2,39,0,Egypt SME,EG,SME,39960.0,59806.3,59806.3,0.0,63300.0,3493.7,28102.3,15.0,7959.2,22127.46,REP-020,Majid Khoury,2024,1.4966541541541543,19846.300000000003,0.055192733017377565,3987.086666666667,-0.0,0.1330829695199335,0.3699854363169097,0.46988862377374957,0.287914369176866,375074.04000000004,349250.4,1.073940187326915,1.1006041756041756,Exceeding (>=120%),1.0,13.0,65338.165,0.0,0.0,65338.165,CP2024,59940.0,T3 Accelerator,0.015,59940.0,899.1,1,0.01503353325652983,5 120-149%
28,202410,20241001,2,40,0,Egypt SME,EG,SME,41558.4,34053.64,34053.64,0.0,35650.0,1596.36,16656.14,10.0,10777.8,8681.4,REP-020,Majid Khoury,2024,0.8194165319165319,-7504.760000000002,0.04477868162692847,3405.364,-0.0,0.31649480055582896,0.25493309966276734,0.4891148200309864,-0.4306011239618569,409127.68,390808.8,1.0468742771401258,1.1861226936395854,Near Target (80-99%),6.0,39.0,36223.99,0.0,0.0,36223.99,CP2024,62337.600000000006,T1 Approaching,0.005,36223.99,181.11995,0,0.005318666374578459,3 80-99%
28,202411,20241101,2,41,0,Egypt SME,EG,SME,43156.8,30978.84,30978.84,0.0,33000.0,2021.16,13937.84,9.0,7402.24,5486.4,REP-020,Majid Khoury,2024,0.7178205983761539,-12177.960000000003,0.06124727272727273,3442.0933333333332,-0.0,0.23894503473984177,0.1771015312387423,0.4499148451007204,-0.09029284387806999,440106.52,433965.6,1.0141507068763056,1.001312049228716,Below Target (<80%),7.0,49.0,32350.44,0.0,0.0,32350.44,CP2024,64735.200000000004,T0 Below Gate,0.0,32350.44,0.0,0,0.0,2 60-79%
28,202412,20241201,2,42,0,Egypt SME,EG,SME,45554.4,39299.87,39299.87,0.0,41800.0,2500.13,18719.87,14.0,9481.619999999999,5679.6,REP-020,Majid Khoury,2024,0.8627019563423073,-6254.529999999999,0.05981172248803828,2807.1335714285715,-0.0,0.2412633934921413,0.14451956202399652,0.4763341456345784,0.26860366624444304,479406.39,479520.0,0.9997630755755756,0.8008956041931501,Near Target (80-99%),7.0,44.0,40719.77,0.0,0.0,40719.77,CP2024,68331.6,T1 Approaching,0.005,40719.77,203.59885,0,0.005180649452529995,3 80-99%
28,202501,20250101,2,43,0,Egypt SME,EG,SME,40439.52,37742.06,37742.06,0.0,40400.0,2657.94,18228.06,13.0,19507.25,2775.3,REP-020,Majid Khoury,2025,0.9332964387312214,-2697.459999999999,0.06579059405940595,2903.2353846153846,-0.0,0.5168570554972357,0.07353334714639319,0.4829640989389557,-0.03963906241929057,37742.06,40439.52,0.9332964387312214,0.8363930917303442,Near Target (80-99%),7.0,28.0,38435.885,0.0,0.0,38435.885,CP2025,60659.28,T1 Approaching,0.005,38435.885,192.179425,0,0.005091916683932992,3 80-99%
28,202502,20250201,2,44,0,Egypt SME,EG,SME,43656.3,7082.34,10026.240000000002,-2943.9,10400.0,373.76,3342.34,4.0,2147.28,4800.0,REP-020,Majid Khoury,2025,0.16222950639426612,-36573.96000000001,0.03593846153846154,2506.5600000000004,0.2936195423209498,0.21416602834163154,0.47874377633090764,0.47192594537963445,-0.8123488754985817,44824.399999999994,84095.82,0.5330157907967362,0.6488555900637885,Below Target (<80%),13.0,71.0,11226.240000000002,0.0,-2943.9,11226.240000000002,CP2025,65484.450000000004,T0 Below Gate,0.0,11226.240000000002,0.0,0,0.0,1 <60%
28,202503,20250301,2,45,0,Egypt SME,EG,SME,45954.0,55575.58,55575.58,0.0,58450.0,2874.42,25458.08,14.0,8345.16,17680.74,REP-020,Majid Khoury,2025,1.2093741567654612,9621.580000000002,0.04917741659538067,3969.684285714286,-0.0,0.15015875677770704,0.3181386501049562,0.4580803295260257,6.847064670716176,100399.98,130049.82,0.7720116798316213,0.7720116798316212,Exceeding (>=120%),3.0,13.0,59995.765,0.0,0.0,59995.765,CP2025,68931.0,T3 Accelerator,0.015,59995.765,899.936475,0,0.016193019937893585,5 120-149%
28,202504,20250401,2,46,0,Egypt SME,EG,SME,45954.0,51510.67,51510.67,0.0,54350.0,2839.33,23328.170000000002,13.0,12769.060000000001,11971.02,REP-020,Majid Khoury,2025,1.1209180920050485,5556.669999999998,0.05224158233670653,3962.3592307692306,-0.0,0.24789155334224933,0.23239884086151472,0.45288034498483526,-0.07314201669150378,151910.65,176003.82,0.863109959772464,0.8421729762186652,On Target (100-119%),3.0,27.0,54503.425,0.0,0.0,54503.425,CP2025,68931.0,T2 On Target,0.01,54503.425,545.03425,0,0.010580997102153787,4 100-119%
28,202505,20250501,2,47,0,Egypt SME,EG,SME,45954.0,64909.43,64909.43,0.0,69050.0,4140.57,28453.93,20.0,24698.53,12946.199999999999,REP-020,Majid Khoury,2025,1.4124870522696609,18955.43,0.05996480811006517,3245.4715,-0.0,0.3805075780206358,0.19945021855838202,0.4383635782967128,0.26011620505033234,216820.08,221957.82,0.976852629026542,1.2475931003467235,Exceeding (>=120%),2.0,12.0,68145.98,0.0,0.0,68145.98,CP2025,68931.0,T3 Accelerator,0.015,68145.98,1022.1896999999999,0,0.01574793831959393,5 120-149%
28,202506,20250601,2,48,0,Egypt SME,EG,SME,47792.16,40110.37,40110.37,0.0,42450.0,2339.63,20866.87,12.0,2127.33,5612.1,REP-020,Majid Khoury,2025,0.8392667332884725,-7681.790000000001,0.05511495877502945,3342.5308333333337,-0.0,0.05303690791184424,0.1399164355751393,0.5202362880222745,-0.38205635144230965,256930.45,269749.98,0.9524762522688603,1.1204745220048422,Near Target (80-99%),10.0,49.0,41513.395,0.0,0.0,41513.395,CP2025,71688.24,T0 Below Gate,0.0,41513.395,0.0,0,0.0,3 80-99%
28,202507,20250701,2,49,0,Egypt SME,EG,SME,43656.3,26984.73,33982.409999999996,-6997.68,35450.0,1467.5900000000001,13399.23,10.0,7876.95,8851.5,REP-020,Majid Khoury,2025,0.6181176599940902,-16671.570000000003,0.04139887165021157,3398.2409999999995,0.20592065130165874,0.23179491978349978,0.26047299176250305,0.4965486035991466,-0.32723806835987806,283915.18,313406.28,0.905901375045835,0.9607144588240994,Below Target (<80%),9.0,53.0,36195.284999999996,0.0,-6997.68,36195.284999999996,CP2025,65484.450000000004,T0 Below Gate,0.0,36195.284999999996,0.0,0,0.0,2 60-79%
28,202508,20250801,2,50,0,Egypt SME,EG,SME,42277.68,35941.86,35941.86,0.0,37850.0,1908.14,17757.36,9.0,4545.62,18792.9,REP-020,Majid Khoury,2025,0.8501379451284934,-6335.82,0.05041321003963012,3993.54,-0.0,0.12647147365217049,0.5228694341361299,0.4940579035141754,0.33193328226741575,319857.04,355683.96,0.8992731637378305,0.7705072471246084,Near Target (80-99%),7.0,28.0,40640.085,0.0,0.0,40640.085,CP2025,63416.520000000004,T1 Approaching,0.005,40640.085,203.200425,0,0.0056535867926701625,3 80-99%
28,202509,20250901,2,51,0,Egypt SME,EG,SME,45954.0,22754.32,25016.32,-2262.0,26500.0,1483.68,10186.32,8.0,6226.18,0.0,REP-020,Majid Khoury,2025,0.4951542847195021,-23199.68,0.05598792452830189,3127.04,0.09042097318870242,0.24888472804952927,0.0,0.44766532245305507,-0.36691312024475087,342611.36,401637.96,0.8530353057265802,0.6496491188962025,Below Target (<80%),12.0,67.0,25016.32,-2262.0,0.0,22754.32,CP2025,68931.0,T0 Below Gate,0.0,22754.32,0.0,0,0.0,1 <60%
28,202510,20251001,2,52,0,Egypt SME,EG,SME,47792.16,37126.89,37126.89,0.0,39600.0,2473.11,16937.89,13.0,17424.02,2748.0,REP-020,Majid Khoury,2025,0.7768405947753774,-10665.270000000004,0.06245227272727273,2855.9146153846154,-0.0,0.46930997990944034,0.07401643391083929,0.4562162357256425,0.631641376230975,379738.25,449430.12,0.8449328006765546,0.7044579097311175,Below Target (<80%),9.0,45.0,37813.89,0.0,0.0,37813.89,CP2025,71688.24,T0 Below Gate,0.0,37813.89,0.0,0,0.0,2 60-79%
28,202511,20251101,2,53,0,Egypt SME,EG,SME,49630.32,29442.39,33627.67,-4185.28,35750.0,2122.33,14756.89,8.0,12311.65,7311.66,REP-020,Majid Khoury,2025,0.5932339344175093,-20187.93,0.05936587412587412,4203.45875,0.1244594109553234,0.36611665333934823,0.21742987248298798,0.5012123676101023,-0.20697936185874982,409180.64,499060.44,0.8199019741977545,0.6230003693771807,Below Target (<80%),12.0,59.0,35455.585,-4185.28,0.0,31270.305,CP2025,74445.48,T0 Below Gate,0.0,31270.305,0.0,0,0.0,1 <60%
28,202512,20251201,2,54,0,Egypt SME,EG,SME,52387.56,37516.81,37516.81,0.0,39700.0,2183.19,16207.81,12.0,9831.0,2721.3,REP-020,Majid Khoury,2025,0.7161396713265515,-14870.75,0.054992191435768265,3126.400833333333,-0.0,0.26204253506628095,0.07253548476003158,0.4320146089179757,0.27424471994291216,446697.45,551448.0,0.8100445554249902,0.6947871451072302,Below Target (<80%),11.0,58.0,38197.135,0.0,0.0,38197.135,CP2025,78581.34,T0 Below Gate,0.0,38197.135,0.0,0,0.0,2 60-79%
29,202401,20240101,3,62,0,Egypt Channel,EG,CHN,39723.2,15037.08,15037.08,0.0,19300.0,4262.92,6932.08,4.0,4378.98,9292.5,REP-021,Ahmed Al-Mazrouei,2024,0.37854654207113225,-24686.119999999995,0.22087668393782384,3759.27,-0.0,0.2912121236303857,0.617972372295685,0.4609990769484501,,15037.08,39723.2,0.37854654207113225,0.37854654207113225,Below Target (<80%),7.0,57.0,17360.205,0.0,0.0,17360.205,CP2024,59584.799999999996,T0 Below Gate,0.0,17360.205,0.0,0,0.0,1 <60%
29,202402,20240201,3,63,0,Egypt Channel,EG,CHN,42883.0,93441.08,93441.08,0.0,119250.0,25808.92,24716.58,14.0,27661.53,26230.8,REP-021,Ahmed Al-Mazrouei,2024,2.178977217079029,50558.08,0.21642700209643603,6674.362857142857,-0.0,0.2960317881599827,0.2807202142783452,0.26451513616923095,5.214044216031304,108478.16,82606.2,1.3131963460369804,1.3131963460369804,Exceeding (>=120%),1.0,1.0,99998.78,0.0,0.0,99998.78,CP2024,64324.5,T3 Accelerator,0.015,64324.5,964.8675,1,0.010325945504910687,6 150%+
29,202403,20240301,3,64,0,Egypt Channel,EG,CHN,45140.0,62130.62,62130.62,0.0,79750.0,17619.38,18763.12,11.0,15691.0,7578.24,REP-021,Ahmed Al-Mazrouei,2024,1.376398316349136,16990.620000000003,0.22093266457680252,5648.238181818182,-0.0,0.25254858232542987,0.1219727084648439,0.3019947330317965,-0.3350823856059883,170608.78,127746.2,1.3355291977373887,1.3355291977373887,Exceeding (>=120%),4.0,12.0,64025.18,0.0,0.0,64025.18,CP2024,67710.0,T3 Accelerator,0.015,64025.18,960.3777,0,0.015457397656743165,5 120-149%
29,202404,20240401,3,65,0,Egypt Channel,EG,CHN,45140.0,33928.130000000005,33928.130000000005,0.0,44200.0,10271.869999999999,7146.13,6.0,11802.66,10526.16,REP-021,Ahmed Al-Mazrouei,2024,0.7516200708905628,-11211.869999999995,0.23239524886877827,5654.688333333334,-0.0,0.34787239968722117,0.31024875228902976,0.21062551929622997,-0.4539225586353395,204536.91,172886.2,1.1830725066546663,1.4230666926999243,Below Target (<80%),4.0,42.0,36559.67,0.0,0.0,36559.67,CP2024,67710.0,T0 Below Gate,0.0,36559.67,0.0,0,0.0,2 60-79%
29,202405,20240501,3,66,0,Egypt Channel,EG,CHN,45140.0,30623.12,34907.66,-4284.54,44800.0,9892.34,7093.619999999999,7.0,14748.02,4722.9,REP-021,Ahmed Al-Mazrouei,2024,0.6784031900753212,-14516.880000000001,0.22081116071428572,4986.808571428572,0.12273924978070715,0.4224866404680233,0.13529695201568936,0.23164262818419545,-0.0974120884351718,235160.03,218026.2,1.0785861057065618,0.9354738591050067,Below Target (<80%),6.0,51.0,36088.385,-4284.54,0.0,31803.845,CP2024,67710.0,T0 Below Gate,0.0,31803.845,0.0,0,0.0,2 60-79%
29,202406,20240601,3,67,0,Egypt Channel,EG,CHN,46945.6,67095.46,67095.46,0.0,86350.0,19254.54,25126.96,11.0,14829.68,16553.64,REP-021,Ahmed Al-Mazrouei,2024,1.4292172216352546,20149.860000000008,0.2229825130283729,6099.587272727274,-0.0,0.22102359831797858,0.2467177361925829,0.37449568122791016,1.1910066642458381,302255.49,264971.8,1.1407081432816624,0.9593451221929437,Exceeding (>=120%),3.0,15.0,71233.87,0.0,0.0,71233.87,CP2024,70418.4,T3 Accelerator,0.015,70418.4,1056.2759999999998,1,0.015742883348590198,5 120-149%
29,202407,20240701,3,68,0,Egypt Channel,EG,CHN,42883.0,30946.68,35928.24,-4981.5599999999995,46500.0,10571.76,6474.68,7.0,11019.57,5910.6,REP-021,Ahmed Al-Mazrouei,2024,0.7216538022060024,-11936.32,0.22734967741935486,5132.605714285714,0.13865304840983025,0.30671054301574474,0.1645112591098256,0.20922050442890805,-0.5387664083382095,333202.17000000004,307854.8,1.0823354711376925,0.9532977299905312,Below Target (<80%),5.0,41.0,37405.89,-5890.799999999999,0.0,31515.09,CP2024,64324.5,T0 Below Gate,0.0,31515.09,0.0,0,0.0,2 60-79%
29,202408,20240801,3,69,0,Egypt Channel,EG,CHN,41528.8,10224.960000000001,13484.76,-3259.8,17000.0,3515.24,1914.96,3.0,0.0,0.0,REP-021,Ahmed Al-Mazrouei,2024,0.2462137119300341,-31303.840000000004,0.20677882352941176,4494.92,0.24173956377421624,0.0,0.0,0.18728288423622194,-0.6695942828115973,343427.13,349383.6,0.9829514894230869,0.8242177448701026,Below Target (<80%),7.0,64.0,13484.76,0.0,-3259.8,13484.76,CP2024,62293.200000000004,T0 Below Gate,0.0,13484.76,0.0,0,0.0,1 <60%
29,202409,20240901,3,70,0,Egypt Channel,EG,CHN,45140.0,38667.05,43061.57,-4394.52,55350.0,12288.43,10017.550000000001,7.0,13638.710000000001,10714.5,REP-021,Ahmed Al-Mazrouei,2024,0.8566027913159061,-6472.949999999997,0.22201318879855467,6151.652857142857,0.10205201528880625,0.316725795181179,0.2488181457387643,0.25907200057930463,2.7816333755828873,382094.18000000005,394523.6,0.9684951166419451,0.6162684733056585,Near Target (80-99%),3.0,39.0,45740.195,-5321.52,0.0,40418.675,CP2024,67710.0,T1 Approaching,0.005,40418.675,202.093375,0,0.0052265009872746945,3 80-99%
29,202410,20241001,3,71,0,Egypt Channel,EG,CHN,46945.6,17666.46,17666.46,0.0,22750.0,5083.54,4218.96,3.0,6491.349999999999,2375.7,REP-021,Ahmed Al-Mazrouei,2024,0.3763176953750724,-29279.14,0.2234523076923077,5888.82,-0.0,0.36743920400578267,0.1344751580112824,0.23881185025183316,-0.5431133225834399,399760.64,441469.2,0.9055232845235862,0.49813844914919353,Below Target (<80%),7.0,61.0,18260.385,0.0,0.0,18260.385,CP2024,70418.4,T0 Below Gate,0.0,18260.385,0.0,0,0.0,1 <60%
29,202411,20241101,3,72,0,Egypt Channel,EG,CHN,48751.2,91927.19,91927.19,0.0,117900.0,25972.809999999998,24762.19,11.0,12690.720000000001,17714.04,REP-021,Ahmed Al-Mazrouei,2024,1.8856395329755986,43175.990000000005,0.22029525021204407,8357.017272727273,-0.0,0.13805186474208556,0.19269641550013658,0.26936742002012676,4.20348672003333,491687.83,490220.4,1.0029934086790349,1.0527127852947527,Exceeding (>=120%),1.0,6.0,96355.7,0.0,0.0,96355.7,CP2024,73126.79999999999,T3 Accelerator,0.015,73126.79999999999,1096.9019999999998,1,0.011932291196978823,6 150%+
29,202412,20241201,3,73,0,Egypt Channel,EG,CHN,51459.6,38051.17,38051.17,0.0,49150.0,11098.83,13983.67,7.0,6997.950000000001,6989.700000000001,REP-021,Ahmed Al-Mazrouei,2024,0.7394377336784584,-13408.43,0.22581546286876908,5435.881428571428,-0.0,0.18390893105258002,0.18369211774565672,0.3674964528028967,-0.5860727386532755,529739.0,541680.0,0.9779556195539802,1.0033190537414616,Below Target (<80%),6.0,55.0,39798.595,0.0,0.0,39798.595,CP2024,77189.4,T0 Below Gate,0.0,39798.595,0.0,0,0.0,2 60-79%
29,202501,20250101,3,74,0,Egypt Channel,EG,CHN,45681.68,35971.229999999996,44499.21,-8527.98,57600.0,13100.789999999999,10535.23,6.0,6258.959999999999,6986.7,REP-021,Ahmed Al-Mazrouei,2025,0.7874322923325061,-9710.450000000004,0.22744427083333332,7416.535,0.19164340220871337,0.14065328350772968,0.15700728170230438,0.2928793371814086,-0.054661656921456095,35971.229999999996,45681.68,0.7874322923325061,1.137478710348882,Below Target (<80%),3.0,38.0,46245.885,-8527.98,0.0,37717.905,CP2025,68522.52,T0 Below Gate,0.0,37717.905,0.0,0,0.0,2 60-79%
29,202502,20250201,3,75,0,Egypt Channel,EG,CHN,49315.45,50391.88,53799.99,-3408.1099999999997,67900.0,14100.01,19513.88,9.0,0.0,27263.52,REP-021,Ahmed Al-Mazrouei,2025,1.0218274394738363,1076.4300000000003,0.20765846833578794,5977.776666666667,0.06334778129140915,0.0,0.5067569715161657,0.3872425478073055,0.4008939922265656,86363.10999999999,94997.13,0.9091128331982238,0.8494951375740809,On Target (100-119%),1.0,30.0,60615.869999999995,0.0,-3408.1099999999997,60615.869999999995,CP2025,73973.17499999999,T2 On Target,0.01,60615.869999999995,606.1587,0,0.012028896322185241,4 100-119%
29,202503,20250301,3,76,0,Egypt Channel,EG,CHN,51911.0,24952.3,24952.3,0.0,32100.0,7147.7,7775.299999999999,5.0,11407.08,10772.34,REP-021,Ahmed Al-Mazrouei,2025,0.48067461616998325,-26958.7,0.22266978193146417,4990.46,-0.0,0.4571554526035676,0.43171731664014945,0.31160654528841025,-0.5048349059411953,111315.40999999999,146908.13,0.7577212370751706,0.7577212370751707,Below Target (<80%),5.0,55.0,27645.385,0.0,0.0,27645.385,CP2025,77866.5,T0 Below Gate,0.0,27645.385,0.0,0,0.0,1 <60%
29,202504,20250401,3,77,0,Egypt Channel,EG,CHN,51911.0,80941.15,80941.15,0.0,104200.0,23258.85,19787.15,13.0,30367.690000000002,18976.98,REP-021,Ahmed Al-Mazrouei,2025,1.559229257768103,29030.149999999994,0.22321353166986563,6226.242307692307,-0.0,0.3751823392674802,0.23445404469790707,0.24446341570387872,2.2438352376334043,192256.56,198819.13,0.9669922607547875,1.0205559123519428,Exceeding (>=120%),4.0,10.0,85685.395,0.0,0.0,85685.395,CP2025,77866.5,T3 Accelerator,0.015,77866.5,1167.9975,1,0.014430206390692497,6 150%+
29,202505,20250501,3,78,0,Egypt Channel,EG,CHN,51911.0,51913.66,52251.880000000005,-338.22,66550.0,14298.119999999999,18443.66,7.0,16996.5,12541.86,REP-021,Ahmed Al-Mazrouei,2025,1.0000512415480343,2.6600000000034925,0.21484778362133733,7464.554285714286,0.0064728771481523725,0.32528016216832767,0.2400269617093203,0.35527566347662637,-0.35862463036415954,244170.21999999997,250730.13,0.9738367702357908,1.0133183718287067,On Target (100-119%),6.0,35.0,55387.345,0.0,-338.22,55387.345,CP2025,77866.5,T2 On Target,0.01,55387.345,553.87345,0,0.010669127354919688,4 100-119%
29,202506,20250601,3,79,0,Egypt Channel,EG,CHN,53987.44,60946.12,60946.12,0.0,78250.0,17303.88,17558.62,10.0,0.0,10488.42,REP-021,Ahmed Al-Mazrouei,2025,1.1288944243327708,6958.68,0.22113584664536742,6094.612,-0.0,0.0,0.17209331783549142,0.2881007027190574,0.17399004423883807,305116.33999999997,304717.57,1.0013086544369594,1.2280693094152038,On Target (100-119%),3.0,25.0,63568.225,0.0,0.0,63568.225,CP2025,80981.16,T2 On Target,0.01,63568.225,635.68225,0,0.010430233294588727,4 100-119%
30,202401,20240101,3,48,0,Egypt Channel,EG,CHN,39723.2,51628.86,51628.86,0.0,61900.0,10271.14,12099.86,8.0,3920.64,8895.24,REP-022,Aisha Barakat,2024,1.2997155314778266,11905.660000000003,0.16593117932148627,6453.6075,-0.0,0.07593892253286243,0.17229200877183806,0.23436233145570134,,51628.86,39723.2,1.2997155314778266,1.2997155314778266,Exceeding (>=120%),1.0,15.0,53852.67,0.0,0.0,53852.67,CP2024,59584.799999999996,T3 Accelerator,0.015,53852.67,807.79005,0,0.01564609503289439,5 120-149%
30,202402,20240201,3,49,0,Egypt Channel,EG,CHN,42883.0,15358.55,15358.55,0.0,18600.0,3241.45,2472.55,4.0,0.0,2382.3,REP-022,Aisha Barakat,2024,0.35815008278338734,-27524.45,0.1742715053763441,3839.6375,-0.0,0.0,0.15511229901260212,0.16098850477421373,-0.7025200633909019,66987.41,82606.2,0.8109247247785276,0.8109247247785276,Below Target (<80%),7.0,64.0,15954.125,0.0,0.0,15954.125,CP2024,64324.5,T0 Below Gate,0.0,15954.125,0.0,0,0.0,1 <60%
30,202403,20240301,3,50,0,Egypt Channel,EG,CHN,45140.0,34123.03,34123.03,0.0,40550.0,6426.97,11759.53,5.0,0.0,4952.700000000001,REP-022,Aisha Barakat,2024,0.7559377492246344,-11016.970000000001,0.158494944512947,6824.606,-0.0,0.0,0.14514244485322672,0.3446215063550922,1.2217611688603416,101110.44,127746.2,0.7914946980810389,0.7914946980810389,Below Target (<80%),7.0,48.0,35361.205,0.0,0.0,35361.205,CP2024,67710.0,T0 Below Gate,0.0,35361.205,0.0,0,0.0,2 60-79%
30,202404,20240401,3,51,0,Egypt Channel,EG,CHN,45140.0,63860.19,63860.19,0.0,75350.0,11489.81,26042.69,11.0,13602.51,15277.2,REP-022,Aisha Barakat,2024,1.414714000886132,18720.190000000002,0.15248586595885866,5805.471818181818,-0.0,0.21300453381050072,0.2392288529050728,0.4078079003523165,0.8714689170334523,164970.63,172886.2,0.9542151426776688,0.851150619916944,Exceeding (>=120%),2.0,13.0,67679.49,0.0,0.0,67679.49,CP2024,67710.0,T3 Accelerator,0.015,67679.49,1015.19235,0,0.015897108198394024,5 120-149%
30,202405,20240501,3,52,0,Egypt Channel,EG,CHN,45140.0,33173.93,33173.93,0.0,39750.0,6576.07,16906.43,5.0,6891.0,9361.2,REP-022,Aisha Barakat,2024,0.734912051395658,-11966.07,0.16543572327044023,6634.786,-0.0,0.20772335385044824,0.2821854389877835,0.5096300016307986,-0.4805225289808878,198144.56,218026.2,0.9088107759526148,0.9685212671688082,Below Target (<80%),4.0,47.0,35514.229999999996,0.0,0.0,35514.229999999996,CP2024,67710.0,T0 Below Gate,0.0,35514.229999999996,0.0,0,0.0,2 60-79%
30,202406,20240601,3,53,0,Egypt Channel,EG,CHN,46945.6,51540.22,51540.22,0.0,61050.0,9509.779999999999,21287.72,10.0,7287.21,17490.48,REP-022,Aisha Barakat,2024,1.0978711529941039,4594.620000000003,0.15577035217035215,5154.022,-0.0,0.14138880276413254,0.339355943765859,0.4130312210541593,0.5536362438818675,249684.78,264971.8,0.9423069926686538,1.08270133269594,On Target (100-119%),6.0,36.0,55912.840000000004,0.0,0.0,55912.840000000004,CP2024,70418.4,T2 On Target,0.01,55912.840000000004,559.1284,0,0.010848389859414649,4 100-119%
30,202407,20240701,3,54,0,Egypt Channel,EG,CHN,42883.0,61377.17,61377.17,0.0,73100.0,11722.83,26160.17,10.0,0.0,15641.76,REP-022,Aisha Barakat,2024,1.4312704335051185,18494.17,0.16036703146374828,6137.717,-0.0,0.0,0.2548465496209747,0.42621987947635903,0.19085968201144654,311061.95,307854.8,1.0104177358936746,1.0824096864011332,Exceeding (>=120%),2.0,12.0,65287.61,0.0,0.0,65287.61,CP2024,64324.5,T3 Accelerator,0.015,64324.5,964.8675,1,0.015720299583705147,5 120-149%
30,202408,20240801,3,55,0,Egypt Channel,EG,CHN,41528.8,81220.19,94533.1,-13312.91,111950.0,17416.9,18801.69,15.0,8481.29,23754.42,REP-022,Aisha Barakat,2024,1.9557557646741537,39691.39,0.15557748995087095,6302.206666666667,0.14082802743166148,0.08971767560780299,0.25128150880485245,0.231490347412386,0.3232964309041946,392282.14,349383.6,1.1227834964205534,1.4779340943106367,Exceeding (>=120%),1.0,3.0,100471.705,0.0,-13312.91,100471.705,CP2024,62293.200000000004,T3 Accelerator,0.015,62293.200000000004,934.398,1,0.011504503990941169,6 150%+
30,202409,20240901,3,56,0,Egypt Channel,EG,CHN,45140.0,36633.7,36633.7,0.0,43200.0,6566.3,21048.7,5.0,7970.26,12694.2,REP-022,Aisha Barakat,2024,0.8115573770491803,-8506.300000000003,0.1519976851851852,7326.74,-0.0,0.2175663391904176,0.34651700483434655,0.5745720470495747,-0.5489582085439594,428915.84,394523.6,1.0871741006114717,1.3834702412471307,Near Target (80-99%),4.0,42.0,39807.25,0.0,0.0,39807.25,CP2024,67710.0,T1 Approaching,0.005,39807.25,199.03625,0,0.005433146256042933,3 80-99%
30,202410,20241001,3,57,0,Egypt Channel,EG,CHN,46945.6,33290.43,33290.43,0.0,40050.0,6759.57,10210.93,8.0,5750.64,0.0,REP-022,Aisha Barakat,2024,0.7091277989843564,-13655.169999999998,0.16877827715355803,4161.30375,-0.0,0.17274153563051003,0.0,0.3067226827649868,-0.09126214387299118,462206.27,441469.2,1.0469728579026578,1.1311978349638963,Below Target (<80%),6.0,47.0,33290.43,0.0,0.0,33290.43,CP2024,70418.4,T0 Below Gate,0.0,33290.43,0.0,0,0.0,2 60-79%
30,202411,20241101,3,58,0,Egypt Channel,EG,CHN,48751.2,36729.82,36729.82,0.0,44200.0,7470.18,15069.82,7.0,9373.52,14080.26,REP-022,Aisha Barakat,2024,0.7534136595612005,-12021.379999999997,0.16900859728506787,5247.117142857142,-0.0,0.2552019040659606,0.38334682827196,0.41028842504537183,0.10331467631989132,498936.09,490220.4,1.0177791254709105,0.7572875129227589,Below Target (<80%),7.0,47.0,40249.885,0.0,0.0,40249.885,CP2024,73126.79999999999,T0 Below Gate,0.0,40249.885,0.0,0,0.0,2 60-79%
30,202412,20241201,3,59,0,Egypt Channel,EG,CHN,51459.6,38185.08,38185.08,0.0,45700.0,7514.92,15935.08,7.0,17178.6,11208.84,REP-022,Aisha Barakat,2024,0.7420399692185715,-13274.519999999997,0.1644402625820569,5455.011428571429,-0.0,0.4498772819122023,0.29353978045875506,0.41731168299241483,0.03962066789328132,537121.17,541680.0,0.9915839056269385,0.7353083522021469,Below Target (<80%),5.0,54.0,40987.29,0.0,0.0,40987.29,CP2024,77189.4,T0 Below Gate,0.0,40987.29,0.0,0,0.0,2 60-79%
30,202501,20250101,3,60,0,Egypt Channel,EG,CHN,45681.68,28057.47,28057.47,0.0,33500.0,5442.53,9576.47,7.0,5677.99,6530.46,REP-022,Aisha Barakat,2025,0.6141952309985097,-17624.21,0.16246358208955222,4008.21,-0.0,0.20236999273277312,0.23275298877625103,0.3413162341437057,-0.2652242708408625,28057.47,45681.68,0.6141952309985097,0.7058099910290099,Below Target (<80%),4.0,53.0,29690.085000000003,0.0,0.0,29690.085000000003,CP2025,68522.52,T0 Below Gate,0.0,29690.085000000003,0.0,0,0.0,2 60-79%
30,202502,20250201,3,61,0,Egypt Channel,EG,CHN,49315.45,30396.510000000002,30396.510000000002,0.0,36000.0,5603.49,11852.51,5.0,6717.15,14182.56,REP-022,Aisha Barakat,2025,0.6163689067016525,-18918.939999999995,0.1556525,6079.302000000001,-0.0,0.22098425115251716,0.4665851441497724,0.3899299623542308,0.08336603407220967,58453.98,94997.13,0.6153236418826548,0.6598471780709566,Below Target (<80%),4.0,48.0,33942.15,0.0,0.0,33942.15,CP2025,73973.17499999999,T0 Below Gate,0.0,33942.15,0.0,0,0.0,2 60-79%
30,202503,20250301,3,62,0,Egypt Channel,EG,CHN,51911.0,29166.22,34432.78,-5266.56,40950.0,6517.22,6811.22,5.0,0.0,6844.860000000001,REP-022,Aisha Barakat,2025,0.5618504748511877,-22744.78,0.15915067155067156,6886.556,0.15295192546172573,0.0,0.19878906088907142,0.23353111921942576,-0.04047471239296883,87620.20000000001,146908.13,0.5964285298574015,0.5964285298574015,Below Target (<80%),3.0,46.0,36143.995,-5266.56,0.0,30877.435,CP2025,77866.5,T0 Below Gate,0.0,30877.435,0.0,0,0.0,1 <60%
31,202401,20240101,3,8,0,Egypt Channel,EG,CHN,39723.2,17224.2,17224.2,0.0,21000.0,3775.8,6424.2,2.0,2403.0,2403.0,REP-023,Fahad Shawky,2024,0.43360555040882914,-22498.999999999996,0.17980000000000002,8612.1,-0.0,0.13951301076392517,0.13951301076392517,0.3729752325216846,,17224.2,39723.2,0.43360555040882914,0.43360555040882914,Below Target (<80%),6.0,54.0,17824.95,0.0,0.0,17824.95,CP2024,59584.799999999996,T0 Below Gate,0.0,17824.95,0.0,0,0.0,1 <60%
31,202402,20240201,3,9,0,Egypt Channel,EG,CHN,42883.0,51361.38,58744.84,-7383.46,72300.0,13555.16,14659.38,10.0,5743.98,16107.539999999999,REP-023,Fahad Shawky,2024,1.1977095818855956,8478.379999999997,0.18748492392807745,5874.4839999999995,0.12568695395204074,0.09777846020178113,0.2741949761034331,0.2854163965220561,1.9819312362838328,68585.58,82606.2,0.8302715776781888,0.8302715776781888,On Target (100-119%),3.0,27.0,62771.725,-7992.835,0.0,54778.89,CP2024,64324.5,T2 On Target,0.01,54778.89,547.7889,0,0.010665385159043625,4 100-119%
31,202403,20240301,3,10,0,Egypt Channel,EG,CHN,45140.0,45397.79,45397.79,0.0,56050.0,10652.21,15596.29,6.0,8751.75,8767.92,REP-023,Fahad Shawky,2024,1.0057108994240143,257.7900000000009,0.19004834968777876,7566.298333333333,-0.0,0.1927792079746613,0.1931353927140506,0.3435473400797704,-0.11611039267247096,113983.37,127746.2,0.8922642708745935,0.8922642708745935,On Target (100-119%),6.0,35.0,47589.770000000004,0.0,0.0,47589.770000000004,CP2024,67710.0,T2 On Target,0.01,47589.770000000004,475.89770000000004,0,0.010482838481785127,4 100-119%
31,202404,20240401,3,11,0,Egypt Channel,EG,CHN,45140.0,48645.87,48645.87,0.0,59600.0,10954.13,12837.869999999999,8.0,11492.76,4939.2,REP-023,Fahad Shawky,2024,1.0776665928223306,3505.8700000000026,0.1837941275167785,6080.73375,-0.0,0.23625356068254097,0.10153379927216842,0.2639046233524038,0.07154709513392617,162629.24,172886.2,0.9406721878322271,1.091932744080563,On Target (100-119%),3.0,26.0,49880.67,0.0,0.0,49880.67,CP2024,67710.0,T2 On Target,0.01,49880.67,498.8067,0,0.01025383449818042,4 100-119%
31,202405,20240501,3,12,0,Egypt Channel,EG,CHN,45140.0,40154.15,40154.15,0.0,49400.0,9245.85,15761.15,9.0,8659.5,14526.9,REP-023,Fahad Shawky,2024,0.8895469649977847,-4985.8499999999985,0.18716295546558706,4461.572222222222,-0.0,0.21565641409418454,0.36177829688836644,0.3925160911138699,-0.17456199262136746,202783.39,218026.2,0.9300872555683675,0.9909748190813764,Near Target (80-99%),3.0,41.0,43785.875,0.0,0.0,43785.875,CP2024,67710.0,T1 Approaching,0.005,43785.875,218.929375,0,0.005452222871110458,3 80-99%
31,202406,20240601,3,13,0,Egypt Channel,EG,CHN,46945.6,56898.49,62642.47,-5743.98,76300.0,13657.529999999999,14942.99,10.0,13681.599999999999,7154.099999999999,REP-023,Fahad Shawky,2024,1.2120090061688422,9952.89,0.1789977719528178,6264.247,0.09169466018820777,0.2184077351994581,0.1142052668102008,0.26262542292422875,0.4170014805443521,259681.88,264971.8,0.9800359132556749,1.0617443829722732,Exceeding (>=120%),4.0,21.0,64430.995,0.0,-5743.98,64430.995,CP2024,70418.4,T3 Accelerator,0.015,64430.995,966.464925,0,0.016985774578552087,5 120-149%
31,202407,20240701,3,14,0,Egypt Channel,EG,CHN,42883.0,12882.4,12882.4,0.0,15600.0,2717.6,2742.4,2.0,4964.280000000001,0.0,REP-023,Fahad Shawky,2024,0.30040808712077044,-30000.6,0.1742051282051282,6441.2,-0.0,0.38535366080854505,0.0,0.21287958765447434,-0.7735897736477716,272564.27999999997,307854.8,0.8853663480316044,0.8145230816649205,Below Target (<80%),7.0,63.0,12882.4,0.0,0.0,12882.4,CP2024,64324.5,T0 Below Gate,0.0,12882.4,0.0,0,0.0,1 <60%
31,202408,20240801,3,15,0,Egypt Channel,EG,CHN,41528.8,26147.47,26147.47,0.0,32800.0,6652.53,12926.47,5.0,13217.08,10988.58,REP-023,Fahad Shawky,2024,0.6296225751767448,-15381.330000000002,0.20282103658536585,5229.494000000001,-0.0,0.5054821747572519,0.4202540436990653,0.4943679063404604,1.0297048686580141,298711.75,349383.6,0.8549678634028616,0.7302851609425887,Below Target (<80%),6.0,48.0,28894.615,0.0,0.0,28894.615,CP2024,62293.200000000004,T0 Below Gate,0.0,28894.615,0.0,0,0.0,2 60-79%
31,202409,20240901,3,16,0,Egypt Channel,EG,CHN,45140.0,32305.97,32305.97,0.0,39650.0,7344.03,9131.47,6.0,11511.57,8847.6,REP-023,Fahad Shawky,2024,0.7156838723969872,-12834.029999999999,0.18522143757881462,5384.328333333334,-0.0,0.356329495755738,0.2738688855341598,0.28265580634167614,0.23552947952517012,331017.72,394523.6,0.8390314799925783,0.5506356530746774,Below Target (<80%),6.0,47.0,34517.87,0.0,0.0,34517.87,CP2024,67710.0,T0 Below Gate,0.0,34517.87,0.0,0,0.0,2 60-79%
31,202410,20241001,3,17,0,Egypt Channel,EG,CHN,46945.6,39111.77,39111.77,0.0,48300.0,9188.23,9702.77,6.0,21592.34,11071.26,REP-023,Fahad Shawky,2024,0.8331296223714256,-7833.830000000002,0.19023250517598342,6518.628333333333,-0.0,0.5520675745434176,0.2830672199187099,0.24807800823128182,0.210666944840226,370129.49,441469.2,0.8384038795911469,0.7301998137925253,Near Target (80-99%),5.0,36.0,41879.585,0.0,0.0,41879.585,CP2024,70418.4,T1 Approaching,0.005,41879.585,209.397925,0,0.005353834024898387,3 80-99%
31,202411,20241101,3,18,0,Egypt Channel,EG,CHN,48751.2,45527.03,45527.03,0.0,56500.0,10972.97,13244.03,9.0,17652.03,7243.799999999999,REP-023,Fahad Shawky,2024,0.9338648074303812,-3224.1699999999983,0.19421185840707963,5058.558888888889,-0.0,0.38772636826957524,0.15910987384856862,0.2909047658061596,0.16402377084954228,415656.52,490220.4,0.8478972315309603,0.8303566255410517,Near Target (80-99%),5.0,35.0,47337.98,0.0,0.0,47337.98,CP2024,73126.79999999999,T1 Approaching,0.005,47337.98,236.68990000000002,0,0.005198887342310711,3 80-99%
31,202412,20241201,3,19,0,Egypt Channel,EG,CHN,51459.6,51438.950000000004,61275.04,-9836.09,74950.0,13674.96,26114.45,11.0,12365.470000000001,24612.239999999998,REP-023,Fahad Shawky,2024,0.9995987143312425,-20.64999999999418,0.18245443629086056,5570.458181818182,0.16052359982139547,0.2018027242413877,0.401668281244696,0.5076785198764749,0.12985516516232237,467095.47,541680.0,0.8623088723969871,0.924715133014942,Near Target (80-99%),3.0,39.0,67428.1,-9836.09,0.0,57592.01000000001,CP2024,77189.4,T1 Approaching,0.005,57592.01000000001,287.9600500000001,0,0.005598093468082067,3 80-99%
31,202501,20250101,3,20,0,Egypt Channel,EG,CHN,45681.68,22538.35,22538.35,0.0,27750.0,5211.65,8502.85,5.0,11677.46,4936.799999999999,REP-023,Fahad Shawky,2025,0.4933783083284152,-23143.33,0.1878072072072072,4507.67,-0.0,0.5181151237779164,0.21903999183613707,0.377261423307385,-0.5618427281272266,22538.35,45681.68,0.4933783083284152,0.8191260440565546,Below Target (<80%),6.0,61.0,23772.55,0.0,0.0,23772.55,CP2025,68522.52,T0 Below Gate,0.0,23772.55,0.0,0,0.0,1 <60%
31,202502,20250201,3,21,0,Egypt Channel,EG,CHN,49315.45,41148.1,41148.1,0.0,50050.0,8901.9,11620.6,8.0,9479.119999999999,6367.98,REP-023,Fahad Shawky,2025,0.8343855728782765,-8167.3499999999985,0.17786013986013985,5143.5125,-0.0,0.2303659221203409,0.15475757082344022,0.2824091513338405,0.8256926527452099,63686.45,94997.13,0.6704039374663213,0.7860710805164093,Near Target (80-99%),2.0,39.0,42740.095,0.0,0.0,42740.095,CP2025,73973.17499999999,T0 Below Gate,0.0,42740.095,0.0,0,0.0,3 80-99%
31,202503,20250301,3,22,0,Egypt Channel,EG,CHN,51911.0,25889.93,32911.53,-7021.6,40950.0,8038.47,4909.43,7.0,10436.789999999999,0.0,REP-023,Fahad Shawky,2025,0.4987368765772187,-26021.07,0.1962996336996337,4701.647142857143,0.21334772342701785,0.317116524208993,0.0,0.18962700942026495,-0.3708110459535191,89576.38,146908.13,0.6097441986362497,0.6097441986362496,Below Target (<80%),4.0,54.0,32911.53,-3648.04,-3373.56,29263.489999999998,CP2025,77866.5,T0 Below Gate,0.0,29263.489999999998,0.0,0,0.0,1 <60%
31,202504,20250401,3,23,0,Egypt Channel,EG,CHN,51911.0,0.0,0.0,0.0,0.0,0.0,0.0,0.0,0.0,0.0,REP-023,Fahad Shawky,2025,0.0,-51911.0,,,,,,,-1.0,89576.38,198819.13,0.45054205800015323,0.43776378671579025,Below Target (<80%),6.0,71.0,0.0,0.0,0.0,0.0,CP2025,77866.5,T0 Below Gate,0.0,0.0,0.0,0,,1 <60%
31,202505,20250501,3,24,0,Egypt Channel,EG,CHN,51911.0,22746.99,22746.99,0.0,27650.0,4903.01,9999.49,5.0,0.0,12393.300000000001,REP-023,Fahad Shawky,2025,0.43819209801390846,-29164.01,0.1773240506329114,4549.398,-0.0,0.0,0.544832525094529,0.4395961839346656,,112323.37,250730.13,0.4479851304667692,0.3123096581970424,Below Target (<80%),7.0,69.0,25845.315,0.0,0.0,25845.315,CP2025,77866.5,T0 Below Gate,0.0,25845.315,0.0,0,0.0,1 <60%
31,202506,20250601,3,25,0,Egypt Channel,EG,CHN,53987.44,75260.78,75260.78,0.0,93800.0,18539.22,20804.78,9.0,35522.21,14710.08,REP-023,Fahad Shawky,2025,1.3940423920823064,21273.339999999997,0.19764626865671642,8362.308888888889,-0.0,0.47198833177120936,0.19545479066254695,0.2764358806804819,2.3086039075939273,187584.15,304717.57,0.6156000456422647,0.6210513769011536,Exceeding (>=120%),1.0,14.0,78938.3,0.0,0.0,78938.3,CP2025,80981.16,T3 Accelerator,0.015,78938.3,1184.0745,0,0.01573295546498455,5 120-149%
31,202507,20250701,3,26,0,Egypt Channel,EG,CHN,49315.45,-10453.68,22035.559999999998,-32489.239999999998,27050.0,5014.44,-3866.18,4.0,9951.23,2404.2,REP-023,Fahad Shawky,2025,-0.21197576013196678,-59769.13,0.1853767097966728,5508.889999999999,1.4744004690600103,0.4515986886650487,0.1091054640771553,0.3698391379877708,-1.1388994373962107,177130.47,354033.02,0.500321890878992,0.5640866935298122,Below Target (<80%),6.0,76.0,22636.61,-32489.239999999998,0.0,-9852.629999999997,CP2025,73973.17499999999,T0 Below Gate,0.0,0.0,0.0,0,-0.0,1 <60%
31,202508,20250801,3,27,0,Egypt Channel,EG,CHN,47758.12,46127.62,46127.62,0.0,57300.0,11172.38,21119.62,6.0,39766.200000000004,12568.080000000002,REP-023,Fahad Shawky,2025,0.9658592088633304,-1630.5,0.19498045375218148,7687.936666666667,-0.0,0.8620908687679963,0.2724632226852372,0.4578519333969539,-5.412572414690329,223258.09,401791.14,0.5556570759624018,0.7343703050840186,Near Target (80-99%),2.0,20.0,49269.64,0.0,0.0,49269.64,CP2025,71637.18000000001,T1 Approaching,0.005,49269.64,246.3482,0,0.005340579028356546,3 80-99%
31,202509,20250901,3,28,0,Egypt Channel,EG,CHN,51911.0,27432.56,41254.16,-13821.6,51050.0,9795.84,11466.06,7.0,10479.99,16734.9,REP-023,Fahad Shawky,2025,0.5284536996012406,-24478.44,0.1918871694417238,5893.4514285714295,0.33503530310640184,0.2540347446172701,0.40565363589999165,0.41797265730941624,-0.40528993258269125,250690.65,453702.14,0.552544561504603,0.4235774214739149,Below Target (<80%),6.0,65.0,45437.885,-16356.720000000001,0.0,29081.165,CP2025,77866.5,T0 Below Gate,0.0,29081.165,0.0,0,0.0,1 <60%
31,202510,20251001,3,29,0,Egypt Channel,EG,CHN,53987.44,50368.72,76313.32,-25944.6,93500.0,17186.68,8160.219999999999,6.0,52500.630000000005,7450.2,REP-023,Fahad Shawky,2025,0.9329710762355096,-3618.720000000001,0.18381475935828878,12718.886666666667,0.33997472525110944,0.6879615511420549,0.09762646940272025,0.16200967584643802,0.8360925848699501,301059.37,507689.58,0.5929989148093211,0.8065317875136603,Near Target (80-99%),3.0,35.0,78175.87,-26551.5,0.0,51624.369999999995,CP2025,80981.16,T1 Approaching,0.005,51624.369999999995,258.12185,0,0.005124645811924544,3 80-99%
31,202511,20251101,3,30,0,Egypt Channel,EG,CHN,56063.88,27203.83,27203.83,0.0,33550.0,6346.17,7768.33,6.0,3883.68,12912.779999999999,REP-023,Fahad Shawky,2025,0.48522917072453786,-28860.049999999996,0.18915558867362145,4533.971666666667,-0.0,0.142762250756603,0.47466772142010877,0.2855601582571277,-0.45990626722299077,328263.2,563753.46,0.5822814816959173,0.6483304882271381,Below Target (<80%),5.0,66.0,30432.025,0.0,0.0,30432.025,CP2025,84095.81999999999,T0 Below Gate,0.0,30432.025,0.0,0,0.0,1 <60%
31,202512,20251201,3,31,0,Egypt Channel,EG,CHN,59178.54,2683.1200000000017,55183.75,-52500.630000000005,67600.0,12416.25,10974.62,10.0,10471.8,9855.0,REP-023,Fahad Shawky,2025,0.045339408508557354,-56495.42,0.1836723372781065,5518.375,0.951378440211113,0.18976238476000634,0.1785851813260244,4.090245684128922,-0.9013697703595412,330946.32,622932.0,0.531271984743118,0.47424059796539436,Below Target (<80%),7.0,78.0,57647.5,-52500.630000000005,0.0,5146.869999999995,CP2025,88767.81,T0 Below Gate,0.0,5146.869999999995,0.0,0,0.0,1 <60%
32,202401,20240101,3,67,0,Egypt Channel,EG,CHN,39723.2,17494.739999999998,17494.739999999998,0.0,22200.0,4705.26,5288.74,5.0,0.0,6205.92,REP-024,Amr Al-Mazrouei,2024,0.44041617996536025,-22228.46,0.21194864864864865,3498.9479999999994,-0.0,0.0,0.3547306218897795,0.3023045784047091,,17494.739999999998,39723.2,0.44041617996536025,0.44041617996536025,Below Target (<80%),5.0,53.0,19046.22,0.0,0.0,19046.22,CP2024,59584.799999999996,T0 Below Gate,0.0,19046.22,0.0,0,0.0,1 <60%
32,202402,20240201,3,68,0,Egypt Channel,EG,CHN,42883.0,34583.36,34583.36,0.0,43150.0,8566.64,14070.86,5.0,0.0,7300.8,REP-024,Amr Al-Mazrouei,2024,0.8064585033696337,-8299.64,0.1985316338354577,6916.6720000000005,-0.0,0.0,0.21110730709798006,0.4068679272343694,0.9767861654417274,52078.1,82606.2,0.6304381511315131,0.6304381511315131,Near Target (80-99%),5.0,48.0,36408.56,0.0,0.0,36408.56,CP2024,64324.5,T1 Approaching,0.005,36408.56,182.0428,0,0.005263884133872475,3 80-99%
32,202403,20240301,3,69,0,Egypt Channel,EG,CHN,45140.0,81194.71,81194.71,0.0,103000.0,21805.29,23936.71,12.0,5466.99,11787.0,REP-024,Amr Al-Mazrouei,2024,1.798730837394772,36054.71000000001,0.21170184466019418,6766.225833333334,-0.0,0.0673318495749292,0.14516955599693623,0.2948062749408182,1.3477970330239746,133272.81,127746.2,1.0432624218959154,1.0432624218959154,Exceeding (>=120%),1.0,4.0,84141.46,0.0,0.0,84141.46,CP2024,67710.0,T3 Accelerator,0.015,67710.0,1015.65,1,0.012508819847992559,6 150%+
32,202404,20240401,3,70,0,Egypt Channel,EG,CHN,45140.0,21982.32,25904.84,-3922.5199999999995,32500.0,6595.16,4257.320000000001,5.0,0.0,4624.8,REP-024,Amr Al-Mazrouei,2024,0.486980948161276,-23157.68,0.202928,5180.968,0.1514203523357025,0.0,0.17853034413646254,0.19367018585845355,-0.7292641355575997,155255.13,172886.2,0.8980192172654613,1.0345245300871866,Below Target (<80%),5.0,56.0,27061.04,-4509.32,0.0,22551.72,CP2024,67710.0,T0 Below Gate,0.0,22551.72,0.0,0,0.0,1 <60%
32,202405,20240501,3,71,0,Egypt Channel,EG,CHN,45140.0,32392.93,32392.93,0.0,42100.0,9707.07,7582.93,6.0,4335.9800000000005,5831.639999999999,REP-024,Amr Al-Mazrouei,2024,0.7176103234381923,-12747.07,0.23057173396674582,5398.821666666667,-0.0,0.13385575185696386,0.18002817281425296,0.2340921305976335,0.4735901397122779,187648.06,218026.2,0.8606674794130246,1.0011073696647468,Below Target (<80%),5.0,48.0,33850.840000000004,0.0,0.0,33850.840000000004,CP2024,67710.0,T0 Below Gate,0.0,33850.840000000004,0.0,0,0.0,2 60-79%
32,202406,20240601,3,72,0,Egypt Channel,EG,CHN,46945.6,75107.18,75107.18,0.0,95850.0,20742.82,23116.68,10.0,19105.23,29439.12,REP-024,Amr Al-Mazrouei,2024,1.5998768787703213,28161.579999999994,0.2164091810119979,7510.717999999999,-0.0,0.2543728841902998,0.3919614609415505,0.30778255820548717,1.3186287872075788,262755.24,264971.8,0.991634732450774,0.9435734294475666,Exceeding (>=120%),1.0,8.0,82466.96,0.0,0.0,82466.96,CP2024,70418.4,T3 Accelerator,0.015,70418.4,1056.2759999999998,1,0.014063582203459109,6 150%+
32,202407,20240701,3,73,0,Egypt Channel,EG,CHN,42883.0,154695.92,154695.92,0.0,197250.0,42554.08,53520.42,27.0,47066.99,59420.76,REP-024,Amr Al-Mazrouei,2024,3.607395005013642,111812.92000000001,0.21573678073510774,5729.478518518519,-0.0,0.3042548892045763,0.3841132978814179,0.3459717618926213,1.0596688625508244,417451.16000000003,307854.8,1.3560001663121708,1.9426446595726712,Exceeding (>=120%),1.0,1.0,169551.11000000002,0.0,0.0,169551.11000000002,CP2024,64324.5,T3 Accelerator,0.015,64324.5,964.8675,1,0.006237187768106617,6 150%+
32,202408,20240801,3,74,0,Egypt Channel,EG,CHN,41528.8,71912.33,71912.33,0.0,91900.0,19987.67,18856.329999999998,12.0,8996.619999999999,21441.420000000002,REP-024,Amr Al-Mazrouei,2024,1.7316255225289436,30383.53,0.21749368879216538,5992.694166666667,-0.0,0.12510538874209748,0.2981605518831055,0.26221275266703215,-0.5351375136461259,489363.49000000005,349383.6,1.40064814146972,2.2969047042648536,Exceeding (>=120%),2.0,6.0,77272.685,0.0,0.0,77272.685,CP2024,62293.200000000004,T3 Accelerator,0.015,62293.200000000004,934.398,1,0.012993571477937093,6 150%+
32,202409,20240901,3,75,0,Egypt Channel,EG,CHN,45140.0,30760.41,30760.41,0.0,39100.0,8339.59,12724.41,7.0,0.0,6926.4,REP-024,Amr Al-Mazrouei,2024,0.6814446167478955,-14379.59,0.21328874680306906,4394.344285714285,-0.0,0.0,0.2251725513411557,0.4136619115284874,-0.5722512398082498,520123.9,394523.6,1.3183594086640191,1.9866081366681132,Below Target (<80%),7.0,50.0,32492.010000000002,0.0,0.0,32492.010000000002,CP2024,67710.0,T0 Below Gate,0.0,32492.010000000002,0.0,0,0.0,2 60-79%
32,202410,20241001,3,76,0,Egypt Channel,EG,CHN,46945.6,66056.26,66056.26,0.0,84150.0,18093.739999999998,21616.76,8.0,0.0,22424.22,REP-024,Amr Al-Mazrouei,2024,1.4070809617940765,19110.659999999996,0.21501770647652999,8257.0325,-0.0,0.0,0.33947153532458546,0.32724771278301257,1.1474440685283451,586180.16,441469.2,1.3277940114508555,1.262805505993366,Exceeding (>=120%),1.0,14.0,71662.315,0.0,0.0,71662.315,CP2024,70418.4,T3 Accelerator,0.015,70418.4,1056.2759999999998,1,0.015990551084787422,5 120-149%
32,202411,20241101,3,77,0,Egypt Channel,EG,CHN,48751.2,62559.66,79476.6,-16916.940000000002,101750.0,22273.4,23146.66,13.0,28202.78,28860.36,REP-024,Amr Al-Mazrouei,2024,1.2832434893910305,13808.460000000006,0.21890319410319412,6113.584615384616,0.21285434958214117,0.354856397983809,0.3631302798559576,0.36999337912002717,-0.05293366593870122,648739.8200000001,490220.4,1.3233635727929725,1.1316383928064258,Exceeding (>=120%),4.0,21.0,86691.69,-16916.940000000002,0.0,69774.75,CP2024,73126.79999999999,T3 Accelerator,0.015,69774.75,1046.62125,0,0.016729970239608077,5 120-149%
32,202412,20241201,3,78,0,Egypt Channel,EG,CHN,51459.6,55029.21,55738.95,-709.74,70500.0,14761.05,16640.21,8.0,5970.8,9160.8,REP-024,Amr Al-Mazrouei,2024,1.0693672317701652,3569.6100000000006,0.20937659574468084,6967.36875,0.012733286149093229,0.10712078358131971,0.16435185808128785,0.30238867684998566,-0.12037229741977504,703769.03,541680.0,1.2992339203958057,1.247958838351577,On Target (100-119%),2.0,36.0,58029.15,0.0,-709.74,58029.15,CP2024,77189.4,T2 On Target,0.01,58029.15,580.2915,0,0.010545154109971778,4 100-119%
32,202501,20250101,3,79,0,Egypt Channel,EG,CHN,45681.68,26540.059999999998,33598.49,-7058.43,42550.0,8951.51,11272.56,7.0,0.0,10796.52,REP-024,Amr Al-Mazrouei,2025,0.5809781951977248,-19141.620000000003,0.21037626321974148,4799.784285714285,0.21008176260302178,0.0,0.32133944114750396,0.42473754769205496,-0.5177095945953067,26540.059999999998,45681.68,0.5809781951977248,0.9879119883355195,Below Target (<80%),5.0,54.0,36297.619999999995,-7635.855,0.0,28661.764999999996,CP2025,68522.52,T0 Below Gate,0.0,28661.764999999996,0.0,0,0.0,1 <60%
32,202502,20250201,3,80,0,Egypt Channel,EG,CHN,49315.45,7631.69,23817.39,-16185.7,30800.0,6982.61,-3309.3100000000004,4.0,12857.11,0.0,REP-024,Amr Al-Mazrouei,2025,0.15475251670622492,-41683.759999999995,0.22670811688311687,5954.3475,0.6795748820504682,0.5398202741778172,0.0,-0.4336274141114223,-0.712446392359324,34171.75,94997.13,0.35971349871306635,0.6090601640498187,Below Target (<80%),7.0,72.0,23817.39,-7136.8,-9048.9,16680.59,CP2025,73973.17499999999,T0 Below Gate,0.0,16680.59,0.0,0,0.0,1 <60%
32,202503,20250301,3,81,0,Egypt Channel,EG,CHN,51911.0,57486.549999999996,57486.549999999996,0.0,73300.0,15813.45,11206.55,11.0,18084.739999999998,11697.3,REP-024,Amr Al-Mazrouei,2025,1.1074059447901214,5575.549999999996,0.21573601637107778,5226.049999999999,-0.0,0.3145908042837846,0.20347890071677635,0.19494212124401272,6.53261073235417,91658.29999999999,146908.13,0.6239157764788101,0.6239157764788101,On Target (100-119%),1.0,15.0,60410.875,0.0,0.0,60410.875,CP2025,77866.5,T2 On Target,0.01,60410.875,604.10875,0,0.01050869725179194,4 100-119%
32,202504,20250401,3,82,0,Egypt Channel,EG,CHN,51911.0,138696.99,145934.11,-7237.12,185650.0,39715.89,39593.49,20.0,55259.1,23170.260000000002,REP-024,Amr Al-Mazrouei,2025,2.6718227350657853,86785.98999999999,0.21392884460005387,7296.705499999999,0.04959169586877256,0.3786578751191206,0.15877206500933883,0.2854675505214641,1.412685923924814,230355.28999999998,198819.13,1.1586173322456443,1.3309300239751933,Exceeding (>=120%),1.0,1.0,151726.675,0.0,-7237.12,151726.675,CP2025,77866.5,T3 Accelerator,0.015,77866.5,1167.9975,1,0.008421217360232547,6 150%+
32,202505,20250501,3,83,0,Egypt Channel,EG,CHN,51911.0,55799.88,55799.88,0.0,70800.0,15000.119999999999,17633.88,8.0,7493.22,14470.2,REP-024,Amr Al-Mazrouei,2025,1.0749143726763113,3888.8799999999974,0.21186610169491524,6974.985,-0.0,0.13428738556427003,0.25932313832932974,0.316020034451687,-0.5976849966246564,286155.17,250730.13,1.1412875269517866,1.618047684177406,On Target (100-119%),5.0,32.0,59417.43,0.0,0.0,59417.43,CP2025,77866.5,T2 On Target,0.01,59417.43,594.1743,0,0.010648307845823326,4 100-119%
32,202506,20250601,3,84,0,Egypt Channel,EG,CHN,53987.44,28272.9,28272.9,0.0,35800.0,7527.1,7492.9,6.0,16409.71,4778.4,REP-024,Amr Al-Mazrouei,2025,0.5236940295742861,-25714.54,0.21025418994413408,4712.150000000001,-0.0,0.580404203318372,0.16900989993951804,0.2650205673984628,-0.49331611465831104,314428.06999999995,304717.57,1.031867213958158,1.4116377955589983,Below Target (<80%),6.0,67.0,29467.5,0.0,0.0,29467.5,CP2025,80981.16,T0 Below Gate,0.0,29467.5,0.0,0,0.0,1 <60%
32,202507,20250701,3,85,0,Egypt Channel,EG,CHN,49315.45,32244.32,32244.32,0.0,41250.0,9005.68,11057.82,6.0,3022.77,12152.16,REP-024,Amr Al-Mazrouei,2025,0.6538380973913855,-17071.129999999997,0.21831951515151515,5374.053333333333,-0.0,0.09374581321609511,0.3768775399822356,0.3429385392528048,0.14046737335045212,346672.38999999996,354033.02,0.9792091991871265,0.7493987812559816,Below Target (<80%),3.0,49.0,35282.36,0.0,0.0,35282.36,CP2025,73973.17499999999,T0 Below Gate,0.0,35282.36,0.0,0,0.0,2 60-79%
32,202508,20250801,3,86,0,Egypt Channel,EG,CHN,47758.12,22036.04,22036.04,0.0,27950.0,5913.96,5318.54,3.0,8298.4,0.0,REP-024,Amr Al-Mazrouei,2025,0.4614092849551029,-25722.08,0.2115906976744186,7345.346666666667,-0.0,0.37658308843149674,0.0,0.24135643246245694,-0.31659157333756766,368708.43,401791.14,0.9176619225600644,0.5464895276418449,Below Target (<80%),5.0,61.0,22036.04,0.0,0.0,22036.04,CP2025,71637.18000000001,T0 Below Gate,0.0,22036.04,0.0,0,0.0,1 <60%
32,202509,20250901,3,87,0,Egypt Channel,EG,CHN,51911.0,40240.79,40240.79,0.0,51500.0,11259.21,14165.79,8.0,15442.89,14613.9,REP-024,Amr Al-Mazrouei,2025,0.7751881104197569,-11670.21,0.21862543689320388,5030.09875,-0.0,0.3837620981099029,0.36316135940671146,0.3520256436317478,0.8261352765741938,408949.22,453702.14,0.9013605710565966,0.63443583452971,Below Target (<80%),5.0,53.0,43894.265,0.0,0.0,43894.265,CP2025,77866.5,T0 Below Gate,0.0,43894.265,0.0,0,0.0,2 60-79%
32,202510,20251001,3,88,0,Egypt Channel,EG,CHN,53987.44,75333.73,77207.89,-1874.16,98500.0,21292.11,25357.73,11.0,14786.900000000001,24882.3,REP-024,Amr Al-Mazrouei,2025,1.395393632296697,21346.289999999994,0.21616355329949238,7018.899090909091,0.02427420306396147,0.19152058164003707,0.3222766481508561,0.33660526300768595,0.8720738335405441,484282.94999999995,507689.58,0.9538957841128036,0.895572307488857,Exceeding (>=120%),1.0,10.0,83428.465,-1874.16,0.0,81554.305,CP2025,80981.16,T3 Accelerator,0.015,80981.16,1214.7174,1,0.01612448235338938,5 120-149%
32,202511,20251101,3,89,0,Egypt Channel,EG,CHN,56063.88,71033.77,71033.77,0.0,91000.0,19966.23,22230.77,9.0,17004.94,27947.46,REP-024,Amr Al-Mazrouei,2025,1.2670148766014768,14969.890000000007,0.21940912087912087,7892.641111111112,-0.0,0.23939233409686686,0.3934390642647856,0.31296058198797555,-0.05707881449650763,555316.72,563753.46,0.9850346993879204,1.1521710111339476,Exceeding (>=120%),3.0,19.0,78020.635,0.0,0.0,78020.635,CP2025,84095.81999999999,T3 Accelerator,0.015,78020.635,1170.309525,0,0.016475396490992944,5 120-149%
32,202512,20251201,3,90,0,Egypt Channel,EG,CHN,59178.54,45699.63,45699.63,0.0,57100.0,11400.37,15334.63,7.0,6794.09,12130.8,REP-024,Amr Al-Mazrouei,2025,0.77223314397415,-13478.910000000003,0.19965621716287216,6528.518571428571,-0.0,0.14866838090374038,0.26544635044091164,0.33555260731870257,-0.35664923880571175,601016.35,622932.0,0.9648185516236122,1.134948229585488,Below Target (<80%),6.0,50.0,48732.33,0.0,0.0,48732.33,CP2025,88767.81,T0 Below Gate,0.0,48732.33,0.0,0,0.0,2 60-79%
33,202401,20240101,3,27,0,Egypt Channel,EG,CHN,39723.2,42361.11,42361.11,0.0,51150.0,8788.89,15862.61,6.0,3872.16,6400.86,REP-025,Walid Khoury,2024,1.066407288435977,2637.9100000000035,0.17182580645161288,7060.185,-0.0,0.09140836961071133,0.1511022728157973,0.3744616229366983,,42361.11,39723.2,1.066407288435977,1.066407288435977,On Target (100-119%),3.0,23.0,43961.325,0.0,0.0,43961.325,CP2024,59584.799999999996,T2 On Target,0.01,43961.325,439.61325,0,0.010377755682039493,4 100-119%
33,202402,20240201,3,28,0,Egypt Channel,EG,CHN,42883.0,25362.239999999998,25362.239999999998,0.0,30850.0,5487.76,5128.74,4.0,0.0,2502.3,REP-025,Walid Khoury,2024,0.5914287713079774,-17520.760000000002,0.17788525121555918,6340.5599999999995,-0.0,0.0,0.09866242098489725,0.20221952004239374,-0.4012848105255033,67723.35,82606.2,0.8198337412930266,0.8198337412930266,Below Target (<80%),6.0,60.0,25987.815,0.0,0.0,25987.815,CP2024,64324.5,T0 Below Gate,0.0,25987.815,0.0,0,0.0,1 <60%
33,202403,20240301,3,29,0,Egypt Channel,EG,CHN,45140.0,46384.479999999996,46384.479999999996,0.0,56850.0,10465.52,14715.98,8.0,4292.49,13520.34,REP-025,Walid Khoury,2024,1.0275693398316348,1244.479999999996,0.18409006156552332,5798.0599999999995,-0.0,0.09254151388567901,0.29148413434838555,0.3172608596668541,0.8288794680596036,114107.82999999999,127746.2,0.8932385464303438,0.8932385464303438,On Target (100-119%),5.0,33.0,49764.565,0.0,0.0,49764.565,CP2024,67710.0,T2 On Target,0.01,49764.565,497.64565000000005,0,0.010728710335870965,4 100-119%
33,202404,20240401,3,30,0,Egypt Channel,EG,CHN,45140.0,67870.54,67870.54,0.0,82150.0,14279.460000000001,18586.04,10.0,12187.28,6531.48,REP-025,Walid Khoury,2024,1.5035564909171466,22730.539999999994,0.17382178940961657,6787.053999999999,-0.0,0.17956656894139936,0.09623438976616365,0.2738454710983588,0.4632165758891767,181978.37,172886.2,1.0525904901605796,1.0484688689801223,Exceeding (>=120%),1.0,10.0,69503.41,0.0,0.0,69503.41,CP2024,67710.0,T3 Accelerator,0.015,67710.0,1015.65,1,0.014964519215553612,6 150%+
33,202405,20240501,3,31,0,Egypt Channel,EG,CHN,45140.0,4755.81,4755.81,0.0,5700.0,944.19,1440.81,1.0,0.0,0.0,REP-025,Walid Khoury,2024,0.10535688967656182,-40384.19,0.16564736842105265,4755.81,-0.0,0.0,0.0,0.30295785575958667,-0.9299282133308502,186734.18,218026.2,0.8564758730831431,0.8788275734751144,Below Target (<80%),7.0,65.0,4755.81,0.0,0.0,4755.81,CP2024,67710.0,T0 Below Gate,0.0,4755.81,0.0,0,0.0,1 <60%
33,202406,20240601,3,32,0,Egypt Channel,EG,CHN,46945.6,71681.91,75385.83,-3703.92,91900.0,16514.17,30788.91,15.0,13059.470000000001,16333.56,REP-025,Walid Khoury,2024,1.5269143434102452,24736.310000000005,0.17969717083786724,5025.722,0.049132841012694294,0.1732350761409671,0.21666618249079433,0.4295213394843971,14.072492383001004,258416.09,264971.8,0.975258838865117,1.051613255835646,Exceeding (>=120%),2.0,12.0,79469.22,-3703.92,0.0,75765.3,CP2024,70418.4,T3 Accelerator,0.015,70418.4,1056.2759999999998,1,0.014735600655730293,6 150%+
33,202407,20240701,3,33,0,Egypt Channel,EG,CHN,42883.0,33977.840000000004,33977.840000000004,0.0,41950.0,7972.16,9062.34,6.0,4444.47,7428.900000000001,REP-025,Walid Khoury,2024,0.7923382226056946,-8905.159999999996,0.19003957091775922,5662.973333333334,-0.0,0.13080495993859526,0.2186395603722897,0.26671324604506935,-0.525991425172683,292393.93,307854.8,0.9497786943715024,0.8180833171567312,Below Target (<80%),4.0,39.0,35835.065,0.0,0.0,35835.065,CP2024,64324.5,T0 Below Gate,0.0,35835.065,0.0,0,0.0,2 60-79%
33,202408,20240801,3,34,0,Egypt Channel,EG,CHN,41528.8,29225.79,29225.79,0.0,35750.0,6524.21,5124.29,6.0,4013.69,2389.5,REP-025,Walid Khoury,2024,0.7037475197934927,-12303.010000000002,0.18249538461538461,4870.965,-0.0,0.1373338411040386,0.08175997979866412,0.17533452474680752,-0.13985733054249483,321619.72,349383.6,0.9205346787885865,1.026859088258446,Below Target (<80%),5.0,39.0,29823.165,0.0,0.0,29823.165,CP2024,62293.200000000004,T0 Below Gate,0.0,29823.165,0.0,0,0.0,2 60-79%
33,202409,20240901,3,35,0,Egypt Channel,EG,CHN,45140.0,66889.02,72577.74,-5688.72,87950.0,15372.26,27794.52,11.0,2995.69,22364.7,REP-025,Walid Khoury,2024,1.4818125830748783,21749.020000000004,0.17478408186469585,6597.976363636364,0.07838105733245483,0.041275603235923296,0.30814820081198446,0.41553187653220214,1.2886984406580626,388508.74,394523.6,0.9847541186382767,1.0041747779652619,Exceeding (>=120%),1.0,15.0,78168.915,0.0,-5688.72,78168.915,CP2024,67710.0,T3 Accelerator,0.015,67710.0,1015.65,1,0.01518410644975812,5 120-149%
33,202410,20241001,3,36,0,Egypt Channel,EG,CHN,46945.6,56878.26,56878.26,0.0,69600.0,12721.74,17295.26,8.0,0.0,2333.4,REP-025,Walid Khoury,2024,1.2115780818649673,9932.660000000003,0.18278362068965517,7109.7825,-0.0,0.0,0.041024461718765656,0.3040750543353471,-0.149662231559081,445387.0,441469.2,1.0088744582861047,1.1450342927109654,Exceeding (>=120%),3.0,19.0,57461.61,0.0,0.0,57461.61,CP2024,70418.4,T3 Accelerator,0.015,57461.61,861.9241499999999,0,0.015153841731445369,5 120-149%
33,202411,20241101,3,37,0,Egypt Channel,EG,CHN,48751.2,41576.65,41576.65,0.0,51300.0,9723.35,9976.65,6.0,7680.16,7257.0,REP-025,Walid Khoury,2024,0.8528333661530384,-7174.549999999996,0.18953898635477584,6929.441666666667,-0.0,0.18472291538640076,0.1745450872064007,0.2399580052745952,-0.2690238766094462,486963.65,490220.4,0.9933565596209378,1.1740108409165786,Near Target (80-99%),6.0,42.0,43390.9,0.0,0.0,43390.9,CP2024,73126.79999999999,T1 Approaching,0.005,43390.9,216.95450000000002,0,0.005218181359008001,3 80-99%
33,202412,20241201,3,38,0,Egypt Channel,EG,CHN,51459.6,132937.23,132937.23,0.0,161450.0,28512.77,38832.73,21.0,25663.87,9722.1,REP-025,Walid Khoury,2024,2.583331973042931,81477.63,0.17660433570764944,6330.344285714286,-0.0,0.19305254066148358,0.0731330117229011,0.2921132778229244,2.1974011855212003,619900.88,541680.0,1.1444042238960273,1.572423217746561,Exceeding (>=120%),1.0,3.0,135367.755,0.0,0.0,135367.755,CP2024,77189.4,T3 Accelerator,0.015,77189.4,1157.841,1,0.008709682005560066,6 150%+
33,202501,20250101,3,39,0,Egypt Channel,EG,CHN,45681.68,37101.82,37478.74,-376.92,46700.0,9221.26,9677.32,5.0,0.0,5041.5,REP-025,Walid Khoury,2025,0.8121816010269325,-8579.86,0.1974573875802998,7495.748,0.01005690159274298,0.0,0.13451626175266299,0.2608314093486519,-0.720907228170769,37101.82,45681.68,0.8121816010269325,1.4504907997999625,Near Target (80-99%),2.0,35.0,38739.115,-376.92,0.0,38362.195,CP2025,68522.52,T0 Below Gate,0.0,38362.195,0.0,0,0.0,3 80-99%
33,202502,20250201,3,40,0,Egypt Channel,EG,CHN,49315.45,16134.82,16134.82,0.0,20000.0,3865.1800000000003,3950.8199999999997,3.0,0.0,0.0,REP-025,Walid Khoury,2025,0.3271757633763861,-33180.63,0.19325900000000001,5378.2733333333335,-0.0,0.0,0.0,0.24486297337063567,-0.5651205250847533,53236.64,94997.13,0.5604026142684521,1.271186854984404,Below Target (<80%),5.0,66.0,16134.82,0.0,0.0,16134.82,CP2025,73973.17499999999,T0 Below Gate,0.0,16134.82,0.0,0,0.0,1 <60%
33,202503,20250301,3,41,0,Egypt Channel,EG,CHN,51911.0,20466.84,20466.84,0.0,25300.0,4833.16,5700.84,4.0,10779.84,2506.8,REP-025,Walid Khoury,2025,0.3942678815665273,-31444.16,0.19103399209486166,5116.71,-0.0,0.5266978194972942,0.12248104739178106,0.2785403120364453,0.2684888954447586,73703.48,146908.13,0.5016977617236024,0.5016977617236024,Below Target (<80%),6.0,63.0,21093.54,0.0,0.0,21093.54,CP2025,77866.5,T0 Below Gate,0.0,21093.54,0.0,0,0.0,1 <60%
33,202504,20250401,3,42,0,Egypt Channel,EG,CHN,51911.0,81082.33,86218.09,-5135.76,106900.0,20681.91,23467.329999999998,12.0,9342.58,14844.119999999999,REP-025,Walid Khoury,2025,1.5619489125618848,29171.33,0.19346969130028063,7184.840833333333,0.059567081571860386,0.10835985812258193,0.17216943683164404,0.2894259452090239,2.961643810182715,154785.81,198819.13,0.7785257384437805,0.7684860235037215,Exceeding (>=120%),3.0,9.0,89929.12,-5135.76,0.0,84793.36,CP2025,77866.5,T3 Accelerator,0.015,77866.5,1167.9975,1,0.014405080613741612,6 150%+
33,202505,20250501,3,43,0,Egypt Channel,EG,CHN,51911.0,64316.63,82147.97,-17831.34,100950.0,18802.03,24266.13,11.0,11089.08,28219.08,REP-025,Walid Khoury,2025,1.238978829149891,12405.629999999997,0.18625091629519563,7467.9972727272725,0.21706367181075809,0.1349890934614696,0.343515244503303,0.3772916895676904,-0.20677378166118318,219102.44,250730.13,0.8738576412814846,1.0650652077594343,Exceeding (>=120%),3.0,24.0,89202.74,-2103.57,-15727.77,87099.17,CP2025,77866.5,T3 Accelerator,0.015,77866.5,1167.9975,1,0.018160116598148878,5 120-149%
33,202506,20250601,3,44,0,Egypt Channel,EG,CHN,53987.44,47224.08,47224.08,0.0,57500.0,10275.92,16829.08,9.0,0.0,14182.439999999999,REP-025,Walid Khoury,2025,0.8747234541960129,-6763.360000000001,0.17871165217391305,5247.12,-0.0,0.0,0.3003222085004091,0.35636649776978185,-0.2657563059507315,266326.52,304717.57,0.8740110391402767,1.2206053072617202,Near Target (80-99%),5.0,44.0,50769.689999999995,0.0,0.0,50769.689999999995,CP2025,80981.16,T1 Approaching,0.005,50769.689999999995,253.84844999999999,0,0.005375402760625511,3 80-99%
33,202507,20250701,3,45,0,Egypt Channel,EG,CHN,49315.45,35566.58,41501.54,-5934.96,51550.0,10048.46,14604.08,7.0,19088.3,8691.48,REP-025,Walid Khoury,2025,0.7212056262286972,-13748.869999999995,0.19492647914645972,5928.791428571429,0.14300577761692698,0.4599419684185213,0.20942548156044327,0.4106124344820334,-0.24685499431645888,301893.1,354033.02,0.8527258276643234,0.9477714269000023,Below Target (<80%),2.0,44.0,43674.41,-6918.36,0.0,36756.05,CP2025,73973.17499999999,T0 Below Gate,0.0,36756.05,0.0,0,0.0,2 60-79%
33,202508,20250801,3,46,0,Egypt Channel,EG,CHN,47758.12,54207.340000000004,61437.9,-7230.56,75550.0,14112.1,16014.34,10.0,16662.37,10934.52,REP-025,Walid Khoury,2025,1.1350392352127765,6449.220000000001,0.18679152878888153,6143.79,0.11768891840378659,0.27120669814560716,0.17797678631593852,0.29542751959420993,0.5241088684939627,356100.44,401791.14,0.8862824600861035,0.9069050974834605,On Target (100-119%),1.0,11.0,64171.530000000006,0.0,-7230.56,64171.530000000006,CP2025,71637.18000000001,T2 On Target,0.01,64171.530000000006,641.7153000000001,0,0.011838162507143866,4 100-119%
33,202509,20250901,3,47,0,Egypt Channel,EG,CHN,51911.0,75588.85,75588.85,0.0,92450.0,16861.15,22719.35,15.0,18220.690000000002,4832.7,REP-025,Walid Khoury,2025,1.4561239429022752,23677.850000000006,0.1823812871822607,5039.256666666667,-0.0,0.24104996967145287,0.06393403259872321,0.30056483198249473,0.39443938772867293,431689.29000000004,453702.14,0.9514817144128966,1.1099321896220529,Exceeding (>=120%),2.0,13.0,76797.025,0.0,0.0,76797.025,CP2025,77866.5,T3 Accelerator,0.015,76797.025,1151.9553749999998,0,0.015239752622245207,5 120-149%
33,202510,20251001,3,48,0,Egypt Channel,EG,CHN,53987.44,33666.45,40994.45,-7328.0,50250.0,9255.55,14530.949999999999,7.0,5128.03,9860.7,REP-025,Walid Khoury,2025,0.6235978220119346,-20320.990000000005,0.18419004975124376,5856.349999999999,0.17875590476271788,0.1250908354667522,0.24053743860449406,0.43161515395891165,-0.5546108983004769,465355.74,507689.58,0.9166147156299721,1.0638181669562303,Below Target (<80%),6.0,59.0,43459.625,0.0,-7328.0,43459.625,CP2025,80981.16,T0 Below Gate,0.0,43459.625,0.0,0,0.0,2 60-79%
33,202511,20251101,3,49,0,Egypt Channel,EG,CHN,56063.88,22562.01,27064.97,-4502.96,32900.0,5835.03,9342.01,5.0,0.0,4886.4,REP-025,Walid Khoury,2025,0.4024339735316214,-33501.869999999995,0.17735653495440729,5412.994000000001,0.1663759464725067,0.0,0.18054333701459854,0.41405929702185224,-0.3298369741983488,487917.75,563753.46,0.8654807191782026,0.8138764003874481,Below Target (<80%),6.0,70.0,28286.57,-4502.96,0.0,23783.61,CP2025,84095.81999999999,T0 Below Gate,0.0,23783.61,0.0,0,0.0,1 <60%
33,202512,20251201,3,50,0,Egypt Channel,EG,CHN,59178.54,80492.77,87104.49,-6611.72,107150.0,20045.51,28970.27,14.0,43718.56,28653.0,REP-025,Walid Khoury,2025,1.3601682299022586,21314.230000000003,0.1870789547363509,6221.749285714286,0.07590561634652818,0.5019093734433208,0.32894974759624906,0.35991145540152236,2.5676240725006334,568410.52,622932.0,0.9124760326969878,0.8079025179126188,Exceeding (>=120%),2.0,22.0,94267.74,-6611.72,0.0,87656.02,CP2025,88767.81,T3 Accelerator,0.015,87656.02,1314.8403,0,0.016334886971836104,5 120-149%
34,202401,20240101,3,45,0,Egypt Channel,EG,CHN,39723.2,49776.57,49776.57,0.0,60750.0,10973.43,16748.07,7.0,14335.88,6441.6,REP-026,Faisal Barakat,2024,1.2530856023683894,10053.370000000003,0.1806325925925926,7110.938571428572,-0.0,0.2880045772539168,0.12941028278967395,0.3364649271735678,,49776.57,39723.2,1.2530856023683894,1.2530856023683894,Exceeding (>=120%),2.0,17.0,51386.97,0.0,0.0,51386.97,CP2024,59584.799999999996,T3 Accelerator,0.015,51386.97,770.80455,0,0.015485288560461276,5 120-149%
34,202402,20240201,3,46,0,Egypt Channel,EG,CHN,42883.0,76280.54000000001,76280.54000000001,0.0,91750.0,15469.460000000001,26478.04,10.0,13362.08,9109.8,REP-026,Faisal Barakat,2024,1.778806053680946,33397.54000000001,0.16860446866485015,7628.054000000001,-0.0,0.17517023345665877,0.11942495425438779,0.34711395593161765,0.532458745148571,126057.11000000002,82606.2,1.5260005907546894,1.5260005907546894,Exceeding (>=120%),2.0,7.0,78557.99,0.0,0.0,78557.99,CP2024,64324.5,T3 Accelerator,0.015,64324.5,964.8675,1,0.012648933790977356,6 150%+
34,202403,20240301,3,47,0,Egypt Channel,EG,CHN,45140.0,73033.85,73033.85,0.0,88350.0,15316.15,16282.35,13.0,0.0,8706.36,REP-026,Faisal Barakat,2024,1.6179408506867525,27893.850000000006,0.17335766836445954,5617.988461538462,-0.0,0.0,0.11920992799914013,0.2229425122734184,-0.042562493658277745,199090.96000000002,127746.2,1.5584883151123088,1.5584883151123088,Exceeding (>=120%),3.0,8.0,75210.44,0.0,0.0,75210.44,CP2024,67710.0,T3 Accelerator,0.015,67710.0,1015.65,1,0.013906565243376872,6 150%+
34,202404,20240401,3,48,0,Egypt Channel,EG,CHN,45140.0,12186.28,12186.28,0.0,14800.0,2613.7200000000003,1801.28,3.0,0.0,0.0,REP-026,Faisal Barakat,2024,0.26996632698272044,-32953.72,0.17660270270270273,4062.0933333333337,-0.0,0.0,0.0,0.1478121297065224,-0.833142029346666,211277.24000000002,172886.2,1.222059597585001,1.21280438259877,Below Target (<80%),7.0,65.0,12186.28,0.0,0.0,12186.28,CP2024,67710.0,T0 Below Gate,0.0,12186.28,0.0,0,0.0,1 <60%
34,202405,20240501,3,49,0,Egypt Channel,EG,CHN,45140.0,93769.84,93769.84,0.0,115150.0,21380.16,34385.340000000004,13.0,24834.07,11607.66,REP-026,Faisal Barakat,2024,2.077311475409836,48629.84,0.18567225358228398,7213.0646153846155,-0.0,0.26484069931227355,0.12378884297978966,0.36669935663748604,6.694705849529142,305047.08,218026.2,1.3991303797433519,1.3217395510264363,Exceeding (>=120%),1.0,4.0,96671.755,0.0,0.0,96671.755,CP2024,67710.0,T3 Accelerator,0.015,67710.0,1015.65,1,0.010831307806433285,6 150%+
34,202406,20240601,3,50,0,Egypt Channel,EG,CHN,46945.6,30129.86,30129.86,0.0,36900.0,6770.14,8333.86,6.0,6947.34,2491.2,REP-026,Faisal Barakat,2024,0.6418037047135408,-16815.739999999998,0.18347262872628728,5021.643333333333,-0.0,0.23057989648806865,0.08268209676380839,0.2765980326493386,-0.6786828259491537,335176.94,264971.8,1.2649532516290414,0.9916952813469205,Below Target (<80%),7.0,57.0,30752.66,0.0,0.0,30752.66,CP2024,70418.4,T0 Below Gate,0.0,30752.66,0.0,0,0.0,2 60-79%
34,202407,20240701,3,51,0,Egypt Channel,EG,CHN,42883.0,47108.11,53575.03,-6466.92,65050.0,11474.97,15637.61,10.0,10805.310000000001,7344.0,REP-026,Faisal Barakat,2024,1.098526455705058,4225.110000000001,0.1764023059185242,5357.503,0.12070772522199241,0.20168556135199553,0.13707878465023726,0.33195154719643816,0.5635024523844452,382285.05000000005,307854.8,1.2417706334284866,1.267019217803252,On Target (100-119%),3.0,21.0,55411.03,-6466.92,0.0,48944.11,CP2024,64324.5,T2 On Target,0.01,48944.11,489.4411,0,0.010389741808788338,4 100-119%
34,202408,20240801,3,52,0,Egypt Channel,EG,CHN,41528.8,50585.46,50585.46,0.0,61950.0,11364.54,18790.96,11.0,15424.14,17853.66,REP-026,Faisal Barakat,2024,1.2180814278283985,9056.659999999996,0.18344697336561744,4598.678181818182,-0.0,0.30491251834025035,0.35294054852916235,0.37146958829671606,0.07381637684042086,432870.51,349383.6,1.2389548622202073,0.9730965290116887,Exceeding (>=120%),3.0,13.0,55048.875,0.0,0.0,55048.875,CP2024,62293.200000000004,T3 Accelerator,0.015,55048.875,825.733125,0,0.01632352705698436,5 120-149%
34,202409,20240901,3,53,0,Egypt Channel,EG,CHN,45140.0,57921.86,57921.86,0.0,70150.0,12228.14,26659.36,8.0,4096.94,33856.86,REP-026,Faisal Barakat,2024,1.2831603898980948,12781.86,0.17431418389166073,7240.2325,-0.0,0.07073218988478615,0.5845264637565161,0.46026422494029023,0.14502981686832545,490792.37,394523.6,1.2440127029156178,1.2011830788919953,Exceeding (>=120%),2.0,24.0,66386.075,0.0,0.0,66386.075,CP2024,67710.0,T3 Accelerator,0.015,66386.075,995.791125,0,0.017191974239086933,5 120-149%
34,202410,20241001,3,54,0,Egypt Channel,EG,CHN,46945.6,56016.86,56016.86,0.0,68250.0,12233.14,19007.36,9.0,13561.68,12535.2,REP-026,Faisal Barakat,2024,1.193229184417709,9071.260000000002,0.1792401465201465,6224.095555555556,-0.0,0.24209996775970663,0.22377548473798783,0.33931498480993044,-0.032889137192762805,546809.23,441469.2,1.2386124105600118,1.231335694356297,On Target (100-119%),4.0,21.0,59150.66,0.0,0.0,59150.66,CP2024,70418.4,T2 On Target,0.01,59150.66,591.5066,0,0.010559438711844971,4 100-119%
34,202411,20241101,3,55,0,Egypt Channel,EG,CHN,48751.2,86840.0,86840.0,0.0,105400.0,18560.0,28855.0,13.0,22422.78,15633.900000000001,REP-026,Faisal Barakat,2024,1.781289486207519,38088.8,0.1760910815939279,6680.0,-0.0,0.25820796867802853,0.1800310916628282,0.3322777521879318,0.5502475504696265,633649.23,490220.4,1.292580296536007,1.4256126239732798,Exceeding (>=120%),2.0,8.0,90748.475,0.0,0.0,90748.475,CP2024,73126.79999999999,T3 Accelerator,0.015,73126.79999999999,1096.9019999999998,1,0.012631298940580375,6 150%+
34,202412,20241201,3,56,0,Egypt Channel,EG,CHN,51459.6,47440.97,51537.909999999996,-4096.94,63650.0,12112.09,14111.47,9.0,8506.86,9831.6,REP-026,Faisal Barakat,2024,0.9219070882789606,-4018.6299999999974,0.19029206598586018,5726.434444444444,0.07949371637305432,0.16506024400290972,0.19076442952382044,0.2974532350413577,-0.45369679871027174,681090.2,541680.0,1.2573663417515875,1.293167201698329,Near Target (80-99%),4.0,43.0,53995.81,-4714.715,0.0,49281.095,CP2024,77189.4,T1 Approaching,0.005,49281.095,246.40547500000002,0,0.00519393838279445,3 80-99%
34,202501,20250101,3,57,0,Egypt Channel,EG,CHN,45681.68,12535.52,12535.52,0.0,15250.0,2714.48,1365.02,3.0,2599.74,0.0,REP-026,Faisal Barakat,2025,0.2744102230916201,-33146.16,0.17799868852459017,4178.506666666667,-0.0,0.20738988091439364,0.0,0.10889217200403334,-0.7357659423911441,12535.52,45681.68,0.2744102230916201,1.0063334998486557,Below Target (<80%),7.0,68.0,12535.52,0.0,0.0,12535.52,CP2025,68522.52,T0 Below Gate,0.0,12535.52,0.0,0,0.0,1 <60%
34,202502,20250201,3,58,0,Egypt Channel,EG,CHN,49315.45,8383.52,8383.52,0.0,10400.0,2016.48,2663.52,2.0,3865.44,0.0,REP-026,Faisal Barakat,2025,0.16999784043337332,-40931.92999999999,0.1938923076923077,4191.76,-0.0,0.4610760158024314,0.0,0.31770902914288984,-0.3312188086333874,20919.04,94997.13,0.22020707362422423,0.4667590898690693,Below Target (<80%),6.0,70.0,8383.52,0.0,0.0,8383.52,CP2025,73973.17499999999,T0 Below Gate,0.0,8383.52,0.0,0,0.0,1 <60%
34,202503,20250301,3,59,0,Egypt Channel,EG,CHN,51911.0,7818.66,7818.66,0.0,9300.0,1481.34,4023.66,2.0,4852.74,5112.299999999999,REP-026,Faisal Barakat,2025,0.15061663231299724,-44092.34,0.15928387096774194,3909.33,-0.0,0.620661340945891,0.6538588453775966,0.5146227102853942,-0.06737742618852231,28737.7,146908.13,0.1956168116767942,0.1956168116767942,Below Target (<80%),7.0,70.0,9096.735,0.0,0.0,9096.735,CP2025,77866.5,T0 Below Gate,0.0,9096.735,0.0,0,0.0,1 <60%
34,202504,20250401,3,60,0,Egypt Channel,EG,CHN,51911.0,26223.42,26223.42,0.0,31800.0,5576.58,6888.42,4.0,22519.94,0.0,REP-026,Faisal Barakat,2025,0.5051611411839494,-25687.58,0.17536415094339622,6555.855,-0.0,0.8587720442261154,0.0,0.2626819842720744,2.3539532349533037,54961.119999999995,198819.13,0.2764377854384535,0.27704261759615295,Below Target (<80%),5.0,55.0,26223.42,0.0,0.0,26223.42,CP2025,77866.5,T0 Below Gate,0.0,26223.42,0.0,0,0.0,1 <60%
34,202505,20250501,3,61,0,Egypt Channel,EG,CHN,51911.0,61120.68,61120.68,0.0,73950.0,12829.32,18711.18,12.0,12953.380000000001,2475.3,REP-026,Faisal Barakat,2025,1.177412879736472,9209.68,0.1734864097363083,5093.39,-0.0,0.2119312154249593,0.0404985677515368,0.30613501027802703,1.3307669251379113,116081.8,250730.13,0.46297507204259813,0.6110635510778063,On Target (100-119%),4.0,26.0,61739.505000000005,0.0,0.0,61739.505000000005,CP2025,77866.5,T2 On Target,0.01,61739.505000000005,617.3950500000001,0,0.010101246419378844,4 100-119%
34,202506,20250601,3,62,0,Egypt Channel,EG,CHN,53987.44,49030.630000000005,49030.630000000005,0.0,60650.0,11619.369999999999,19632.13,8.0,7067.49,12118.8,REP-026,Faisal Barakat,2025,0.908185866934976,-4956.809999999998,0.19158070898598514,6128.828750000001,-0.0,0.1441443848467784,0.2471679437935021,0.40040542004049307,-0.19780620896233478,165112.43,304717.57,0.54185398629951,0.8641734613594726,Near Target (80-99%),4.0,41.0,52060.33,0.0,0.0,52060.33,CP2025,80981.16,T1 Approaching,0.005,52060.33,260.30165,0,0.0053089599297418775,3 80-99%
34,202507,20250701,3,63,0,Egypt Channel,EG,CHN,49315.45,60521.09,60521.09,0.0,73750.0,13228.91,17101.59,12.0,17229.8,7392.9,REP-026,Faisal Barakat,2025,1.2272237199498333,11205.64,0.1793750508474576,5043.424166666667,-0.0,0.28469084082920515,0.12215411189719154,0.28257240575144965,0.23435268932909878,225633.52000000002,354033.02,0.6373233773505081,1.0995948880605981,Exceeding (>=120%),1.0,20.0,62369.315,0.0,0.0,62369.315,CP2025,73973.17499999999,T3 Accelerator,0.015,62369.315,935.539725,0,0.015458077919614469,5 120-149%
34,202508,20250801,3,64,0,Egypt Channel,EG,CHN,47758.12,16019.64,16019.64,0.0,19800.0,3780.3599999999997,3779.64,3.0,0.0,0.0,REP-026,Faisal Barakat,2025,0.33543280179370544,-31738.480000000003,0.19092727272727272,5339.88,-0.0,0.0,0.0,0.23593788624463471,-0.7353048334060077,241653.16,401791.14,0.6014397430465988,0.831262547496538,Below Target (<80%),6.0,68.0,16019.64,0.0,0.0,16019.64,CP2025,71637.18000000001,T0 Below Gate,0.0,16019.64,0.0,0,0.0,1 <60%
34,202509,20250901,3,65,0,Egypt Channel,EG,CHN,51911.0,24014.08,24972.16,-958.08,30500.0,5527.84,8953.08,6.0,0.0,7442.1,REP-026,Faisal Barakat,2025,0.46260099015622896,-27896.92,0.18124065573770493,4162.026666666667,0.03836592429329301,0.0,0.29801587047335915,0.3728262752518522,0.4990399284877814,265667.24,453702.14,0.5855543022124603,0.6749343908567176,Below Target (<80%),7.0,70.0,26832.685,0.0,-958.08,26832.685,CP2025,77866.5,T0 Below Gate,0.0,26832.685,0.0,0,0.0,1 <60%
35,202401,20240101,3,72,0,Egypt Channel,EG,CHN,39723.2,28421.010000000002,28421.010000000002,0.0,35100.0,6678.99,10597.01,6.0,7192.8,7249.8,REP-027,Fahad Al-Nuaimi,2024,0.7154763463165104,-11302.189999999995,0.19028461538461539,4736.835,-0.0,0.2530803796205694,0.25508593818446285,0.37285831854673707,,28421.010000000002,39723.2,0.7154763463165104,0.7154763463165104,Below Target (<80%),4.0,41.0,30233.46,0.0,0.0,30233.46,CP2024,59584.799999999996,T0 Below Gate,0.0,30233.46,0.0,0,0.0,2 60-79%
35,202402,20240201,3,73,0,Egypt Channel,EG,CHN,42883.0,35048.2,35048.2,0.0,43900.0,8851.8,18242.2,6.0,13059.36,19126.8,REP-027,Fahad Al-Nuaimi,2024,0.817298230067859,-7834.800000000003,0.20163553530751707,5841.366666666666,-0.0,0.3726114322561502,0.5457284539576925,0.5204889266781176,0.23317925717629298,63469.21,82606.2,0.7683347012693963,0.7683347012693963,Near Target (80-99%),4.0,46.0,39829.9,0.0,0.0,39829.9,CP2024,64324.5,T1 Approaching,0.005,39829.9,199.14950000000002,0,0.0056821605674471165,3 80-99%
35,202403,20240301,3,74,0,Egypt Channel,EG,CHN,45140.0,78214.81,78214.81,0.0,96450.0,18235.19,26940.309999999998,14.0,18462.33,15791.22,REP-027,Fahad Al-Nuaimi,2024,1.7327162162162162,33074.81,0.18906365992742352,5586.772142857143,-0.0,0.2360464725286682,0.20189552336699404,0.3444400107856811,1.231635576149417,141684.02,127746.2,1.109105554607495,1.109105554607495,Exceeding (>=120%),2.0,6.0,82162.615,0.0,0.0,82162.615,CP2024,67710.0,T3 Accelerator,0.015,67710.0,1015.65,1,0.012985392408419838,6 150%+
35,202404,20240401,3,75,0,Egypt Channel,EG,CHN,45140.0,13326.32,13326.32,0.0,16200.0,2873.6800000000003,3378.3199999999997,3.0,0.0,3982.08,REP-027,Fahad Al-Nuaimi,2024,0.29522197607443507,-31813.68,0.17738765432098766,4442.106666666667,-0.0,0.0,0.2988131757304342,0.25350734486339815,-0.8296189685815256,155010.34,172886.2,0.8966033147816308,0.9506344104593617,Below Target (<80%),6.0,64.0,14321.84,0.0,0.0,14321.84,CP2024,67710.0,T0 Below Gate,0.0,14321.84,0.0,0,0.0,1 <60%
35,202405,20240501,3,76,0,Egypt Channel,EG,CHN,45140.0,72583.55,72583.55,0.0,90300.0,17716.45,17514.55,12.0,23686.129999999997,14328.599999999999,REP-027,Fahad Al-Nuaimi,2024,1.6079652193176783,27443.550000000003,0.19619545957918053,6048.629166666667,-0.0,0.3263291751367906,0.19740836594517625,0.24130192033869932,4.446631177999628,227593.88999999998,218026.2,1.0438832122011024,1.2119678038694432,Exceeding (>=120%),2.0,10.0,76165.7,0.0,0.0,76165.7,CP2024,67710.0,T3 Accelerator,0.015,67710.0,1015.65,1,0.013992839975448982,6 150%+
35,202406,20240601,3,77,0,Egypt Channel,EG,CHN,46945.6,53909.35,53909.35,0.0,68050.0,14140.65,18136.85,7.0,21876.239999999998,8760.3,REP-027,Fahad Al-Nuaimi,2024,1.1483365853242902,6963.75,0.2077979426891991,7701.335714285714,-0.0,0.40579676809310444,0.16250056808327312,0.3364323628461482,-0.2572786809132373,281503.24,264971.8,1.0623894316300828,1.018900409253084,On Target (100-119%),5.0,32.0,56099.425,0.0,0.0,56099.425,CP2024,70418.4,T2 On Target,0.01,56099.425,560.9942500000001,0,0.010406251420208184,4 100-119%
35,202407,20240701,3,78,0,Egypt Channel,EG,CHN,42883.0,28657.11,33857.71,-5200.6,42500.0,8642.29,9431.61,7.0,18513.559999999998,4699.2,REP-027,Fahad Al-Nuaimi,2024,0.66826271482872,-14225.89,0.20334800000000003,4836.815714285714,0.15360164641967813,0.5468048488808014,0.13879261178620764,0.3291193703761475,-0.4684204131565303,310160.35,307854.8,1.0074890825155236,1.1495267047298408,Below Target (<80%),6.0,45.0,35032.51,-5200.6,0.0,29831.910000000003,CP2024,64324.5,T0 Below Gate,0.0,29831.910000000003,0.0,0,0.0,2 60-79%
35,202408,20240801,3,79,0,Egypt Channel,EG,CHN,41528.8,39083.159999999996,39083.159999999996,0.0,47750.0,8666.84,14559.66,6.0,13702.5,2586.6,REP-027,Fahad Al-Nuaimi,2024,0.941109784053476,-2445.6400000000067,0.18150450261780104,6513.86,-0.0,0.35059856981881715,0.06618195662786736,0.37253026623231084,0.3638207062749871,349243.51,349383.6,0.9995990367034974,0.9260964361353072,Near Target (80-99%),4.0,26.0,39729.81,0.0,0.0,39729.81,CP2024,62293.200000000004,T1 Approaching,0.005,39729.81,198.64905,0,0.005082727445784834,3 80-99%
35,202409,20240901,3,80,0,Egypt Channel,EG,CHN,45140.0,35149.95,35149.95,0.0,43650.0,8500.05,7312.450000000001,7.0,15873.4,3855.36,REP-027,Fahad Al-Nuaimi,2024,0.7786874169251218,-9990.050000000003,0.19473195876288657,5021.421428571428,-0.0,0.45159096954618716,0.10968322856789271,0.2080358578034962,-0.10063694951994669,384393.45999999996,394523.6,0.9743231076670699,0.7942013928019526,Below Target (<80%),5.0,43.0,36113.79,0.0,0.0,36113.79,CP2024,67710.0,T0 Below Gate,0.0,36113.79,0.0,0,0.0,2 60-79%
35,202410,20241001,3,81,0,Egypt Channel,EG,CHN,46945.6,65766.22,65766.22,0.0,81850.0,16083.78,27651.72,12.0,13490.67,28105.8,REP-027,Fahad Al-Nuaimi,2024,1.4009027470093045,18820.620000000003,0.1965031154551008,5480.518333333333,-0.0,0.2051306886726955,0.42735921267787624,0.42045475625632733,0.8710188776939941,450159.68,441469.2,1.0196853597034627,1.0477862416027015,Exceeding (>=120%),2.0,15.0,72792.67,0.0,0.0,72792.67,CP2024,70418.4,T3 Accelerator,0.015,70418.4,1056.2759999999998,1,0.016061072082293917,5 120-149%
35,202411,20241101,3,82,0,Egypt Channel,EG,CHN,48751.2,63502.71,63502.71,0.0,78000.0,14497.29,18809.71,10.0,0.0,12641.46,REP-027,Fahad Al-Nuaimi,2024,1.3025876286122189,14751.510000000002,0.1858626923076923,6350.271,-0.0,0.0,0.19906961450936503,0.2962032643961179,-0.03441751707791632,513662.38999999996,490220.4,1.047819286998256,1.1674426002294855,Exceeding (>=120%),3.0,20.0,66663.075,0.0,0.0,66663.075,CP2024,73126.79999999999,T3 Accelerator,0.015,66663.075,999.9461249999999,0,0.015746511054410117,5 120-149%
35,202412,20241201,3,83,0,Egypt Channel,EG,CHN,51459.6,35594.39,38368.16,-2773.7700000000004,47550.0,9181.84,16022.39,8.0,3686.88,8714.28,REP-027,Fahad Al-Nuaimi,2024,0.6916958157467217,-15865.21,0.19309863301787591,4796.02,0.07229353714121292,0.0960921764296229,0.2271226975700685,0.4501380695103919,-0.43948234650143275,549256.78,541680.0,1.0139875572293606,1.1203272164853177,Below Target (<80%),7.0,58.0,40546.73,-2773.7700000000004,0.0,37772.96000000001,CP2024,77189.4,T0 Below Gate,0.0,37772.96000000001,0.0,0,0.0,2 60-79%
35,202501,20250101,3,84,0,Egypt Channel,EG,CHN,45681.68,91681.41,92430.03,-748.62,114500.0,22069.97,43170.409999999996,16.0,18241.55,35769.6,REP-027,Fahad Al-Nuaimi,2025,2.0069623096173346,45999.73,0.19275082969432317,5776.876875,0.008099315774321398,0.19735523184402298,0.38699111100580624,0.47087419357970167,1.5757263995815072,91681.41,45681.68,2.0069623096173346,1.3076651380523523,Exceeding (>=120%),1.0,3.0,101372.43,-748.62,0.0,100623.81,CP2025,68522.52,T3 Accelerator,0.015,68522.52,1027.8378,1,0.011210972867891102,6 150%+
35,202502,20250201,3,85,0,Egypt Channel,EG,CHN,49315.45,37478.54,39903.74,-2425.2,49400.0,9496.26,17069.54,7.0,8959.26,11782.5,REP-027,Fahad Al-Nuaimi,2025,0.7599756262996689,-11836.909999999996,0.19223198380566803,5700.534285714285,0.0607762580650335,0.2245218117399522,0.29527307465415525,0.45544837125459,-0.5912089484662157,129159.95000000001,94997.13,1.359619495873191,1.1249352624491893,Below Target (<80%),3.0,42.0,42849.365,-3031.5,0.0,39817.865,CP2025,73973.17499999999,T0 Below Gate,0.0,39817.865,0.0,0,0.0,2 60-79%
35,202503,20250301,3,86,0,Egypt Channel,EG,CHN,51911.0,37796.83,37796.83,0.0,46150.0,8353.17,10488.33,7.0,8327.85,7195.2,REP-027,Fahad Al-Nuaimi,2025,0.7281083007455068,-14114.169999999998,0.18100043336944746,5399.547142857143,-0.0,0.22033196963872367,0.19036517083575527,0.2774923188002803,0.008492593361427657,166956.78,146908.13,1.1364706636725959,1.1364706636725959,Below Target (<80%),2.0,29.0,39595.63,0.0,0.0,39595.63,CP2025,77866.5,T0 Below Gate,0.0,39595.63,0.0,0,0.0,2 60-79%
35,202504,20250401,3,87,0,Egypt Channel,EG,CHN,51911.0,96055.7,96055.7,0.0,118900.0,22844.3,33184.7,18.0,23221.13,25273.8,REP-027,Fahad Al-Nuaimi,2025,1.850392017106201,44144.7,0.19213036164844408,5336.427777777778,-0.0,0.24174650749513044,0.2631160878531935,0.34547351172288576,1.5413692100633833,263012.48,198819.13,1.3228731058223622,1.1188058179106417,Exceeding (>=120%),2.0,4.0,102374.15,0.0,0.0,102374.15,CP2025,77866.5,T3 Accelerator,0.015,77866.5,1167.9975,1,0.01215958553214437,6 150%+
35,202505,20250501,3,88,0,Egypt Channel,EG,CHN,51911.0,87481.42,87481.42,0.0,107400.0,19918.58,33071.42,14.0,10134.09,20024.82,REP-027,Fahad Al-Nuaimi,2025,1.685219317678334,35570.42,0.1854616387337058,6248.672857142857,-0.0,0.11584276981329293,0.22890369177820843,0.3780393596720309,-0.08926362516748094,350493.9,250730.13,1.3978930254612798,1.421239878510014,Exceeding (>=120%),1.0,6.0,92487.625,0.0,0.0,92487.625,CP2025,77866.5,T3 Accelerator,0.015,77866.5,1167.9975,1,0.013351377926878644,6 150%+
35,202506,20250601,3,89,0,Egypt Channel,EG,CHN,53987.44,71797.51,71797.51,0.0,88450.0,16652.49,20988.01,11.0,15598.58,9879.3,REP-027,Fahad Al-Nuaimi,2025,1.3298928417424496,17810.069999999992,0.18827009609949125,6527.046363636363,-0.0,0.2172579522604614,0.13759947942484357,0.29232225462972183,-0.17928275512674582,422291.41000000003,304717.57,1.3858452927410783,1.6179933849331194,Exceeding (>=120%),2.0,15.0,74267.33499999999,0.0,0.0,74267.33499999999,CP2025,80981.16,T3 Accelerator,0.015,74267.33499999999,1114.0100249999998,0,0.015515998047843161,5 120-149%
35,202507,20250701,3,90,0,Egypt Channel,EG,CHN,49315.45,30371.23,30371.23,0.0,37950.0,7578.7699999999995,4972.73,6.0,4655.12,3908.16,REP-027,Fahad Al-Nuaimi,2025,0.6158562884451019,-18944.219999999998,0.1997040843214756,5061.871666666667,-0.0,0.15327400306144992,0.12867967481066786,0.16373159730442263,-0.5769876977627776,452662.64,354033.02,1.2785887598846006,1.2218633267937553,Below Target (<80%),4.0,55.0,31348.27,0.0,0.0,31348.27,CP2025,73973.17499999999,T0 Below Gate,0.0,31348.27,0.0,0,0.0,2 60-79%
35,202508,20250801,3,91,0,Egypt Channel,EG,CHN,47758.12,28944.62,51012.74,-22068.12,63450.0,12437.26,13431.12,7.0,12712.460000000001,17095.14,REP-027,Fahad Al-Nuaimi,2025,0.6060669892365946,-18813.500000000004,0.1960167060677699,7287.534285714285,0.4326001700751616,0.2492016700141965,0.3351151104606418,0.46402820282318447,-0.0469724143539791,481607.26,401791.14,1.198650771642202,0.8679497111796087,Below Target (<80%),4.0,50.0,55286.525,-13628.34,-8439.78,41658.185,CP2025,71637.18000000001,T0 Below Gate,0.0,41658.185,0.0,0,0.0,2 60-79%
35,202509,20250901,3,92,0,Egypt Channel,EG,CHN,51911.0,43157.03,43157.03,0.0,53300.0,10142.97,13997.03,6.0,0.0,11062.02,REP-027,Fahad Al-Nuaimi,2025,0.8313657991562482,-8753.970000000001,0.1902996247654784,7192.838333333333,-0.0,0.0,0.256320233343212,0.3243279252534292,0.49102078382787545,524764.29,453702.14,1.156627319412688,0.6878086770999171,Near Target (80-99%),4.0,46.0,45922.535,0.0,0.0,45922.535,CP2025,77866.5,T0 Below Gate,0.0,45922.535,0.0,0,0.0,3 80-99%
35,202510,20251001,3,93,0,Egypt Channel,EG,CHN,53987.44,64760.3,64760.3,0.0,78950.0,14189.7,22318.8,9.0,0.0,15128.4,REP-027,Fahad Al-Nuaimi,2025,1.1995438198217956,10772.86,0.17973020899303357,7195.588888888889,-0.0,0.0,0.23360608273896197,0.3446370693156146,0.5005736029564594,589524.59,507689.58,1.161191037247603,0.8907003384691159,On Target (100-119%),2.0,16.0,68542.40000000001,0.0,0.0,68542.40000000001,CP2025,80981.16,T2 On Target,0.01,68542.40000000001,685.4240000000001,0,0.010584015206847406,4 100-119%
35,202511,20251101,3,94,0,Egypt Channel,EG,CHN,56063.88,121965.94,121965.94,0.0,150550.0,28584.06,50043.44,18.0,40768.46,39648.12,REP-027,Fahad Al-Nuaimi,2025,2.1754816113333577,65902.06,0.18986423115244105,6775.885555555556,-0.0,0.33426102402031255,0.3250753448052793,0.4103066807011859,0.8833442711043649,711490.53,563753.46,1.2620597131235347,1.419362664106071,Exceeding (>=120%),1.0,2.0,131877.97,0.0,0.0,131877.97,CP2025,84095.81999999999,T3 Accelerator,0.015,84095.81999999999,1261.4372999999998,1,0.010342537432991537,6 150%+
35,202512,20251201,3,95,0,Egypt Channel,EG,CHN,59178.54,85807.20999999999,85807.20999999999,0.0,106600.0,20792.79,23031.21,13.0,35271.38,16373.52,REP-027,Fahad Al-Nuaimi,2025,1.4499717296168508,26628.66999999999,0.19505431519699812,6600.554615384614,-0.0,0.4110538030545452,0.19081753153377207,0.26840646607668517,-0.2964658002061888,797297.74,622932.0,1.2799113546903995,1.6104335842386206,Exceeding (>=120%),1.0,17.0,89900.59,0.0,0.0,89900.59,CP2025,88767.81,T3 Accelerator,0.015,88767.81,1331.51715,1,0.01551754392200842,5 120-149%
36,202401,20240101,4,34,0,KSA Enterprise,SA,ENT,102502.4,128287.77,128287.77,0.0,141250.0,12962.23,55005.27,8.0,0.0,55277.7,REP-028,Khaled Shawky,2024,1.2515586952110391,25785.37000000001,0.091768,16035.97125,-0.0,0.0,0.43088830681209905,0.42876472168781166,,128287.77,102502.4,1.2515586952110391,1.2515586952110391,Exceeding (>=120%),4.0,18.0,142107.195,0.0,0.0,142107.195,CP2024,153753.59999999998,T3 Accelerator,0.015,142107.195,2131.6079250000003,0,0.016615831150545372,5 120-149%
36,202402,20240201,4,35,0,KSA Enterprise,SA,ENT,110656.0,168379.63,168379.63,0.0,187350.0,18970.37,77533.13,8.0,51226.86,60341.22,REP-028,Khaled Shawky,2024,1.5216493457200695,57723.630000000005,0.1012563117160395,21047.45375,-0.0,0.3042343067270073,0.35836413228844843,0.46046620960029433,0.31251505891793113,296667.4,213158.4,1.3917696886446889,1.3917696886446889,Exceeding (>=120%),4.0,15.0,183464.935,0.0,0.0,183464.935,CP2024,165984.0,T3 Accelerator,0.015,165984.0,2489.7599999999998,1,0.014786586714794419,6 150%+
36,202403,20240301,4,36,0,KSA Enterprise,SA,ENT,116480.0,105916.89,105916.89,0.0,116100.0,10183.11,59746.89,5.0,0.0,47326.68000000001,REP-028,Khaled Shawky,2024,0.909313959478022,-10563.11,0.08770981912144703,21183.378,-0.0,0.0,0.44682845200609655,0.564092185863841,-0.37096375612655763,402584.29000000004,329638.4,1.2212906324020503,1.2212906324020503,Near Target (80-99%),4.0,38.0,117748.56,0.0,0.0,117748.56,CP2024,174720.0,T1 Approaching,0.005,117748.56,588.7428,0,0.00555853556500762,3 80-99%
36,202404,20240401,4,37,0,KSA Enterprise,SA,ENT,116480.0,144629.93,144629.93,0.0,158400.0,13770.07,74079.93000000001,5.0,0.0,54411.600000000006,REP-028,Khaled Shawky,2024,1.2416717891483515,28149.929999999993,0.0869322601010101,28925.985999999997,-0.0,0.0,0.3762125861500452,0.5122033178056576,0.36550393426393085,547214.22,446118.4,1.2266120832496483,1.2191703820543862,Exceeding (>=120%),2.0,19.0,158232.83,0.0,0.0,158232.83,CP2024,174720.0,T3 Accelerator,0.015,158232.83,2373.4924499999997,0,0.016410797198062668,5 120-149%
36,202405,20240501,4,38,0,KSA Enterprise,SA,ENT,116480.0,100351.02,100351.02,0.0,111000.0,10648.98,54511.020000000004,4.0,33798.479999999996,0.0,REP-028,Khaled Shawky,2024,0.8615300480769231,-16128.979999999996,0.09593675675675675,25087.755,-0.0,0.3368025556690903,0.0,0.5432034472594299,-0.30615315930803527,647565.24,562598.4,1.151025740563784,1.0041719322344322,Near Target (80-99%),7.0,45.0,100351.02,0.0,0.0,100351.02,CP2024,174720.0,T1 Approaching,0.005,100351.02,501.7551,0,0.005,3 80-99%
36,202406,20240601,4,39,0,KSA Enterprise,SA,ENT,121139.2,126720.28,126720.28,0.0,140300.0,13579.72,63550.28,7.0,17222.4,67432.56,REP-028,Khaled Shawky,2024,1.0460716266906172,5581.080000000002,0.09679059158945118,18102.897142857142,-0.0,0.1359087906055763,0.5321370817678117,0.5015004701694157,0.26277022395985605,774285.52,683737.6,1.1324308038639386,1.0497093187445776,On Target (100-119%),5.0,38.0,143578.42,0.0,0.0,143578.42,CP2024,181708.8,T2 On Target,0.01,143578.42,1435.7842,0,0.01133034270441953,4 100-119%
36,202407,20240701,4,40,0,KSA Enterprise,SA,ENT,110656.0,19009.52,19009.52,0.0,20800.0,1790.48,7619.52,1.0,0.0,0.0,REP-028,Khaled Shawky,2024,0.17178932909196068,-91646.48,0.08608076923076924,19009.52,-0.0,0.0,0.0,0.4008265332317702,-0.8499883365156705,793295.04,794393.6,0.9986171086977539,0.7065700342717484,Below Target (<80%),8.0,65.0,19009.52,0.0,0.0,19009.52,CP2024,165984.0,T0 Below Gate,0.0,19009.52,0.0,0,0.0,1 <60%
36,202408,20240801,4,41,0,KSA Enterprise,SA,ENT,107161.6,44007.72,44007.72,0.0,48000.0,3992.2799999999997,26787.72,2.0,0.0,41893.56,REP-028,Khaled Shawky,2024,0.41066688067367413,-63153.880000000005,0.0831725,22003.86,-0.0,0.0,0.9519593380434159,0.6087050181195481,1.31503583467652,837302.76,901555.2,0.9287315518783542,0.5597690325138779,Below Target (<80%),8.0,57.0,54481.11,0.0,0.0,54481.11,CP2024,160742.40000000002,T0 Below Gate,0.0,54481.11,0.0,0,0.0,1 <60%
36,202409,20240901,4,42,0,KSA Enterprise,SA,ENT,116480.0,214272.66,214272.66,0.0,235800.0,21527.34,109392.66,9.0,41025.24,111964.31999999999,REP-028,Khaled Shawky,2024,1.8395661057692307,97792.66,0.09129491094147582,23808.073333333334,-0.0,0.19146278391279595,0.5225319926489921,0.5105301814986569,3.868978897338921,1051575.42,1018035.2,1.0329460317285688,0.8294702085806182,Exceeding (>=120%),2.0,2.0,242263.74,0.0,0.0,242263.74,CP2024,174720.0,T3 Accelerator,0.015,174720.0,2620.7999999999997,1,0.012231145121360792,6 150%+
36,202410,20241001,4,43,0,KSA Enterprise,SA,ENT,121139.2,166204.77000000002,166204.77000000002,0.0,183900.0,17695.23,63244.770000000004,7.0,39619.8,42728.1,REP-028,Khaled Shawky,2024,1.3720147565775573,45065.57000000002,0.09622202283849918,23743.538571428573,-0.0,0.23837944001246172,0.25708106933393066,0.38052319437041426,-0.22433048621322005,1217780.19,1139174.4,1.0690024196470707,1.2311739806856996,Exceeding (>=120%),3.0,16.0,176886.795,0.0,0.0,176886.795,CP2024,181708.8,T3 Accelerator,0.015,176886.795,2653.301925,0,0.01596405401000224,5 120-149%
36,202411,20241101,4,44,0,KSA Enterprise,SA,ENT,125798.4,50717.64,50717.64,0.0,56200.0,5482.36,24457.64,3.0,24175.62,15129.42,REP-028,Khaled Shawky,2024,0.40316601800976803,-75080.76,0.0975508896797153,16905.88,-0.0,0.4766708387850854,0.2983068612814003,0.48223142874944497,-0.6948484691504342,1268497.83,1264972.8,1.0027866448986098,1.1865002410450127,Below Target (<80%),8.0,59.0,54499.994999999995,0.0,0.0,54499.994999999995,CP2024,188697.59999999998,T0 Below Gate,0.0,54499.994999999995,0.0,0,0.0,1 <60%
36,202412,20241201,4,45,0,KSA Enterprise,SA,ENT,132787.2,101576.33,101576.33,0.0,111550.0,9973.67,49168.83,5.0,21771.239999999998,45033.42,REP-028,Khaled Shawky,2024,0.7649557336851744,-31210.87000000001,0.08940986104885701,20315.266,-0.0,0.21433379213444706,0.443345610143623,0.4840579493273679,1.0027810836624103,1370074.1600000001,1397760.0,0.9801927083333334,0.8387620192307691,Below Target (<80%),8.0,51.0,112834.685,0.0,0.0,112834.685,CP2024,199180.80000000002,T0 Below Gate,0.0,112834.685,0.0,0,0.0,2 60-79%
36,202501,20250101,4,46,0,KSA Enterprise,SA,ENT,117877.76,109044.1,109044.1,0.0,121000.0,11955.9,51492.1,6.0,0.0,46391.16,REP-028,Khaled Shawky,2025,0.9250608426899188,-8833.659999999989,0.0988090909090909,18174.016666666666,-0.0,0.0,0.4254348470022679,0.4722135356245775,0.07351880108289012,109044.1,117877.76,0.9250608426899188,0.6941925769349772,Near Target (80-99%),5.0,30.0,120641.89,0.0,0.0,120641.89,CP2025,176816.63999999998,T1 Approaching,0.005,120641.89,603.2094500000001,0,0.005531793558752835,3 80-99%
36,202502,20250201,4,47,0,KSA Enterprise,SA,ENT,127254.4,206186.01,206186.01,0.0,226000.0,19813.99,112346.01,9.0,82445.85,99147.18,REP-028,Khaled Shawky,2025,1.6202662540548698,78931.61000000002,0.08767252212389381,22909.556666666667,-0.0,0.39986151339753845,0.48086278986629594,0.5448769778318131,0.8908497571166161,315230.11,245132.15999999997,1.2859598267318333,1.1028978245517775,Exceeding (>=120%),2.0,4.0,230972.805,0.0,0.0,230972.805,CP2025,190881.59999999998,T3 Accelerator,0.015,190881.59999999998,2863.2239999999997,1,0.013886606564625793,6 150%+
36,202503,20250301,4,48,0,KSA Enterprise,SA,ENT,133952.0,223904.44,223904.44,0.0,248750.0,24845.559999999998,119556.94,9.0,69196.71,154671.18,REP-028,Khaled Shawky,2025,1.6715274128045867,89952.44,0.09988164824120602,24878.271111111113,-0.0,0.30904572504234396,0.6907910356757552,0.5339641321985397,0.08593420087036939,539134.55,379084.16,1.4222027900084246,1.4222027900084246,Exceeding (>=120%),3.0,5.0,262572.235,0.0,0.0,262572.235,CP2025,200928.0,T3 Accelerator,0.015,200928.0,3013.92,1,0.013460742448876852,6 150%+
36,202504,20250401,4,49,0,KSA Enterprise,SA,ENT,133952.0,125141.7,125141.7,0.0,138300.0,13158.3,63469.700000000004,8.0,35441.880000000005,43906.08,REP-028,Khaled Shawky,2025,0.9342279323936933,-8810.300000000003,0.09514316702819955,15642.7125,-0.0,0.2832139886224976,0.35085091540229996,0.5071826577391869,-0.44109326282230044,664276.25,513036.16,1.2947942109967454,1.4050875547628496,Near Target (80-99%),7.0,33.0,136118.22,0.0,0.0,136118.22,CP2025,200928.0,T1 Approaching,0.005,136118.22,680.5911,0,0.0054385636442528746,3 80-99%
36,202505,20250501,4,50,0,KSA Enterprise,SA,ENT,133952.0,83830.42,83830.42,0.0,91100.0,7269.58,39360.42,4.0,0.0,30955.8,REP-028,Khaled Shawky,2025,0.6258243251313903,-50121.58,0.07979780461031834,20957.605,-0.0,0.0,0.3692669081223737,0.4695243087175276,-0.3301160204791848,748106.67,646988.1599999999,1.1562911290370448,1.0771932234432235,Below Target (<80%),5.0,58.0,91569.37,0.0,0.0,91569.37,CP2025,200928.0,T0 Below Gate,0.0,91569.37,0.0,0,0.0,2 60-79%
36,202506,20250601,4,51,0,KSA Enterprise,SA,ENT,139310.08,156720.68000000002,156720.68000000002,0.0,171700.0,14979.32,79690.68,4.0,0.0,71543.22,REP-028,Khaled Shawky,2025,1.1249773167885628,17410.600000000035,0.08724123471170646,39180.170000000006,-0.0,0.0,0.4565014648992079,0.5084886053327485,0.8694965383687691,904827.3500000001,786298.24,1.1507431963729184,0.8980357457188123,On Target (100-119%),6.0,26.0,174606.48500000002,0.0,0.0,174606.48500000002,CP2025,208965.12,T2 On Target,0.01,174606.48500000002,1746.0648500000002,0,0.011141253662248019,4 100-119%
36,202507,20250701,4,52,0,KSA Enterprise,SA,ENT,127254.4,82286.57999999999,82286.57999999999,0.0,89400.0,7113.42,39626.58,3.0,0.0,11696.34,REP-028,Khaled Shawky,2025,0.646630529081902,-44967.82000000001,0.07956845637583893,27428.859999999997,-0.0,0.0,0.14214152538603503,0.48156795433714716,-0.47494753085553243,987113.93,913552.6399999999,1.0805222236564278,0.8060534238191647,Below Target (<80%),6.0,50.0,85210.665,0.0,0.0,85210.665,CP2025,190881.59999999998,T0 Below Gate,0.0,85210.665,0.0,0,0.0,2 60-79%
36,202508,20250801,4,53,0,KSA Enterprise,SA,ENT,123235.84,78053.46,78053.46,0.0,85800.0,7746.54,41363.46,4.0,0.0,28146.0,REP-028,Khaled Shawky,2025,0.6333665595982468,-45182.37999999999,0.09028601398601399,19513.365,-0.0,0.0,0.3605990048359163,0.5299375581812772,-0.051443625436857154,1065167.3900000001,1036788.48,1.0273719380061015,0.813392662171237,Below Target (<80%),7.0,46.0,85089.96,0.0,0.0,85089.96,CP2025,184853.76,T0 Below Gate,0.0,85089.96,0.0,0,0.0,2 60-79%
36,202509,20250901,4,54,0,KSA Enterprise,SA,ENT,133952.0,88288.01,88288.01,0.0,98200.0,9911.99,47623.01,6.0,56255.090000000004,25643.879999999997,REP-028,Khaled Shawky,2025,0.6591018424510272,-45663.990000000005,0.1009367617107943,14714.668333333333,-0.0,0.6371770073875265,0.2904571073693925,0.5394051808393915,0.13112231027298454,1153455.4,1170740.48,0.9852357714666191,0.6467240696547809,Below Target (<80%),7.0,59.0,94698.98,0.0,0.0,94698.98,CP2025,200928.0,T0 Below Gate,0.0,94698.98,0.0,0,0.0,2 60-79%
36,202510,20251001,4,55,0,KSA Enterprise,SA,ENT,139310.08,70424.98,70424.98,0.0,79050.0,8625.02,37087.479999999996,2.0,36624.96,26634.0,REP-028,Khaled Shawky,2025,0.5055268075361093,-68885.09999999999,0.10910841239721696,35212.49,-0.0,0.520056377722791,0.3781896707673897,0.5266239337235168,-0.2023267938647615,1223880.3800000001,1310050.56,0.9342237753022297,0.5971442422699217,Below Target (<80%),9.0,66.0,77083.48,0.0,0.0,77083.48,CP2025,208965.12,T0 Below Gate,0.0,77083.48,0.0,0,0.0,1 <60%
36,202511,20251101,4,56,0,KSA Enterprise,SA,ENT,144668.16,52177.02,52177.02,0.0,57000.0,4822.9800000000005,28597.02,3.0,10189.02,10798.2,REP-028,Khaled Shawky,2025,0.36066692214790036,-92491.14000000001,0.08461368421052633,17392.34,-0.0,0.19527792119979256,0.2069531759383729,0.5480769120198893,-0.2591120366665351,1276057.4,1454718.72,0.8771849722261084,0.5046057686565106,Below Target (<80%),11.0,72.0,54876.57,0.0,0.0,54876.57,CP2025,217002.24,T0 Below Gate,0.0,54876.57,0.0,0,0.0,1 <60%
36,202512,20251201,4,57,0,KSA Enterprise,SA,ENT,152705.28,52279.86,82113.78,-29833.92,90600.0,8486.22,27139.86,3.0,8540.16,62580.9,REP-028,Khaled Shawky,2025,0.3423579066814193,-100425.42,0.09366688741721854,27371.26,0.36332415825942976,0.10400398081783593,0.7621242134998535,0.5191264858016069,0.0019709826279845763,1328337.26,1607424.0,0.8263764009993629,0.4004773525687436,Below Target (<80%),10.0,73.0,97759.005,-30520.545,0.0,67238.46,CP2025,229057.91999999998,T0 Below Gate,0.0,67238.46,0.0,0,0.0,1 <60%
37,202401,20240101,4,19,0,KSA Enterprise,SA,ENT,102502.4,43904.36,43904.36,0.0,49900.0,5995.64,20719.36,3.0,14301.119999999999,13491.18,REP-029,Noura Al-Suwaidi,2024,0.42832519043456546,-58598.03999999999,0.12015310621242485,14634.786666666667,-0.0,0.32573348068392294,0.30728565454547113,0.4719203286416201,,43904.36,102502.4,0.42832519043456546,0.42832519043456546,Below Target (<80%),9.0,55.0,47277.155,0.0,0.0,47277.155,CP2024,153753.59999999998,T0 Below Gate,0.0,47277.155,0.0,0,0.0,1 <60%
37,202402,20240201,4,20,0,KSA Enterprise,SA,ENT,110656.0,96254.85,96254.85,0.0,111600.0,15345.15,48494.85,8.0,0.0,58209.72,REP-029,Noura Al-Suwaidi,2024,0.8698565825621747,-14401.149999999994,0.1375013440860215,12031.85625,-0.0,0.0,0.6047458387811108,0.5038172102496653,1.1923756547185747,140159.21000000002,213158.4,0.6575354759652916,0.6575354759652916,Near Target (80-99%),7.0,44.0,110807.28,0.0,0.0,110807.28,CP2024,165984.0,T1 Approaching,0.005,110807.28,554.0364,0,0.005755932298476388,3 80-99%
37,202403,20240301,4,21,0,KSA Enterprise,SA,ENT,116480.0,51075.28999999999,51075.28999999999,0.0,60100.0,9024.71,20485.29,3.0,0.0,12552.0,REP-029,Noura Al-Suwaidi,2024,0.4384897836538461,-65404.71000000001,0.15016156405990017,17025.096666666665,-0.0,0.0,0.24575484544483256,0.4010802483940865,-0.4693743743821741,191234.5,329638.4,0.5801341712616005,0.5801341712616005,Below Target (<80%),8.0,62.0,54213.29,0.0,0.0,54213.29,CP2024,174720.0,T0 Below Gate,0.0,54213.29,0.0,0,0.0,1 <60%
37,202404,20240401,4,22,0,KSA Enterprise,SA,ENT,116480.0,156417.43,156417.43,0.0,180550.0,24132.57,74554.93,8.0,14184.239999999998,57599.64,REP-029,Noura Al-Suwaidi,2024,1.342869419642857,39937.42999999999,0.13366142342841317,19552.17875,-0.0,0.09068196555844191,0.36824310436503144,0.4766408065904164,2.062487359347348,347651.93,446118.4,0.779281755695349,0.8839738836375489,Exceeding (>=120%),1.0,16.0,170817.34,0.0,0.0,170817.34,CP2024,174720.0,T3 Accelerator,0.015,170817.34,2562.2601,0,0.01638091164136887,5 120-149%
37,202405,20240501,4,23,0,KSA Enterprise,SA,ENT,116480.0,123436.83,123436.83,0.0,142300.0,18863.17,62666.829999999994,7.0,7804.26,59843.46,REP-029,Noura Al-Suwaidi,2024,1.0597255322802197,6956.830000000002,0.13255917076598733,17633.832857142857,-0.0,0.06322472798434632,0.4848104086924462,0.5076834037296647,-0.21084990336435008,471088.76,562598.4,0.8373446493982208,0.9470282451923077,On Target (100-119%),4.0,27.0,138397.695,0.0,0.0,138397.695,CP2024,174720.0,T2 On Target,0.01,138397.695,1383.97695,0,0.011212026021731115,4 100-119%
37,202406,20240601,4,24,0,KSA Enterprise,SA,ENT,121139.2,143380.43,143380.43,0.0,167900.0,24519.57,72630.43000000001,7.0,99794.39,86914.86,REP-029,Noura Al-Suwaidi,2024,1.1836006016219358,22241.229999999996,0.146036748064324,20482.91857142857,-0.0,0.6960112338901481,0.6061835635448994,0.5065574848673561,0.16156928203681178,614469.19,683737.6,0.8986915302010595,1.1952432821085164,On Target (100-119%),3.0,24.0,165109.145,0.0,0.0,165109.145,CP2024,181708.8,T2 On Target,0.01,165109.145,1651.09145,0,0.011515458908862249,4 100-119%
37,202407,20240701,4,25,0,KSA Enterprise,SA,ENT,110656.0,39451.8,39451.8,0.0,44600.0,5148.2,13763.8,2.0,0.0,0.0,REP-029,Noura Al-Suwaidi,2024,0.3565265326778485,-71204.2,0.1154304932735426,19725.9,-0.0,0.0,0.0,0.34887635038198506,-0.7248452944380206,653920.99,794393.6,0.823170012950759,0.8793880816090264,Below Target (<80%),7.0,60.0,39451.8,0.0,0.0,39451.8,CP2024,165984.0,T0 Below Gate,0.0,39451.8,0.0,0,0.0,1 <60%
37,202408,20240801,4,26,0,KSA Enterprise,SA,ENT,107161.6,82600.38,82600.38,0.0,93800.0,11199.62,41230.38,3.0,0.0,57034.32,REP-029,Noura Al-Suwaidi,2024,0.7708020410296226,-24561.22,0.11939893390191898,27533.460000000003,-0.0,0.0,0.6904849590280335,0.4991548465031274,1.093703709336456,736521.37,901555.2,0.8169453961332596,0.7830868417450247,Below Target (<80%),6.0,37.0,96858.96,0.0,0.0,96858.96,CP2024,160742.40000000002,T0 Below Gate,0.0,96858.96,0.0,0,0.0,2 60-79%
37,202409,20240901,4,27,0,KSA Enterprise,SA,ENT,116480.0,131496.1,147877.09,-16380.990000000002,171700.0,23822.91,62266.1,5.0,87504.1,38540.4,REP-029,Noura Al-Suwaidi,2024,1.1289156936813187,15016.100000000006,0.13874729178800232,29575.417999999998,0.11077435997692409,0.5917353391252155,0.26062454975277105,0.4735205074523122,0.5919551459690621,868017.47,1018035.2,0.8526399381868132,0.7584507935444348,On Target (100-119%),4.0,29.0,157512.19,-16380.990000000002,0.0,141131.2,CP2024,174720.0,T2 On Target,0.01,141131.2,1411.3120000000001,0,0.010732728955459516,4 100-119%
37,202410,20241001,4,28,0,KSA Enterprise,SA,ENT,121139.2,83102.69,83102.69,0.0,97300.0,14197.31,36644.69,5.0,26452.73,55566.72,REP-029,Noura Al-Suwaidi,2024,0.6860098960534659,-38036.509999999995,0.14591274409044191,16620.538,-0.0,0.31831376336915207,0.6686512795193513,0.4409567247462146,-0.36802163714361114,951120.16,1139174.4,0.8349205881031035,0.8619945484203299,Below Target (<80%),7.0,48.0,96994.37,0.0,0.0,96994.37,CP2024,181708.8,T0 Below Gate,0.0,96994.37,0.0,0,0.0,2 60-79%
37,202411,20241101,4,29,0,KSA Enterprise,SA,ENT,125798.4,40978.56,40978.56,0.0,49300.0,8321.44,16148.56,3.0,7604.16,0.0,REP-029,Noura Al-Suwaidi,2024,0.32574786324786326,-84819.84,0.16879188640973633,13659.519999999999,-0.0,0.18556435365225132,0.0,0.39407338862078123,-0.5068924965004141,992098.72,1264972.8,0.7842846265152894,0.7032607941937872,Below Target (<80%),9.0,61.0,40978.56,0.0,0.0,40978.56,CP2024,188697.59999999998,T0 Below Gate,0.0,40978.56,0.0,0,0.0,1 <60%
37,202412,20241201,4,30,0,KSA Enterprise,SA,ENT,132787.2,102450.31,102450.31,0.0,117900.0,15449.69,50276.310000000005,6.0,19077.32,39231.6,REP-029,Noura Al-Suwaidi,2024,0.7715375427752071,-30336.890000000014,0.13104062765055133,17075.051666666666,-0.0,0.18621046632264948,0.38293295549813366,0.4907384858083885,1.5000954157491138,1094549.03,1397760.0,0.7830736535599817,0.5965677248365131,Below Target (<80%),7.0,50.0,112258.20999999999,0.0,0.0,112258.20999999999,CP2024,199180.80000000002,T0 Below Gate,0.0,112258.20999999999,0.0,0,0.0,2 60-79%
37,202501,20250101,4,31,0,KSA Enterprise,SA,ENT,117877.76,79062.72,79062.72,0.0,91400.0,12337.28,34922.72,3.0,0.0,50304.0,REP-029,Noura Al-Suwaidi,2025,0.6707178690874344,-38815.03999999999,0.134981181619256,26354.24,-0.0,0.0,0.6362543560353097,0.44170906338663785,-0.22828227654948038,79062.72,117877.76,0.6707178690874344,0.5910046332264579,Below Target (<80%),7.0,48.0,91638.72,0.0,0.0,91638.72,CP2025,176816.63999999998,T0 Below Gate,0.0,91638.72,0.0,0,0.0,2 60-79%
37,202502,20250201,4,32,0,KSA Enterprise,SA,ENT,127254.4,82612.88,82612.88,0.0,94700.0,12087.12,38582.88,5.0,15335.36,52326.18,REP-029,Noura Al-Suwaidi,2025,0.649194684034501,-44641.51999999999,0.12763590285110876,16522.576,-0.0,0.18562916581530628,0.6333900960721863,0.46703225937650394,0.044903084538452556,161675.6,245132.15999999997,0.6595446309452012,0.698894891227589,Below Target (<80%),4.0,45.0,95694.42499999999,0.0,0.0,95694.42499999999,CP2025,190881.59999999998,T0 Below Gate,0.0,95694.42499999999,0.0,0,0.0,2 60-79%
37,202503,20250301,4,33,0,KSA Enterprise,SA,ENT,133952.0,78507.24,78507.24,0.0,92300.0,13792.76,45147.24,4.0,51486.600000000006,60975.6,REP-029,Noura Al-Suwaidi,2025,0.5860848662207359,-55444.759999999995,0.14943401950162513,19626.81,-0.0,0.6558197689792687,0.7766876023154042,0.5750710380341991,-0.049697335330761976,240182.84000000003,379084.16,0.6335871169082877,0.6335871169082877,Below Target (<80%),7.0,45.0,93751.14,0.0,0.0,93751.14,CP2025,200928.0,T0 Below Gate,0.0,93751.14,0.0,0,0.0,1 <60%
37,202504,20250401,4,34,0,KSA Enterprise,SA,ENT,133952.0,175203.84,175203.84,0.0,200750.0,25546.16,86051.34,7.0,0.0,96415.5,REP-029,Noura Al-Suwaidi,2025,1.3079598662207357,41251.84,0.12725359900373598,25029.12,-0.0,0.0,0.550304719348617,0.4911498515101039,1.2316902237296838,415386.68,513036.16,0.8096635527601018,0.8511117567031348,Exceeding (>=120%),4.0,19.0,199307.715,0.0,0.0,199307.715,CP2025,200928.0,T3 Accelerator,0.015,199307.715,2989.6157249999997,0,0.01706364269755731,5 120-149%
37,202505,20250501,4,35,0,KSA Enterprise,SA,ENT,133952.0,129660.62,129660.62,0.0,145800.0,16139.38,58090.619999999995,3.0,33294.479999999996,33294.479999999996,REP-029,Noura Al-Suwaidi,2025,0.9679633002866698,-4291.380000000005,0.11069533607681756,43220.206666666665,-0.0,0.2567817429841073,0.2567817429841073,0.4480205323713553,-0.259944188437879,545047.3,646988.1599999999,0.842437827610323,0.9540026775760471,Near Target (80-99%),3.0,36.0,137984.24,0.0,0.0,137984.24,CP2025,200928.0,T1 Approaching,0.005,137984.24,689.9212,0,0.005320977178730134,3 80-99%
37,202506,20250601,4,36,0,KSA Enterprise,SA,ENT,139310.08,77736.63,77736.63,0.0,87900.0,10163.37,31431.63,3.0,7639.2,8486.4,REP-029,Noura Al-Suwaidi,2025,0.5580115236456687,-61573.44999999998,0.11562423208191128,25912.210000000003,-0.0,0.0982702749012917,0.10916861201726907,0.4043348676164634,-0.4004607567046956,622783.9299999999,786298.24,0.7920454330407759,0.9395576154930596,Below Target (<80%),9.0,64.0,79858.23,0.0,0.0,79858.23,CP2025,208965.12,T0 Below Gate,0.0,79858.23,0.0,0,0.0,1 <60%
37,202507,20250701,4,37,0,KSA Enterprise,SA,ENT,127254.4,71589.72,71589.72,0.0,82800.0,11210.28,33909.72,4.0,10586.64,52740.3,REP-029,Noura Al-Suwaidi,2025,0.5625716674629718,-55664.67999999999,0.1353898550724638,17897.43,-0.0,0.14787933239576853,0.7367021410336568,0.473667448343142,-0.07907353328797509,694373.65,913552.6399999999,0.7600806123224603,0.6965680163772536,Below Target (<80%),8.0,60.0,84774.795,0.0,0.0,84774.795,CP2025,190881.59999999998,T0 Below Gate,0.0,84774.795,0.0,0,0.0,1 <60%
37,202508,20250801,4,38,0,KSA Enterprise,SA,ENT,123235.84,74486.23,74486.23,0.0,86600.0,12113.77,39046.229999999996,5.0,21287.1,47105.16,REP-029,Noura Al-Suwaidi,2025,0.6044201913988657,-48749.61,0.13988187066974597,14897.246,-0.0,0.28578570831145567,0.6324009149073595,0.5242073602060408,0.04045985932058394,768859.88,1036788.48,0.7415783400679761,0.5741723865183076,Below Target (<80%),9.0,51.0,86262.51999999999,0.0,0.0,86262.51999999999,CP2025,184853.76,T0 Below Gate,0.0,86262.51999999999,0.0,0,0.0,2 60-79%
37,202509,20250901,4,39,0,KSA Enterprise,SA,ENT,133952.0,126862.58,135936.26,-9073.68,157100.0,21163.74,50952.58,7.0,30803.45,71115.3,REP-029,Noura Al-Suwaidi,2025,0.9470749223602485,-7089.419999999998,0.13471508593252707,19419.465714285714,0.06674951922320063,0.2266021589824525,0.523151806589353,0.4016360064567503,0.7031682231735987,895722.46,1170740.48,0.765090534838259,0.7099597848561073,Near Target (80-99%),3.0,31.0,153715.085,0.0,-9073.68,153715.085,CP2025,200928.0,T1 Approaching,0.005,153715.085,768.575425,0,0.006058330399712823,3 80-99%
37,202510,20251001,4,40,0,KSA Enterprise,SA,ENT,139310.08,35546.52,35546.52,0.0,40800.0,5253.48,20066.52,2.0,0.0,8370.720000000001,REP-029,Noura Al-Suwaidi,2025,0.2551611484251534,-103763.56,0.12876176470588235,17773.26,-0.0,0.0,0.23548634296690651,0.5645143322046716,-0.719802955292254,931268.98,1310050.56,0.7108649150151883,0.5974692881112718,Below Target (<80%),11.0,76.0,37639.2,0.0,0.0,37639.2,CP2025,208965.12,T0 Below Gate,0.0,37639.2,0.0,0,0.0,1 <60%
37,202511,20251101,4,41,0,KSA Enterprise,SA,ENT,144668.16,213175.04,213175.04,0.0,245200.0,32024.96,109635.04,11.0,33642.0,138606.36,REP-029,Noura Al-Suwaidi,2025,1.4735449735449735,68506.88,0.13060750407830343,19379.54909090909,-0.0,0.1578139729679422,0.650199760722456,0.5142958575262845,4.997072005923506,1144444.02,1454718.72,0.7867115506700842,0.8986766308176217,Exceeding (>=120%),1.0,11.0,247826.63,0.0,0.0,247826.63,CP2025,217002.24,T3 Accelerator,0.015,217002.24,3255.0335999999998,1,0.015269299820466785,5 120-149%
37,202512,20251201,4,42,0,KSA Enterprise,SA,ENT,152705.28,151399.94,151399.94,0.0,175200.0,23800.06,74059.94,9.0,25951.0,68700.96,REP-029,Noura Al-Suwaidi,2025,0.9914519000259847,-1305.3399999999965,0.13584509132420092,16822.215555555555,-0.0,0.17140693714938063,0.45377138194374456,0.48916756505980125,-0.289785802315318,1295843.96,1607424.0,0.8061618838588948,0.9162734146688202,Near Target (80-99%),8.0,35.0,168575.18,0.0,0.0,168575.18,CP2025,229057.91999999998,T1 Approaching,0.005,168575.18,842.8759,0,0.00556721422742968,3 80-99%
38,202401,20240101,4,56,0,KSA Enterprise,SA,ENT,102502.4,53508.270000000004,53508.270000000004,0.0,60300.0,6791.73,24138.27,3.0,0.0,14924.64,REP-030,Ali Al-Hinai,2024,0.5220196795392109,-48994.12999999999,0.1126323383084577,17836.09,-0.0,0.0,0.2789221180202611,0.4511128840457746,,53508.270000000004,102502.4,0.5220196795392109,0.5220196795392109,Below Target (<80%),7.0,50.0,57239.43,0.0,0.0,57239.43,CP2024,153753.59999999998,T0 Below Gate,0.0,57239.43,0.0,0,0.0,1 <60%
38,202402,20240201,4,57,0,KSA Enterprise,SA,ENT,110656.0,77362.53,77362.53,0.0,86100.0,8737.470000000001,42172.53,3.0,0.0,56418.78,REP-030,Ali Al-Hinai,2024,0.6991263917004048,-33293.47,0.10148048780487806,25787.51,-0.0,0.0,0.7292778558302062,0.5451286301003858,0.44580510638822735,130870.8,213158.4,0.6139603224644209,0.6139603224644209,Below Target (<80%),8.0,55.0,91467.225,0.0,0.0,91467.225,CP2024,165984.0,T0 Below Gate,0.0,91467.225,0.0,0,0.0,2 60-79%
39,202401,20240101,4,67,0,KSA Enterprise,SA,ENT,102502.4,21702.48,21702.48,0.0,24800.0,3097.52,8542.48,1.0,0.0,4320.48,REP-031,Lama Hamdy,2024,0.21172655469530471,-80799.92,0.1249,21702.48,-0.0,0.0,0.1990777090913112,0.39361768793243906,,21702.48,102502.4,0.21172655469530471,0.21172655469530471,Below Target (<80%),10.0,67.0,22782.6,0.0,0.0,22782.6,CP2024,153753.59999999998,T0 Below Gate,0.0,22782.6,0.0,0,0.0,1 <60%
39,202402,20240201,4,68,0,KSA Enterprise,SA,ENT,110656.0,25508.0,25508.0,0.0,28000.0,2492.0,11508.0,1.0,0.0,0.0,REP-031,Lama Hamdy,2024,0.2305161943319838,-85148.0,0.089,25508.0,-0.0,0.0,0.0,0.45115257958287597,0.17534954530542135,47210.479999999996,213158.4,0.22148073920614902,0.22148073920614902,Below Target (<80%),9.0,66.0,25508.0,0.0,0.0,25508.0,CP2024,165984.0,T0 Below Gate,0.0,25508.0,0.0,0,0.0,1 <60%
39,202403,20240301,4,69,0,KSA Enterprise,SA,ENT,116480.0,88110.72,88110.72,0.0,97400.0,9289.28,39950.72,3.0,0.0,14467.439999999999,REP-031,Lama Hamdy,2024,0.756445054945055,-28369.28,0.09537248459958933,29370.24,-0.0,0.0,0.1641961386764289,0.45341497606647635,2.454238670221107,135321.2,329638.4,0.4105140663223702,0.4105140663223702,Below Target (<80%),5.0,46.0,91727.58,0.0,0.0,91727.58,CP2024,174720.0,T0 Below Gate,0.0,91727.58,0.0,0,0.0,2 60-79%
39,202404,20240401,4,70,0,KSA Enterprise,SA,ENT,116480.0,128593.44,128593.44,0.0,142200.0,13606.56,68083.44,7.0,34148.4,41317.44,REP-031,Lama Hamdy,2024,1.103995879120879,12113.440000000002,0.09568607594936708,18370.49142857143,-0.0,0.265553203958149,0.32130285961710026,0.5294472253016951,0.4594528338889978,263914.64,446118.4,0.5915798137893438,0.7048919724343453,On Target (100-119%),4.0,24.0,138922.80000000002,0.0,0.0,138922.80000000002,CP2024,174720.0,T2 On Target,0.01,138922.80000000002,1389.2280000000003,0,0.010803257149042752,4 100-119%
39,202405,20240501,4,71,0,KSA Enterprise,SA,ENT,116480.0,120981.95,120981.95,0.0,135250.0,14268.05,62149.45,6.0,43849.729999999996,78297.3,REP-031,Lama Hamdy,2024,1.0386499828296702,4501.949999999997,0.10549390018484288,20163.658333333333,-0.0,0.362448530545259,0.6471816663560143,0.5137084498968648,-0.059190344390818106,384896.58999999997,562598.4,0.6841409253918957,0.9663636389652014,On Target (100-119%),5.0,30.0,140556.275,0.0,0.0,140556.275,CP2024,174720.0,T2 On Target,0.01,140556.275,1405.56275,0,0.011617954165890036,4 100-119%
39,202406,20240601,4,72,0,KSA Enterprise,SA,ENT,121139.2,139638.5,139638.5,0.0,152600.0,12961.5,65758.5,7.0,37480.68,51594.72,REP-031,Lama Hamdy,2024,1.1527110959953508,18499.300000000003,0.08493774574049803,19948.35714285714,-0.0,0.2684122215578082,0.3694877845293383,0.4709195529886099,0.1542093675957447,524535.09,683737.6,0.767158468394893,1.099166250587406,On Target (100-119%),4.0,30.0,152537.18,0.0,0.0,152537.18,CP2024,181708.8,T2 On Target,0.01,152537.18,1525.3718,0,0.010923719461323344,4 100-119%
39,202407,20240701,4,73,0,KSA Enterprise,SA,ENT,110656.0,139240.74,139240.74,0.0,157200.0,17959.26,67450.74,7.0,62144.94,73823.88,REP-031,Lama Hamdy,2024,1.2583207417582416,28584.73999999999,0.1142446564885496,19891.534285714286,-0.0,0.44631291100578757,0.5301887938831696,0.4844181379673794,-0.0028484980861296083,663775.83,794393.6,0.8355755006082627,1.1481184706806569,Exceeding (>=120%),3.0,15.0,157696.71,0.0,0.0,157696.71,CP2024,165984.0,T3 Accelerator,0.015,157696.71,2365.4506499999998,0,0.016988207977061884,5 120-149%
39,202408,20240801,4,74,0,KSA Enterprise,SA,ENT,107161.6,175921.32,175921.32,0.0,199500.0,23578.68,84791.32,7.0,87534.44,44112.06,REP-031,Lama Hamdy,2024,1.6416451415432394,68759.72,0.11818887218045113,25131.617142857143,-0.0,0.4975772123583429,0.250748800657021,0.4819843325413884,0.26343281427547727,839697.15,901555.2,0.9313873959131954,1.3417655583248365,Exceeding (>=120%),1.0,7.0,186949.33500000002,0.0,0.0,186949.33500000002,CP2024,160742.40000000002,T3 Accelerator,0.015,160742.40000000002,2411.1360000000004,1,0.013705763462893527,6 150%+
39,202409,20240901,4,75,0,KSA Enterprise,SA,ENT,116480.0,246214.9,246214.9,0.0,272600.0,26385.1,121216.9,8.0,105568.56,137472.6,REP-031,Lama Hamdy,2024,2.1137955013736263,129734.9,0.09679053558327219,30776.8625,-0.0,0.4287659276510073,0.5583439507519651,0.4923215451217615,0.399573968635524,1085912.05,1018035.2,1.0666743645013455,1.6792730788375387,Exceeding (>=120%),1.0,1.0,280583.05,0.0,0.0,280583.05,CP2024,174720.0,T3 Accelerator,0.015,174720.0,2620.7999999999997,1,0.010644359866116957,6 150%+
39,202410,20241001,4,76,0,KSA Enterprise,SA,ENT,121139.2,95944.92,95944.92,0.0,105900.0,9955.08,45910.92,7.0,9120.9,15320.64,REP-031,Lama Hamdy,2024,0.7920220704775993,-25194.28,0.09400453257790368,13706.417142857143,-0.0,0.09506391792290826,0.1596816173279419,0.4785132970041561,-0.6103204152145137,1181856.97,1139174.4,1.0374679855867548,1.5026391840844966,Below Target (<80%),6.0,41.0,99775.08,0.0,0.0,99775.08,CP2024,181708.8,T0 Below Gate,0.0,99775.08,0.0,0,0.0,2 60-79%
39,202411,20241101,4,77,0,KSA Enterprise,SA,ENT,125798.4,206585.02000000002,206585.02000000002,0.0,227300.0,20714.98,91467.02,8.0,20250.0,88064.64,REP-031,Lama Hamdy,2024,1.642191156644282,80786.62000000002,0.09113497580290365,25823.127500000002,-0.0,0.09802259621728622,0.42628763692546534,0.4427572725263429,1.1531626687478609,1388441.99,1264972.8,1.0976062014930281,1.5099566999506904,Exceeding (>=120%),3.0,11.0,228601.18,0.0,0.0,228601.18,CP2024,188697.59999999998,T3 Accelerator,0.015,188697.59999999998,2830.4639999999995,1,0.013701206408867397,6 150%+
39,202412,20241201,4,78,0,KSA Enterprise,SA,ENT,132787.2,52590.65,52590.65,0.0,58300.0,5709.35,19266.65,3.0,31031.989999999998,5424.0,REP-031,Lama Hamdy,2024,0.39605210441970307,-80196.55000000002,0.09793053173241853,17530.216666666667,-0.0,0.590066675350086,0.10313620386893868,0.3663512430441533,-0.7454285407528581,1441032.64,1397760.0,1.0309585622710622,0.9352051538377265,Below Target (<80%),10.0,66.0,53946.65,0.0,0.0,53946.65,CP2024,199180.80000000002,T0 Below Gate,0.0,53946.65,0.0,0,0.0,1 <60%
39,202501,20250101,4,79,0,KSA Enterprise,SA,ENT,117877.76,222585.54,222585.54,0.0,247000.0,24414.46,108455.54000000001,12.0,39428.82,106519.68000000001,REP-031,Lama Hamdy,2025,1.8882742597076838,104707.78000000001,0.09884396761133603,18548.795000000002,-0.0,0.17714007837166781,0.47855615418683534,0.4872533049541314,3.2324165987680322,222585.54,117877.76,1.8882742597076838,1.2797027843559596,Exceeding (>=120%),1.0,5.0,249215.46,0.0,0.0,249215.46,CP2025,176816.63999999998,T3 Accelerator,0.015,176816.63999999998,2652.2495999999996,1,0.011915641959491166,6 150%+
39,202502,20250201,4,80,0,KSA Enterprise,SA,ENT,127254.4,72499.09,72499.09,0.0,81500.0,9000.91,26139.09,3.0,15411.84,4319.52,REP-031,Lama Hamdy,2025,0.5697177464983529,-54755.31,0.11044061349693252,24166.36333333333,-0.0,0.21257977169092745,0.05958033404281351,0.36054369785882834,-0.6742866135868485,295084.63,245132.15999999997,1.2037777091345339,0.9199721337377369,Below Target (<80%),6.0,52.0,73578.97,0.0,0.0,73578.97,CP2025,190881.59999999998,T0 Below Gate,0.0,73578.97,0.0,0,0.0,1 <60%
39,202503,20250301,4,81,0,KSA Enterprise,SA,ENT,133952.0,43401.21,43401.21,0.0,48900.0,5498.79,21231.21,3.0,34898.85,22236.6,REP-031,Lama Hamdy,2025,0.3240056886048734,-90550.79000000001,0.11244969325153374,14467.07,-0.0,0.8040985493261593,0.5123497708934843,0.4891847485358127,-0.4013551066640974,338485.84,379084.16,0.8929042036470214,0.892904203647021,Below Target (<80%),10.0,67.0,48960.36,0.0,0.0,48960.36,CP2025,200928.0,T0 Below Gate,0.0,48960.36,0.0,0,0.0,1 <60%
39,202504,20250401,4,82,0,KSA Enterprise,SA,ENT,133952.0,221810.06,221810.06,0.0,243600.0,21789.940000000002,114200.06,9.0,13477.5,82429.62,REP-031,Lama Hamdy,2025,1.6558921106067845,87858.06,0.08944967159277505,24645.562222222223,-0.0,0.06076144607688218,0.3716225494912178,0.5148551873616553,4.110688388641699,560295.9,513036.16,1.09211775637803,0.8546202231813874,Exceeding (>=120%),2.0,6.0,242417.465,0.0,0.0,242417.465,CP2025,200928.0,T3 Accelerator,0.015,200928.0,3013.92,1,0.013587841777780503,6 150%+
39,202505,20250501,4,83,0,KSA Enterprise,SA,ENT,133952.0,78958.38,78958.38,0.0,88950.0,9991.62,36515.88,4.0,40770.03,2729.1,REP-031,Lama Hamdy,2025,0.5894527890587673,-54993.619999999995,0.11232849915682969,19739.595,-0.0,0.5163483597307847,0.03456377904409893,0.46246997468793044,-0.6440270563021352,639254.28,646988.1599999999,0.9880463345727998,0.8564501960901415,Below Target (<80%),6.0,60.0,79640.655,0.0,0.0,79640.655,CP2025,200928.0,T0 Below Gate,0.0,79640.655,0.0,0,0.0,1 <60%
39,202506,20250601,4,84,0,KSA Enterprise,SA,ENT,139310.08,166781.92,166781.92,0.0,185200.0,18418.08,81131.92,7.0,66165.7,80121.06,REP-031,Lama Hamdy,2025,1.1971992263589255,27471.840000000026,0.09944967602591794,23825.988571428574,-0.0,0.3967198602822176,0.480394157831976,0.48645512655088746,1.1122763663590869,806036.2,786298.24,1.025102383543425,1.148168452328564,On Target (100-119%),4.0,22.0,186812.185,0.0,0.0,186812.185,CP2025,208965.12,T2 On Target,0.01,186812.185,1868.12185,0,0.01120098539457994,4 100-119%
39,202507,20250701,4,85,0,KSA Enterprise,SA,ENT,127254.4,32313.54,32313.54,0.0,34900.0,2586.46,13183.539999999999,3.0,0.0,17677.44,REP-031,Lama Hamdy,2025,0.2539286657278648,-94940.85999999999,0.07411060171919771,10771.18,-0.0,0.0,0.5470598393119416,0.40798810653366974,-0.8062527401051625,838349.74,913552.6399999999,0.9176808246101725,0.6942381996366291,Below Target (<80%),10.0,73.0,36732.9,0.0,0.0,36732.9,CP2025,190881.59999999998,T0 Below Gate,0.0,36732.9,0.0,0,0.0,1 <60%
39,202508,20250801,4,86,0,KSA Enterprise,SA,ENT,123235.84,129111.03,129111.03,0.0,141600.0,12488.97,61851.03,9.0,0.0,60127.68,REP-031,Lama Hamdy,2025,1.0476743616142836,5875.190000000002,0.0881989406779661,14345.67,-0.0,0.0,0.4657052151160129,0.47905302900921787,2.995570587437959,967460.77,1036788.48,0.9331322527812038,0.8419861994982457,On Target (100-119%),2.0,12.0,144142.95,0.0,0.0,144142.95,CP2025,184853.76,T2 On Target,0.01,144142.95,1441.4295000000002,0,0.011164263037790034,4 100-119%
39,202509,20250901,4,87,0,KSA Enterprise,SA,ENT,133952.0,79602.42,79602.42,0.0,87900.0,8297.58,40032.42,5.0,20239.98,62131.799999999996,REP-031,Lama Hamdy,2025,0.5942607799808887,-54349.58,0.09439795221843003,15920.484,-0.0,0.2542633754099436,0.7805265216811247,0.5029045599367457,-0.3834576333253635,1047063.1900000001,1170740.48,0.8943597730557673,0.6269524129294428,Below Target (<80%),9.0,63.0,95135.37,0.0,0.0,95135.37,CP2025,200928.0,T0 Below Gate,0.0,95135.37,0.0,0,0.0,1 <60%
39,202510,20251001,4,88,0,KSA Enterprise,SA,ENT,139310.08,95199.54000000001,95199.54000000001,0.0,107500.0,12300.46,41644.54,4.0,52815.04,16150.5,REP-031,Lama Hamdy,2025,0.6833643337222979,-44110.53999999998,0.11442288372093022,23799.885000000002,-0.0,0.5547825126045777,0.1696489289759173,0.43744476076249944,0.1959377616911648,1142262.73,1310050.56,0.8719226302227602,0.7664932769382496,Below Target (<80%),6.0,52.0,99237.16500000001,0.0,0.0,99237.16500000001,CP2025,208965.12,T0 Below Gate,0.0,99237.16500000001,0.0,0,0.0,2 60-79%
39,202511,20251101,4,89,0,KSA Enterprise,SA,ENT,144668.16,70230.45,78891.33,-8660.880000000001,87300.0,8408.67,35160.45,4.0,0.0,36063.240000000005,REP-031,Lama Hamdy,2025,0.48545892890322234,-74437.71,0.0963192439862543,19722.8325,0.10978240574724753,0.0,0.4571255168343594,0.5006439514484102,-0.2622816244700343,1212493.18,1454718.72,0.8334897759478891,0.5862997853421661,Below Target (<80%),10.0,65.0,87907.14,0.0,-8660.880000000001,87907.14,CP2025,217002.24,T0 Below Gate,0.0,87907.14,0.0,0,0.0,1 <60%
39,202512,20251201,4,90,0,KSA Enterprise,SA,ENT,152705.28,256217.39,256217.39,0.0,283300.0,27082.61,124597.39,9.0,26985.31,57119.22,REP-031,Lama Hamdy,2025,1.677855474283535,103512.11000000002,0.09559692905047652,28468.59888888889,-0.0,0.10532192994394331,0.22293264325266915,0.4862956023398724,2.648237908200788,1468710.57,1607424.0,0.9137045172897755,0.965567420542914,Exceeding (>=120%),3.0,7.0,270497.195,0.0,0.0,270497.195,CP2025,229057.91999999998,T3 Accelerator,0.015,229057.91999999998,3435.8687999999997,1,0.013409975021601772,6 150%+
40,202401,20240101,4,23,0,KSA Enterprise,SA,ENT,102502.4,70062.04000000001,70062.04000000001,0.0,79300.0,9237.96,26092.04,4.0,39161.520000000004,35512.62,REP-032,Rami Al-Mutairi,2024,0.6835160932817184,-32440.359999999986,0.11649382093316518,17515.510000000002,-0.0,0.5589548919785949,0.5068739077537565,0.3724133639271708,,70062.04000000001,102502.4,0.6835160932817184,0.6835160932817184,Below Target (<80%),6.0,43.0,78940.195,0.0,0.0,78940.195,CP2024,153753.59999999998,T0 Below Gate,0.0,78940.195,0.0,0,0.0,2 60-79%
40,202402,20240201,4,24,0,KSA Enterprise,SA,ENT,110656.0,195883.5,195883.5,0.0,219050.0,23166.5,100981.0,8.0,0.0,93696.48,REP-032,Rami Al-Mutairi,2024,1.7702022484094853,85227.5,0.10575895914174846,24485.4375,-0.0,0.0,0.47832757736103343,0.5155155998335745,1.7958577854712763,265945.54000000004,213158.4,1.2476427858343844,1.2476427858343844,Exceeding (>=120%),3.0,8.0,219307.62,0.0,0.0,219307.62,CP2024,165984.0,T3 Accelerator,0.015,165984.0,2489.7599999999998,1,0.012710412056145617,6 150%+
40,202403,20240301,4,25,0,KSA Enterprise,SA,ENT,116480.0,109993.55,109993.55,0.0,124150.0,14156.45,54816.05,5.0,51899.65,33851.82,REP-032,Rami Al-Mutairi,2024,0.944312757554945,-6486.449999999997,0.11402698348771648,21998.71,-0.0,0.4718426671382095,0.3077618642184019,0.4983569491120161,-0.43847465457784857,375939.09,329638.4,1.1404590302586106,1.1404590302586106,Near Target (80-99%),3.0,36.0,118456.505,0.0,0.0,118456.505,CP2024,174720.0,T1 Approaching,0.005,118456.505,592.2825250000001,0,0.005384702330273003,3 80-99%
40,202404,20240401,4,26,0,KSA Enterprise,SA,ENT,116480.0,40883.22,40883.22,0.0,46800.0,5916.78,23003.22,3.0,10242.0,23725.800000000003,REP-032,Rami Al-Mutairi,2024,0.3509891826923077,-75596.78,0.12642692307692308,13627.74,-0.0,0.2505184278537747,0.5803310013252382,0.5626567574667554,-0.6283125692370144,416822.31,446118.4,0.9343311327217169,1.0091505343173777,Below Target (<80%),8.0,62.0,46814.67,0.0,0.0,46814.67,CP2024,174720.0,T0 Below Gate,0.0,46814.67,0.0,0,0.0,1 <60%
40,202405,20240501,4,27,0,KSA Enterprise,SA,ENT,116480.0,161398.63,161398.63,0.0,183000.0,21601.37,74013.63,7.0,0.0,34146.78,REP-032,Rami Al-Mutairi,2024,1.3856338427197803,44918.630000000005,0.11804027322404372,23056.947142857145,-0.0,0.0,0.21156796684085855,0.45857656908240174,2.94779643090735,578220.94,562598.4,1.0277685467999909,0.8936452609890111,Exceeding (>=120%),2.0,14.0,169935.325,0.0,0.0,169935.325,CP2024,174720.0,T3 Accelerator,0.015,169935.325,2549.029875,0,0.01579337987565322,5 120-149%
40,202406,20240601,4,28,0,KSA Enterprise,SA,ENT,121139.2,117063.33,117063.33,0.0,131750.0,14686.67,63935.83,7.0,44604.57,71535.9,REP-032,Rami Al-Mutairi,2024,0.9663538309647084,-4075.8699999999953,0.1114737760910816,16723.332857142857,-0.0,0.38102939665222235,0.6110871781966223,0.5461644564527594,-0.27469440106152077,695284.27,683737.6,1.016887574999532,0.9018523057945343,Near Target (80-99%),6.0,44.0,134947.305,0.0,0.0,134947.305,CP2024,181708.8,T1 Approaching,0.005,134947.305,674.736525,0,0.005763858972745778,3 80-99%
40,202407,20240701,4,29,0,KSA Enterprise,SA,ENT,110656.0,117738.42,117738.42,0.0,132900.0,15161.58,55158.42,6.0,31822.559999999998,39470.94,REP-032,Rami Al-Mutairi,2024,1.0640039401388086,7082.419999999998,0.11408261851015801,19623.07,-0.0,0.27028186721038044,0.33524265061481207,0.46848276034280056,0.0057668784921802285,813022.69,794393.6,1.0234507050409267,1.137607214065199,On Target (100-119%),4.0,24.0,127606.155,0.0,0.0,127606.155,CP2024,165984.0,T2 On Target,0.01,127606.155,1276.0615500000001,0,0.01083810662653703,4 100-119%
40,202408,20240801,4,30,0,KSA Enterprise,SA,ENT,107161.6,125013.33,125013.33,0.0,139350.0,14336.67,54220.83,6.0,0.0,40338.9,REP-032,Rami Al-Mutairi,2024,1.1665870050465839,17851.729999999996,0.10288245425188375,20835.555,-0.0,0.0,0.32267678974714137,0.43372038805781754,0.06178875170908531,938036.02,901555.2,1.040464322095863,1.061536691401382,On Target (100-119%),2.0,14.0,135098.055,0.0,0.0,135098.055,CP2024,160742.40000000002,T2 On Target,0.01,135098.055,1350.98055,0,0.010806691974367854,4 100-119%
40,202409,20240901,4,31,0,KSA Enterprise,SA,ENT,116480.0,129303.93,152855.01,-23551.079999999998,171700.0,18844.99,62753.93,8.0,30269.16,84399.59999999999,REP-032,Rami Al-Mutairi,2024,1.1100955528846153,12823.929999999993,0.10975532906231801,19106.87625,0.1540746358264606,0.198025305156828,0.5521546202509161,0.48532113447750586,0.03432113999363101,1067339.95,1018035.2,1.0484312821403425,1.1129475054562161,On Target (100-119%),5.0,30.0,173954.91,-23551.079999999998,0.0,150403.83000000002,CP2024,174720.0,T2 On Target,0.01,150403.83000000002,1504.0383000000002,0,0.011631806550659367,4 100-119%
40,202410,20241001,4,32,0,KSA Enterprise,SA,ENT,121139.2,62904.8,62904.8,0.0,69800.0,6895.2,31004.8,4.0,11707.82,50405.28,REP-032,Rami Al-Mutairi,2024,0.5192769970414202,-58234.399999999994,0.09878510028653295,15726.2,-0.0,0.18611966018491433,0.8012946547799213,0.4928844857626127,-0.5135120796405801,1130244.75,1139174.4,0.9921612968128498,0.9200688089359963,Below Target (<80%),8.0,55.0,75506.12,0.0,0.0,75506.12,CP2024,181708.8,T0 Below Gate,0.0,75506.12,0.0,0,0.0,1 <60%
40,202411,20241101,4,33,0,KSA Enterprise,SA,ENT,125798.4,84655.24,84655.24,0.0,95300.0,10644.76,39415.24,4.0,23298.44,24423.6,REP-032,Rami Al-Mutairi,2024,0.6729436940374441,-41143.15999999999,0.11169737670514165,21163.81,-0.0,0.27521556846333434,0.288506653575136,0.46559716799574363,0.3457675725858758,1214899.99,1264972.8,0.9604158998517596,0.7618342369769653,Below Target (<80%),6.0,50.0,90761.14,0.0,0.0,90761.14,CP2024,188697.59999999998,T0 Below Gate,0.0,90761.14,0.0,0,0.0,2 60-79%
40,202412,20241201,4,34,0,KSA Enterprise,SA,ENT,132787.2,139437.96,139437.96,0.0,156550.0,17112.04,62615.46,8.0,47581.79,53071.8,REP-032,Rami Al-Mutairi,2024,1.0500858516483516,6650.75999999998,0.10930718620249122,17429.745,-0.0,0.3412398603651402,0.3806122809025606,0.4490560533157542,0.6471273367130018,1354337.95,1397760.0,0.9689345452724358,0.7558052568597045,On Target (100-119%),3.0,37.0,152705.91,0.0,0.0,152705.91,CP2024,199180.80000000002,T2 On Target,0.01,152705.91,1527.0591000000002,0,0.010951530702256403,4 100-119%
40,202501,20250101,4,35,0,KSA Enterprise,SA,ENT,117877.76,58619.85,58619.85,0.0,64650.0,6030.150000000001,28402.35,4.0,0.0,42142.74,REP-032,Rami Al-Mutairi,2025,0.4972935522358077,-59257.909999999996,0.09327378190255221,14654.9625,-0.0,0.0,0.718915862118378,0.4845176164729183,-0.5795990560963455,58619.85,117877.76,0.4972935522358077,0.7509709577048878,Below Target (<80%),9.0,60.0,69155.535,0.0,0.0,69155.535,CP2025,176816.63999999998,T0 Below Gate,0.0,69155.535,0.0,0,0.0,1 <60%
40,202502,20250201,4,36,0,KSA Enterprise,SA,ENT,127254.4,53888.979999999996,53888.979999999996,0.0,61300.0,7411.02,19833.98,3.0,0.0,4122.24,REP-032,Rami Al-Mutairi,2025,0.4234743945985365,-73365.42,0.12089755301794454,17962.993333333332,-0.0,0.0,0.07649504592590174,0.368052614838878,-0.08070423244003529,112508.82999999999,245132.15999999997,0.4589721316044374,0.6666681220035935,Below Target (<80%),7.0,59.0,54919.54,0.0,0.0,54919.54,CP2025,190881.59999999998,T0 Below Gate,0.0,54919.54,0.0,0,0.0,1 <60%
40,202503,20250301,4,37,0,KSA Enterprise,SA,ENT,133952.0,233486.4,233486.4,0.0,260100.0,26613.6,104372.4,9.0,45114.24,153991.44,REP-032,Rami Al-Mutairi,2025,1.7430602006688962,99534.4,0.10232064590542099,25942.933333333334,-0.0,0.19321999054334643,0.6595306621713299,0.4470170425343831,3.3327299941472264,345995.23,379084.16,0.9127134987650236,0.9127134987650234,Exceeding (>=120%),2.0,4.0,271984.26,0.0,0.0,271984.26,CP2025,200928.0,T3 Accelerator,0.015,200928.0,3013.92,1,0.012908332134120019,6 150%+
40,202504,20250401,4,38,0,KSA Enterprise,SA,ENT,133952.0,73669.31,96197.39,-22528.08,108700.0,12502.61,38149.31,7.0,17106.42,25265.04,REP-032,Rami Al-Mutairi,2025,0.5499679736024845,-60282.69,0.11501941122355107,13742.484285714285,0.2341859794740793,0.17782623832101888,0.2626374790417911,0.5178453551417815,-0.6844813659382303,419664.54,513036.16,0.8180018733962144,0.9136707963186408,Below Target (<80%),9.0,51.0,102513.65,0.0,-22528.08,102513.65,CP2025,200928.0,T0 Below Gate,0.0,102513.65,0.0,0,0.0,1 <60%
40,202505,20250501,4,39,0,KSA Enterprise,SA,ENT,133952.0,24568.8,24568.8,0.0,27800.0,3231.2,12908.8,2.0,24568.8,17447.52,REP-032,Rami Al-Mutairi,2025,0.18341495461060678,-109383.2,0.11623021582733813,12284.4,-0.0,1.0,0.7101494578489792,0.525414346651037,-0.6664988446342174,444233.33999999997,646988.1599999999,0.686617418161099,0.8254810429606623,Below Target (<80%),10.0,73.0,28930.68,0.0,0.0,28930.68,CP2025,200928.0,T0 Below Gate,0.0,28930.68,0.0,0,0.0,1 <60%
40,202506,20250601,4,40,0,KSA Enterprise,SA,ENT,139310.08,75820.29,75820.29,0.0,84900.0,9079.710000000001,34370.29,5.0,0.0,16553.16,REP-032,Rami Al-Mutairi,2025,0.544255591555184,-63489.78999999999,0.10694593639575972,15164.057999999999,-0.0,0.0,0.21832097977995074,0.45331256316745827,2.0860396112142228,520053.63,786298.24,0.6613948798867971,0.4274370866547639,Below Target (<80%),10.0,66.0,79958.58,0.0,0.0,79958.58,CP2025,208965.12,T0 Below Gate,0.0,79958.58,0.0,0,0.0,1 <60%
40,202507,20250701,4,41,0,KSA Enterprise,SA,ENT,127254.4,74096.4,74096.4,0.0,82200.0,8103.6,42866.4,4.0,39074.4,26937.3,REP-032,Rami Al-Mutairi,2025,0.5822698468579475,-53158.0,0.09858394160583941,18524.1,-0.0,0.5273454580789351,0.3635439778450775,0.5785220334591155,-0.02273652606709892,594150.03,913552.6399999999,0.6503730644355645,0.43565121215486546,Below Target (<80%),7.0,58.0,80830.725,0.0,0.0,80830.725,CP2025,190881.59999999998,T0 Below Gate,0.0,80830.725,0.0,0,0.0,1 <60%
40,202508,20250801,4,42,0,KSA Enterprise,SA,ENT,123235.84,99669.51000000001,99669.51000000001,0.0,112200.0,12530.49,49164.51,6.0,0.0,50337.9,REP-032,Rami Al-Mutairi,2025,0.8087704843006711,-23566.329999999987,0.11167994652406417,16611.585000000003,-0.0,0.0,0.5050481335766575,0.49327532562365356,0.3451329619252759,693819.54,1036788.48,0.6692006647296082,0.640292445116515,Near Target (80-99%),6.0,34.0,112253.985,0.0,0.0,112253.985,CP2025,184853.76,T0 Below Gate,0.0,112253.985,0.0,0,0.0,3 80-99%
40,202509,20250901,4,43,0,KSA Enterprise,SA,ENT,133952.0,163634.63,163634.63,0.0,182300.0,18665.37,84984.63,8.0,0.0,73683.6,REP-032,Rami Al-Mutairi,2025,1.2215915402532251,29682.630000000005,0.10238820625342841,20454.32875,-0.0,0.0,0.4502934372754716,0.5193560189551564,0.6417721929203825,857454.1699999999,1170740.48,0.7324032820664064,0.8776364948867219,Exceeding (>=120%),2.0,22.0,182055.53,0.0,0.0,182055.53,CP2025,200928.0,T3 Accelerator,0.015,182055.53,2730.83295,0,0.016688600389783016,5 120-149%
40,202510,20251001,4,44,0,KSA Enterprise,SA,ENT,139310.08,90358.35,90358.35,0.0,100450.0,10091.65,43240.85,6.0,0.0,51100.92,REP-032,Rami Al-Mutairi,2025,0.6486131513240105,-48951.72999999998,0.10046441015430563,15059.725,-0.0,0.0,0.5655362232710092,0.4785484684038608,-0.4478042331259587,947812.52,1310050.56,0.7234930841142497,0.8919655618874368,Below Target (<80%),7.0,55.0,103133.58,0.0,0.0,103133.58,CP2025,208965.12,T0 Below Gate,0.0,103133.58,0.0,0,0.0,2 60-79%
40,202511,20251101,4,45,0,KSA Enterprise,SA,ENT,144668.16,167278.94,187283.9,-20004.96,210300.0,23016.1,79857.94,10.0,17297.329999999998,78316.02,REP-032,Rami Al-Mutairi,2025,1.1562941009272532,22610.78,0.10944412743699476,18728.39,0.10681622926476862,0.09235887334682799,0.4181673918580295,0.47739386679518653,0.8512836943127003,1115091.46,1454718.72,0.7665340692116754,1.0079957841768041,On Target (100-119%),5.0,26.0,206862.905,-22817.52,0.0,184045.385,CP2025,217002.24,T2 On Target,0.01,184045.385,1840.45385,0,0.011002304593752208,4 100-119%
40,202512,20251201,4,46,0,KSA Enterprise,SA,ENT,152705.28,204426.95,204426.95,0.0,231350.0,26923.05,73834.45,7.0,13529.4,35258.04,REP-032,Rami Al-Mutairi,2025,1.3387025648360031,51721.67000000001,0.11637367624810892,29203.850000000002,-0.0,0.06618207628690835,0.17247256293751875,0.36117767251333543,0.22207224651232252,1319518.41,1607424.0,0.8208900762959865,1.0581215430341864,Exceeding (>=120%),7.0,23.0,213241.46,0.0,0.0,213241.46,CP2025,229057.91999999998,T3 Accelerator,0.015,213241.46,3198.6218999999996,0,0.015646772111015693,5 120-149%
41,202401,20240101,4,63,0,KSA Enterprise,SA,ENT,102502.4,187687.53,187687.53,0.0,199500.0,11812.47,103042.53,8.0,28962.52,123758.45999999999,REP-033,Sara Al-Dosari,2024,1.831054980176074,85185.13,0.05921037593984962,23460.94125,-0.0,0.15431243620713642,0.6593856288694299,0.549011061097133,,187687.53,102502.4,1.831054980176074,1.831054980176074,Exceeding (>=120%),2.0,4.0,218627.145,0.0,0.0,218627.145,CP2024,153753.59999999998,T3 Accelerator,0.015,153753.59999999998,2306.3039999999996,1,0.012287998035884429,6 150%+
41,202402,20240201,4,64,0,KSA Enterprise,SA,ENT,110656.0,219461.55,219461.55,0.0,233100.0,13638.449999999999,112546.55,9.0,51035.46,63540.48,REP-033,Sara Al-Dosari,2024,1.9832774544534413,108805.54999999999,0.058509009009009,24384.616666666665,-0.0,0.23254852615412586,0.2895289858291806,0.5128303796268641,0.16929212079246814,407149.07999999996,213158.4,1.910077576112412,1.910077576112412,Exceeding (>=120%),1.0,3.0,235346.66999999998,0.0,0.0,235346.66999999998,CP2024,165984.0,T3 Accelerator,0.015,165984.0,2489.7599999999998,1,0.01134485744769414,6 150%+
41,202403,20240301,4,65,0,KSA Enterprise,SA,ENT,116480.0,53094.840000000004,53094.840000000004,0.0,56400.0,3305.16,29874.84,3.0,19022.64,2712.0,REP-033,Sara Al-Dosari,2024,0.45582795329670334,-63385.159999999996,0.05860212765957447,17698.280000000002,-0.0,0.3582766234910963,0.0510784098793781,0.5626693667407228,-0.7580676888502792,460243.92,329638.4,1.3962084514425501,1.3962084514425501,Below Target (<80%),6.0,58.0,53772.840000000004,0.0,0.0,53772.840000000004,CP2024,174720.0,T0 Below Gate,0.0,53772.840000000004,0.0,0,0.0,1 <60%
41,202404,20240401,4,66,0,KSA Enterprise,SA,ENT,116480.0,87746.56,87746.56,0.0,91600.0,3853.44,44561.560000000005,5.0,6499.3,53648.22,REP-033,Sara Al-Dosari,2024,0.7533186813186813,-28733.440000000002,0.04206812227074236,17549.311999999998,-0.0,0.07406900053973627,0.6113996947572646,0.5078439542245303,0.6526381848028922,547990.48,446118.4,1.2283521145955871,1.048562785202086,Below Target (<80%),6.0,41.0,101158.615,0.0,0.0,101158.615,CP2024,174720.0,T0 Below Gate,0.0,101158.615,0.0,0,0.0,2 60-79%
41,202405,20240501,4,67,0,KSA Enterprise,SA,ENT,116480.0,82276.12,82276.12,0.0,88300.0,6023.88,49061.12,5.0,13800.3,22339.5,REP-033,Sara Al-Dosari,2024,0.7063540521978021,-34203.880000000005,0.06822061155152888,16455.224,-0.0,0.1677315361978664,0.2715186374855791,0.5962984156277666,-0.06234364059400166,630266.6,562598.4,1.1202779815939754,0.638500228937729,Below Target (<80%),8.0,49.0,87860.995,0.0,0.0,87860.995,CP2024,174720.0,T0 Below Gate,0.0,87860.995,0.0,0,0.0,2 60-79%
41,202406,20240601,4,68,0,KSA Enterprise,SA,ENT,121139.2,36826.4,36826.4,0.0,40000.0,3173.6,17701.4,3.0,17735.25,2824.8,REP-033,Sara Al-Dosari,2024,0.3040006868131868,-84312.79999999999,0.07934,12275.466666666667,-0.0,0.4815906523580909,0.07670584146156019,0.48067147481154826,-0.5524047560823238,667093.0,683737.6,0.9756564506617744,0.5841557394086176,Below Target (<80%),9.0,65.0,37532.6,0.0,0.0,37532.6,CP2024,181708.8,T0 Below Gate,0.0,37532.6,0.0,0,0.0,1 <60%
41,202407,20240701,4,69,0,KSA Enterprise,SA,ENT,110656.0,103029.03,103029.03,0.0,110300.0,7270.97,46619.03,4.0,32511.0,30176.7,REP-033,Sara Al-Dosari,2024,0.9310749530075187,-7626.970000000001,0.06591994560290118,25757.2575,-0.0,0.3155518400978831,0.2928951189776319,0.4524844114323895,1.7976948602089806,770122.03,794393.6,0.9694464179973253,0.6378046728564077,Near Target (80-99%),5.0,28.0,110573.20499999999,0.0,0.0,110573.20499999999,CP2024,165984.0,T1 Approaching,0.005,110573.20499999999,552.8660249999999,0,0.005366118898722039,3 80-99%
41,202408,20240801,4,70,0,KSA Enterprise,SA,ENT,107161.6,113202.59,113202.59,0.0,120500.0,7297.41,60887.59,6.0,32572.68,20374.079999999998,REP-033,Sara Al-Dosari,2024,1.0563727118669373,6040.989999999991,0.060559419087136926,18867.09833333333,-0.0,0.2877379395648103,0.1799789209769847,0.53786393049841,0.09874459654720615,883324.62,901555.2,0.9797787423332482,0.7465789740757525,On Target (100-119%),4.0,21.0,118296.11,0.0,0.0,118296.11,CP2024,160742.40000000002,T2 On Target,0.01,118296.11,1182.9611,0,0.010449947302442463,4 100-119%
41,202409,20240901,4,71,0,KSA Enterprise,SA,ENT,116480.0,62070.06,62070.06,0.0,66300.0,4229.9400000000005,30960.059999999998,2.0,0.0,43128.36,REP-033,Sara Al-Dosari,2024,0.5328816964285714,-54409.94,0.06380000000000001,31035.03,-0.0,0.0,0.6948335477684411,0.4987921712980461,-0.4516904604391119,945394.6799999999,1018035.2,0.9286463572182966,0.83249679327641,Below Target (<80%),7.0,55.0,72852.15,0.0,0.0,72852.15,CP2024,174720.0,T0 Below Gate,0.0,72852.15,0.0,0,0.0,1 <60%
41,202410,20241001,4,72,0,KSA Enterprise,SA,ENT,121139.2,183427.5,183427.5,0.0,195300.0,11872.5,99091.5,8.0,25911.6,96281.88,REP-033,Sara Al-Dosari,2024,1.5141878103867288,62288.3,0.06079109062980031,22928.4375,-0.0,0.14126344195935722,0.5249042809829497,0.5402216134440038,1.9551687238581694,1128822.18,1139174.4,0.9909125240173937,1.0403715926176864,Exceeding (>=120%),2.0,11.0,207497.97,0.0,0.0,207497.97,CP2024,181708.8,T3 Accelerator,0.015,181708.8,2725.6319999999996,1,0.014859451281841598,6 150%+
41,202411,20241101,4,73,0,KSA Enterprise,SA,ENT,125798.4,111099.3,111099.3,0.0,118000.0,6900.7,55319.3,6.0,53851.38,59777.880000000005,REP-033,Sara Al-Dosari,2024,0.8831535218253969,-14699.099999999991,0.05848050847457627,18516.55,-0.0,0.48471394509236326,0.5380581155776859,0.4979266296007266,-0.3943149200637854,1239921.48,1264972.8,0.980196159158521,0.9812316739750634,Near Target (80-99%),5.0,39.0,126043.77,0.0,0.0,126043.77,CP2024,188697.59999999998,T1 Approaching,0.005,126043.77,630.2188500000001,0,0.005672572644472108,3 80-99%
41,202412,20241201,4,74,0,KSA Enterprise,SA,ENT,132787.2,188934.48,188934.48,0.0,199200.0,10265.52,109854.48000000001,8.0,0.0,60863.22,REP-033,Sara Al-Dosari,2024,1.4228365384615385,56147.28,0.05153373493975904,23616.81,-0.0,0.0,0.3221392940028734,0.5814422015505057,0.7005910928331682,1428855.96,1397760.0,1.0222469951923077,1.273188582889503,Exceeding (>=120%),2.0,20.0,204150.285,0.0,0.0,204150.285,CP2024,199180.80000000002,T3 Accelerator,0.015,199180.80000000002,2987.712,1,0.015813482007095793,5 120-149%
41,202501,20250101,4,75,0,KSA Enterprise,SA,ENT,117877.76,90398.19,90398.19,0.0,95400.0,5001.81,46808.19,4.0,0.0,32087.46,REP-033,Sara Al-Dosari,2025,0.7668807924412544,-27479.569999999992,0.052429874213836485,22599.5475,-0.0,0.0,0.3549568857518054,0.5178000798467315,-0.5215368311808412,90398.19,117877.76,0.7668807924412544,1.0371048327252885,Below Target (<80%),6.0,40.0,98420.055,0.0,0.0,98420.055,CP2025,176816.63999999998,T0 Below Gate,0.0,98420.055,0.0,0,0.0,2 60-79%
41,202502,20250201,4,76,0,KSA Enterprise,SA,ENT,127254.4,188952.35,188952.35,0.0,198300.0,9347.65,100427.35,10.0,24109.559999999998,85748.04,REP-033,Sara Al-Dosari,2025,1.484839424019916,61697.95000000001,0.04713893091275845,18895.235,-0.0,0.1275959785628493,0.4538077457094341,0.5314956389798804,1.0902227135299944,279350.54000000004,245132.15999999997,1.1395915574684288,1.2391136034946715,Exceeding (>=120%),3.0,10.0,210389.36000000002,0.0,0.0,210389.36000000002,CP2025,190881.59999999998,T3 Accelerator,0.015,190881.59999999998,2863.2239999999997,1,0.015153153691922857,5 120-149%
41,202503,20250301,4,77,0,KSA Enterprise,SA,ENT,133952.0,92623.46,92623.46,0.0,98000.0,5376.54,50813.46,3.0,32121.300000000003,55278.9,REP-033,Sara Al-Dosari,2025,0.6914675406115623,-41328.53999999999,0.05486265306122449,30874.486666666668,-0.0,0.3467944298345149,0.596813161589947,0.5486024814879513,-0.5098051969186941,371974.0,379084.16,0.9812438483317267,0.9812438483317267,Below Target (<80%),6.0,38.0,106443.185,0.0,0.0,106443.185,CP2025,200928.0,T0 Below Gate,0.0,106443.185,0.0,0,0.0,2 60-79%
41,202504,20250401,4,78,0,KSA Enterprise,SA,ENT,133952.0,34677.0,34677.0,0.0,36900.0,2223.0,19482.0,2.0,0.0,17523.18,REP-033,Sara Al-Dosari,2025,0.2588763139034878,-99275.0,0.06024390243902439,17338.5,-0.0,0.0,0.5053257202180119,0.5618133056492777,-0.6256132085758835,406651.0,513036.16,0.7926361369927609,0.8003190872318544,Below Target (<80%),10.0,66.0,39057.795,0.0,0.0,39057.795,CP2025,200928.0,T0 Below Gate,0.0,39057.795,0.0,0,0.0,1 <60%
41,202505,20250501,4,79,0,KSA Enterprise,SA,ENT,133952.0,95765.32,95765.32,0.0,101000.0,5234.68,48115.32,4.0,0.0,24538.92,REP-033,Sara Al-Dosari,2025,0.7149226588628763,-38186.67999999999,0.05182851485148515,23941.33,-0.0,0.0,0.25624015040100107,0.5024294807347796,1.7616379732964214,502416.32,646988.1599999999,0.7765463899679401,0.5550888377926422,Below Target (<80%),4.0,54.0,101900.05,0.0,0.0,101900.05,CP2025,200928.0,T0 Below Gate,0.0,101900.05,0.0,0,0.0,2 60-79%
41,202506,20250601,4,80,0,KSA Enterprise,SA,ENT,139310.08,159523.77,178372.29,-18848.52,188250.0,9877.710000000001,76196.27,9.0,75813.42,24639.66,REP-033,Sara Al-Dosari,2025,1.1450985456328788,20213.690000000002,0.05247123505976096,19819.143333333333,0.10566955214848674,0.4250291342898608,0.1381361421104141,0.47764837804422505,0.6657780708089315,661940.0900000001,786298.24,0.8418435350942667,0.7120728487580783,On Target (100-119%),5.0,24.0,184532.205,0.0,-18848.52,184532.205,CP2025,208965.12,T2 On Target,0.01,184532.205,1845.32205,0,0.011567693328712079,4 100-119%
41,202507,20250701,4,81,0,KSA Enterprise,SA,ENT,127254.4,167193.76,167193.76,0.0,177200.0,10006.24,75053.76,5.0,45344.799999999996,55656.6,REP-033,Sara Al-Dosari,2025,1.3138544521839717,39939.360000000015,0.056468623024830696,33438.752,-0.0,0.27121107869097505,0.33288682544133225,0.44890287771505344,0.04808054624085188,829133.8500000001,913552.6399999999,0.9075928563897535,1.0548451089952653,Exceeding (>=120%),3.0,14.0,181107.91,0.0,0.0,181107.91,CP2025,190881.59999999998,T3 Accelerator,0.015,181107.91,2716.61865,0,0.016248325595404994,5 120-149%
41,202508,20250801,4,82,0,KSA Enterprise,SA,ENT,123235.84,122820.22,122820.22,0.0,130200.0,7379.780000000001,63072.22,6.0,51909.21,58712.159999999996,REP-033,Sara Al-Dosari,2025,0.9966274421467002,-415.61999999999534,0.05668033794162827,20470.036666666667,-0.0,0.4226438448001477,0.47803334011289017,0.5135328694249204,-0.26540189059687397,951954.0700000001,1036788.48,0.9181757787277884,1.1532513621333098,Near Target (80-99%),4.0,16.0,137498.26,0.0,0.0,137498.26,CP2025,184853.76,T1 Approaching,0.005,137498.26,687.4913,0,0.005597541675141113,3 80-99%
41,202509,20250901,4,83,0,KSA Enterprise,SA,ENT,133952.0,124076.83,124076.83,0.0,134100.0,10023.17,70670.83,4.0,0.0,70820.4,REP-033,Sara Al-Dosari,2025,0.9262782937171524,-9875.169999999998,0.07474399701715138,31019.2075,-0.0,0.0,0.5707786054817808,0.5695731427052093,0.010231295791523582,1076030.9000000001,1170740.48,0.9191028399393862,1.0771210000233065,Near Target (80-99%),4.0,33.0,141781.93,0.0,0.0,141781.93,CP2025,200928.0,T1 Approaching,0.005,141781.93,708.9096499999999,0,0.005713473256852225,3 80-99%
41,202510,20251001,4,84,0,KSA Enterprise,SA,ENT,139310.08,72700.48,72700.48,0.0,77300.0,4599.5199999999995,37260.479999999996,4.0,14803.98,38342.22,REP-033,Sara Al-Dosari,2025,0.5218608732404719,-66609.59999999999,0.059502199223803356,18175.12,-0.0,0.2036297421970254,0.527399819093354,0.5125204125199724,-0.41406884750359924,1148731.3800000001,1310050.56,0.8768603404131212,0.8060509623858808,Below Target (<80%),8.0,64.0,82286.035,0.0,0.0,82286.035,CP2025,208965.12,T0 Below Gate,0.0,82286.035,0.0,0,0.0,1 <60%
41,202511,20251101,4,85,0,KSA Enterprise,SA,ENT,144668.16,94211.7,94211.7,0.0,99600.0,5388.3,50531.7,4.0,41062.979999999996,41106.3,REP-033,Sara Al-Dosari,2025,0.6512262269735095,-50456.46000000001,0.05409939759036145,23552.925,-0.0,0.43585860354924066,0.4363184190498633,0.5363633179318492,0.29588828024244135,1242943.08,1454718.72,0.8544215888003421,0.6962621560957157,Below Target (<80%),9.0,58.0,104488.275,0.0,0.0,104488.275,CP2025,217002.24,T0 Below Gate,0.0,104488.275,0.0,0,0.0,2 60-79%
41,202512,20251201,4,86,0,KSA Enterprise,SA,ENT,152705.28,289606.09,289606.09,0.0,307900.0,18293.91,150786.09,8.0,123259.18,77773.68000000001,REP-033,Sara Al-Dosari,2025,1.8965034476869433,136900.81000000003,0.05941510230594349,36200.76125,-0.0,0.42560976531950684,0.2685498775250203,0.5206592513299703,2.0739928267932752,1532549.17,1607424.0,0.9534193653945692,1.0454213385474223,Exceeding (>=120%),1.0,2.0,309049.51,0.0,0.0,309049.51,CP2025,229057.91999999998,T3 Accelerator,0.015,229057.91999999998,3435.8687999999997,1,0.011863938358478578,6 150%+
42,202401,20240101,4,66,0,KSA Enterprise,SA,ENT,102502.4,45445.08,45445.08,0.0,51600.0,6154.92,20365.08,3.0,15223.800000000001,11102.4,REP-034,Aisha Osman,2024,0.44335625312187815,-57057.31999999999,0.11928139534883721,15148.36,-0.0,0.3349933590170817,0.24430367379703147,0.4481250775661524,,45445.08,102502.4,0.44335625312187815,0.44335625312187815,Below Target (<80%),8.0,52.0,48220.68,0.0,0.0,48220.68,CP2024,153753.59999999998,T0 Below Gate,0.0,48220.68,0.0,0,0.0,1 <60%
42,202402,20240201,4,67,0,KSA Enterprise,SA,ENT,110656.0,22045.44,22045.44,0.0,25200.0,3154.56,10885.439999999999,1.0,0.0,0.0,REP-034,Aisha Osman,2024,0.199224985540775,-88610.56,0.12518095238095236,22045.44,-0.0,0.0,0.0,0.4937728618707542,-0.5148993026307799,67490.52,213158.4,0.3166214420825077,0.3166214420825077,Below Target (<80%),10.0,67.0,22045.44,0.0,0.0,22045.44,CP2024,165984.0,T0 Below Gate,0.0,22045.44,0.0,0,0.0,1 <60%
42,202403,20240301,4,68,0,KSA Enterprise,SA,ENT,116480.0,31406.940000000002,31406.940000000002,0.0,35400.0,3993.06,12926.94,2.0,18790.559999999998,11281.26,REP-034,Aisha Osman,2024,0.2696337568681319,-85073.06,0.11279830508474577,15703.470000000001,-0.0,0.5982932434678448,0.35919640690879145,0.4115950168975392,0.4246456410033097,98897.46,329638.4,0.30001801974527237,0.30001801974527237,Below Target (<80%),9.0,66.0,34227.255000000005,0.0,0.0,34227.255000000005,CP2024,174720.0,T0 Below Gate,0.0,34227.255000000005,0.0,0,0.0,1 <60%
42,202404,20240401,4,69,0,KSA Enterprise,SA,ENT,116480.0,84446.48000000001,84446.48000000001,0.0,96800.0,12353.52,49746.479999999996,3.0,26768.88,18257.4,REP-034,Aisha Osman,2024,0.7249869505494506,-32033.51999999999,0.12761900826446282,28148.82666666667,-0.0,0.3169922535551511,0.2162008410534104,0.5890888524897662,1.6887840712912499,183343.94,446118.4,0.4109759651249534,0.4013167605699386,Below Target (<80%),7.0,43.0,89010.83,0.0,0.0,89010.83,CP2024,174720.0,T0 Below Gate,0.0,89010.83,0.0,0,0.0,2 60-79%
42,202405,20240501,4,70,0,KSA Enterprise,SA,ENT,116480.0,149065.53,149065.53,0.0,170700.0,21634.47,70315.53,6.0,115941.36,59148.24,REP-034,Aisha Osman,2024,1.2797521462912087,32585.53,0.1267397188049209,24844.255,-0.0,0.777787862827845,0.3967935444230467,0.4717088518049746,0.7652071465856242,332409.47000000003,562598.4,0.5908468100869111,0.7581242845695971,Exceeding (>=120%),3.0,16.0,163852.59,0.0,0.0,163852.59,CP2024,174720.0,T3 Accelerator,0.015,163852.59,2457.78885,0,0.016487975791586423,5 120-149%
42,202406,20240601,4,71,0,KSA Enterprise,SA,ENT,121139.2,86338.44,86338.44,0.0,97050.0,10711.56,35255.94,6.0,24479.28,24580.2,REP-034,Aisha Osman,2024,0.7127209028951818,-34800.759999999995,0.11037156105100464,14389.74,-0.0,0.2835270129967602,0.2846959013852926,0.4083458074989541,-0.4208021130035897,418747.91000000003,683737.6,0.6124394943323287,0.9032792223196212,Below Target (<80%),8.0,54.0,92483.49,0.0,0.0,92483.49,CP2024,181708.8,T0 Below Gate,0.0,92483.49,0.0,0,0.0,2 60-79%
42,202407,20240701,4,72,0,KSA Enterprise,SA,ENT,110656.0,257884.55000000002,257884.55000000002,0.0,288800.0,30915.45,122712.55,10.0,64913.76,123475.68,REP-034,Aisha Osman,2024,2.330506705465587,147228.55000000002,0.10704795706371191,25788.455,-0.0,0.25171635912271595,0.4788021616649775,0.47584296926667374,1.986903052684297,676632.4600000001,794393.6,0.8517597070268442,1.4163756707339483,Exceeding (>=120%),1.0,3.0,288753.47,0.0,0.0,288753.47,CP2024,165984.0,T3 Accelerator,0.015,165984.0,2489.7599999999998,1,0.009654552783406371,6 150%+
42,202408,20240801,4,73,0,KSA Enterprise,SA,ENT,107161.6,42479.76,42479.76,0.0,46800.0,4320.24,26579.76,2.0,0.0,15170.64,REP-034,Aisha Osman,2024,0.3964084149546106,-64681.840000000004,0.09231282051282051,21239.88,-0.0,0.0,0.35712631144808726,0.6257041000231639,-0.8352760566695445,719112.2200000001,901555.2,0.7976352640415142,1.1408614608115253,Below Target (<80%),9.0,59.0,46272.42,0.0,0.0,46272.42,CP2024,160742.40000000002,T0 Below Gate,0.0,46272.42,0.0,0,0.0,1 <60%
42,202409,20240901,4,74,0,KSA Enterprise,SA,ENT,116480.0,55473.78,55473.78,0.0,61800.0,6326.22,22233.78,3.0,0.0,25800.48,REP-034,Aisha Osman,2024,0.47625154532967034,-61006.22,0.10236601941747574,18491.26,-0.0,0.0,0.4650932386435538,0.4007979986220517,0.30588732139729596,774586.0,1018035.2,0.7608636715115549,1.0644350722230733,Below Target (<80%),8.0,58.0,61923.899999999994,0.0,0.0,61923.899999999994,CP2024,174720.0,T0 Below Gate,0.0,61923.899999999994,0.0,0,0.0,1 <60%
42,202410,20241001,4,75,0,KSA Enterprise,SA,ENT,121139.2,262803.19,262803.19,0.0,294300.0,31496.81,100643.19,7.0,174495.78,49668.78,REP-034,Aisha Osman,2024,2.1694314474587912,141663.99,0.10702279986408428,37543.31285714286,-0.0,0.663978926587611,0.1889961076956486,0.382960305771022,3.7374307285351747,1037389.1900000001,1139174.4,0.9106500198740423,1.0463364839341402,Exceeding (>=120%),1.0,5.0,275220.385,0.0,0.0,275220.385,CP2024,181708.8,T3 Accelerator,0.015,181708.8,2725.6319999999996,1,0.010371380956220507,6 150%+
42,202411,20241101,4,76,0,KSA Enterprise,SA,ENT,125798.4,23819.82,97839.42,-74019.6,109000.0,11160.58,20319.82,5.0,35124.96,44460.54,REP-034,Aisha Osman,2024,0.18934914911477413,-101978.57999999999,0.10239064220183486,19567.884,0.7565416884114808,0.35900621651273074,0.45442358509484215,0.8530635412022425,-0.9093625157289758,1061209.01,1264972.8,0.8389184415664905,0.9413324781188362,Below Target (<80%),10.0,66.0,108954.555,-76569.3,0.0,32385.25499999999,CP2024,188697.59999999998,T0 Below Gate,0.0,32385.25499999999,0.0,0,0.0,1 <60%
42,202412,20241201,4,77,0,KSA Enterprise,SA,ENT,132787.2,122827.15000000001,148237.75,-25410.6,166300.0,18062.25,71962.15,5.0,0.0,28978.32,REP-034,Aisha Osman,2024,0.9249923938451898,-9960.050000000003,0.10861244738424534,29647.55,0.17141787432688366,0.0,0.19548542796959614,0.5858814602471847,4.156510418634566,1184036.1600000001,1397760.0,0.8470954670329671,1.078281323737612,Near Target (80-99%),5.0,42.0,155482.33,-25410.6,0.0,130071.72999999998,CP2024,199180.80000000002,T1 Approaching,0.005,130071.72999999998,650.3586499999999,0,0.005294909553791648,3 80-99%
42,202501,20250101,4,78,0,KSA Enterprise,SA,ENT,117877.76,45839.76,45839.76,0.0,50700.0,4860.24,27569.760000000002,2.0,0.0,7246.2,REP-034,Aisha Osman,2025,0.3888753909134344,-72038.0,0.09586272189349113,22919.88,-0.0,0.0,0.15807674385729767,0.6014377038623239,-0.6267945645567776,45839.76,117877.76,0.3888753909134344,0.5113026935742166,Below Target (<80%),10.0,65.0,47651.31,0.0,0.0,47651.31,CP2025,176816.63999999998,T0 Below Gate,0.0,47651.31,0.0,0,0.0,1 <60%
42,202502,20250201,4,79,0,KSA Enterprise,SA,ENT,127254.4,35789.94,35789.94,0.0,39600.0,3810.06,16049.939999999999,2.0,13398.0,11143.2,REP-034,Aisha Osman,2025,0.2812471710211985,-91464.45999999999,0.09621363636363636,17894.97,-0.0,0.37435100477955535,0.3113500609389119,0.44844836286397793,-0.21923805883800437,81629.70000000001,245132.15999999997,0.33300281774533386,0.5410065522972943,Below Target (<80%),10.0,69.0,38575.74,0.0,0.0,38575.74,CP2025,190881.59999999998,T0 Below Gate,0.0,38575.74,0.0,0,0.0,1 <60%
42,202503,20250301,4,80,0,KSA Enterprise,SA,ENT,133952.0,93397.68,93397.68,0.0,105000.0,11602.32,49297.68,4.0,35989.44,70032.0,REP-034,Aisha Osman,2025,0.6972473721930244,-40554.32000000001,0.11049828571428572,23349.42,-0.0,0.3853354815665657,0.7498259057398429,0.5278255305699243,1.609607057178637,175027.38,379084.16,0.46171114087172627,0.46171114087172627,Below Target (<80%),5.0,36.0,110905.68,0.0,0.0,110905.68,CP2025,200928.0,T0 Below Gate,0.0,110905.68,0.0,0,0.0,2 60-79%
42,202504,20250401,4,81,0,KSA Enterprise,SA,ENT,133952.0,245308.56,245308.56,0.0,276400.0,31091.44,107562.56,6.0,151481.56,58883.04,REP-034,Aisha Osman,2025,1.831316889632107,111356.56,0.11248712011577423,40884.76,-0.0,0.6175143663963459,0.2400366297857686,0.43847862463503107,1.6264952191531954,420335.94,513036.16,0.819310553080703,0.9477115506085662,Exceeding (>=120%),1.0,5.0,260029.32,0.0,0.0,260029.32,CP2025,200928.0,T3 Accelerator,0.015,200928.0,3013.92,1,0.012286240643212777,6 150%+
42,202505,20250501,4,82,0,KSA Enterprise,SA,ENT,133952.0,247113.29,307854.75,-60741.46,347600.0,39745.25,120603.29000000001,14.0,182503.89,183951.48,REP-034,Aisha Osman,2025,1.8447898500955566,113161.29000000001,0.114341915995397,21989.625,0.19730557998536646,0.5928246681267708,0.5975268531669562,0.4880485788522341,0.007356979308019298,667449.23,646988.1599999999,1.0316251073280847,1.4577847039735627,Exceeding (>=120%),1.0,3.0,353842.62,-71848.72,0.0,281993.9,CP2025,200928.0,T3 Accelerator,0.015,200928.0,3013.92,1,0.012196511162956877,6 150%+
42,202506,20250601,4,83,0,KSA Enterprise,SA,ENT,139310.08,-114636.68,32050.72,-146687.4,35200.0,3149.28,-49060.68,2.0,0.0,21919.2,REP-034,Aisha Osman,2025,-0.8228886237090669,-253946.75999999998,0.08946818181818182,16025.36,4.576727137487083,0.0,0.6838910327131497,0.42796668570652957,-1.463903337614905,552812.55,786298.24,0.7030570868376865,0.9277311089046825,Below Target (<80%),11.0,76.0,37530.520000000004,-162589.5,0.0,-125058.98,CP2025,208965.12,T0 Below Gate,0.0,0.0,0.0,0,-0.0,1 <60%
42,202507,20250701,4,84,0,KSA Enterprise,SA,ENT,127254.4,-64332.93,19367.7,-83700.63,22800.0,3432.2999999999997,-25302.93,2.0,11841.9,10773.779999999999,REP-034,Aisha Osman,2025,-0.5055458200266553,-191587.33,0.1505394736842105,9683.85,4.321660806394151,0.6114252079493177,0.5562756548273672,0.39331225858980773,-0.43881024816838726,488479.62,913552.6399999999,0.5347033094885479,0.17013951585712533,Below Target (<80%),11.0,77.0,22061.144999999997,-87472.05,0.0,-65410.905000000006,CP2025,190881.59999999998,T0 Below Gate,0.0,0.0,0.0,0,-0.0,1 <60%
42,202508,20250801,4,85,0,KSA Enterprise,SA,ENT,123235.84,29834.52,29834.52,0.0,34200.0,4365.48,13874.52,1.0,29834.52,8214.72,REP-034,Aisha Osman,2025,0.24209288466731757,-93401.31999999999,0.1276456140350877,29834.52,-0.0,1.0,0.2753427908342416,0.4650492114503602,-1.4637519230042841,518314.14,1036788.48,0.49992274219713556,-0.3825935545666048,Below Target (<80%),11.0,73.0,31888.2,0.0,0.0,31888.2,CP2025,184853.76,T0 Below Gate,0.0,31888.2,0.0,0,0.0,1 <60%
42,202509,20250901,4,86,0,KSA Enterprise,SA,ENT,133952.0,30285.780000000002,30285.780000000002,0.0,34200.0,3914.2200000000003,17025.78,2.0,30285.780000000002,22777.620000000003,REP-034,Aisha Osman,2025,0.22609427257525086,-103666.22,0.11445087719298247,15142.890000000001,-0.0,1.0,0.752089594522578,0.5621707613275932,0.015125431882262627,548599.92,1170740.48,0.46859225368204577,-0.010957770925484145,Below Target (<80%),11.0,73.0,35980.185,0.0,0.0,35980.185,CP2025,200928.0,T0 Below Gate,0.0,35980.185,0.0,0,0.0,1 <60%
42,202510,20251001,4,87,0,KSA Enterprise,SA,ENT,139310.08,62729.299999999996,62729.299999999996,0.0,69500.0,6770.7,34824.299999999996,4.0,0.0,41112.06,REP-034,Aisha Osman,2025,0.45028543519607483,-76580.78,0.09742014388489208,15682.324999999999,-0.0,0.0,0.6553884707784082,0.5551520581291358,1.0712459774851428,611329.22,1310050.56,0.4666455163379343,0.30983668211929083,Below Target (<80%),10.0,68.0,73007.315,0.0,0.0,73007.315,CP2025,208965.12,T0 Below Gate,0.0,73007.315,0.0,0,0.0,1 <60%
42,202511,20251101,4,88,0,KSA Enterprise,SA,ENT,144668.16,103388.42,103388.42,0.0,115900.0,12511.580000000002,37606.42,4.0,0.0,29225.760000000002,REP-034,Aisha Osman,2025,0.7146591205694466,-41279.740000000005,0.10795150992234687,25847.105,-0.0,0.0,0.282679240092846,0.3637391885861105,0.6481679215294927,714717.64,1454718.72,0.49130985267034993,0.4699432613442856,Below Target (<80%),8.0,57.0,110694.86,0.0,0.0,110694.86,CP2025,217002.24,T0 Below Gate,0.0,110694.86,0.0,0,0.0,2 60-79%
42,202512,20251201,4,89,0,KSA Enterprise,SA,ENT,152705.28,4300.32,4300.32,0.0,4800.0,499.68,2140.32,1.0,0.0,4300.32,REP-034,Aisha Osman,2025,0.02816091231423039,-148404.96,0.1041,4300.32,-0.0,0.0,1.0,0.49771179819176253,-0.9584061735347151,719017.96,1607424.0,0.4473107033365185,0.3902552585451358,Below Target (<80%),11.0,79.0,5375.4,0.0,0.0,5375.4,CP2025,229057.91999999998,T0 Below Gate,0.0,5375.4,0.0,0,0.0,1 <60%
43,202401,20240101,4,15,0,KSA Enterprise,SA,ENT,102502.4,71512.22,71512.22,0.0,79600.0,8087.78,39992.22,2.0,0.0,46113.42,REP-035,Yasmin Al-Maamari,2024,0.6976638595779221,-30990.179999999993,0.10160527638190954,35756.11,-0.0,0.0,0.6448327292873861,0.5592361697063802,,71512.22,102502.4,0.6976638595779221,0.6976638595779221,Below Target (<80%),5.0,42.0,83040.575,0.0,0.0,83040.575,CP2024,153753.59999999998,T0 Below Gate,0.0,83040.575,0.0,0,0.0,2 60-79%
43,202402,20240201,4,16,0,KSA Enterprise,SA,ENT,110656.0,121486.11,121486.11,0.0,136600.0,15113.890000000001,58408.11,6.0,35336.54,21271.68,REP-035,Yasmin Al-Maamari,2024,1.097871873192597,10830.11,0.11064341142020499,20247.685,-0.0,0.2908689725928339,0.1750955726543553,0.4807801484466002,0.6988160904527925,192998.33000000002,213158.4,0.9054221180117697,0.9054221180117697,On Target (100-119%),5.0,33.0,126804.03,0.0,0.0,126804.03,CP2024,165984.0,T2 On Target,0.01,126804.03,1268.0403000000001,0,0.010437738931635888,4 100-119%
43,202403,20240301,4,17,0,KSA Enterprise,SA,ENT,116480.0,52080.21,52080.21,0.0,58500.0,6419.79,27090.21,3.0,16467.84,27277.440000000002,REP-035,Yasmin Al-Maamari,2024,0.4471171875,-64399.79,0.10974,17360.07,-0.0,0.3162014899709506,0.52375825673514,0.5201632251482857,-0.5713072877220284,245078.54,329638.4,0.7434769128839358,0.7434769128839358,Below Target (<80%),7.0,60.0,58899.57,0.0,0.0,58899.57,CP2024,174720.0,T0 Below Gate,0.0,58899.57,0.0,0,0.0,1 <60%
43,202404,20240401,4,18,0,KSA Enterprise,SA,ENT,116480.0,98449.54000000001,98449.54000000001,0.0,109900.0,11450.460000000001,48191.54,3.0,0.0,40745.28,REP-035,Yasmin Al-Maamari,2024,0.845205528846154,-18030.459999999992,0.10418980891719747,32816.513333333336,-0.0,0.0,0.4138696839010116,0.4895049788957876,0.8903445281806661,343528.08,446118.4,0.7700379092187186,0.7916274562302105,Near Target (80-99%),5.0,38.0,108635.86,0.0,0.0,108635.86,CP2024,174720.0,T1 Approaching,0.005,108635.86,543.1793,0,0.0055173371048762646,3 80-99%
43,202405,20240501,4,19,0,KSA Enterprise,SA,ENT,116480.0,104478.95999999999,104478.95999999999,0.0,117600.0,13121.039999999999,57858.96,3.0,0.0,46168.2,REP-035,Yasmin Al-Maamari,2024,0.8969690934065934,-12001.040000000008,0.1115734693877551,34826.32,-0.0,0.0,0.44188992692882856,0.5537857574386269,0.06124376000131624,448007.04000000004,562598.4,0.7963176574977817,0.7297639365842491,Near Target (80-99%),6.0,40.0,116021.01,0.0,0.0,116021.01,CP2024,174720.0,T1 Approaching,0.005,116021.01,580.10505,0,0.005552362408661036,3 80-99%
43,202406,20240601,4,20,0,KSA Enterprise,SA,ENT,121139.2,146322.93,146322.93,0.0,169100.0,22777.07,71374.93,8.0,53193.159999999996,67362.18000000001,REP-035,Yasmin Al-Maamari,2024,1.2078908396291208,25183.729999999996,0.1346958604376109,18290.36625,-0.0,0.3635326329236299,0.46036653311958703,0.4877904645567171,0.4005014023876195,594329.97,683737.6,0.8692369265636408,0.9863095708773134,Exceeding (>=120%),2.0,23.0,163163.475,0.0,0.0,163163.475,CP2024,181708.8,T3 Accelerator,0.015,163163.475,2447.452125,0,0.016726374499198452,5 120-149%
43,202407,20240701,4,21,0,KSA Enterprise,SA,ENT,110656.0,52466.97,83908.06,-31441.09,95700.0,11791.94,29599.97,5.0,53220.03,48322.74,REP-035,Yasmin Al-Maamari,2024,0.4741448272122614,-58189.03,0.12321776384535006,16781.612,0.3747088181993482,0.6342660049582841,0.5759010516987283,0.5641638920639023,-0.641430293939576,646796.94,794393.6,0.8142021033402081,0.870773629589474,Below Target (<80%),6.0,57.0,95988.745,0.0,-31441.09,95988.745,CP2024,165984.0,T0 Below Gate,0.0,95988.745,0.0,0,0.0,1 <60%
43,202408,20240801,4,22,0,KSA Enterprise,SA,ENT,107161.6,115962.34999999999,115962.34999999999,0.0,129850.0,13887.65,56384.85,6.0,0.0,59280.18,REP-035,Yasmin Al-Maamari,2024,1.0821259667642138,8800.749999999985,0.10695148247978437,19327.05833333333,-0.0,0.0,0.5112019547723895,0.48623410960540214,1.2101971964456875,762759.29,901555.2,0.8460483506722607,0.9285910475907254,On Target (100-119%),3.0,17.0,130782.395,0.0,0.0,130782.395,CP2024,160742.40000000002,T2 On Target,0.01,130782.395,1307.82395,0,0.011278004886930974,4 100-119%
43,202409,20240901,4,23,0,KSA Enterprise,SA,ENT,116480.0,192315.26,192315.26,0.0,215600.0,23284.739999999998,80195.26,8.0,33619.02,52553.94,REP-035,Yasmin Al-Maamari,2024,1.6510582074175826,75835.26000000001,0.10799972170686456,24039.4075,-0.0,0.17481202479720015,0.27326973428941626,0.41699894225762424,0.6584284468191618,955074.55,1018035.2,0.9381547416042196,1.0791120845617799,Exceeding (>=120%),3.0,10.0,205453.745,0.0,0.0,205453.745,CP2024,174720.0,T3 Accelerator,0.015,174720.0,2620.7999999999997,1,0.013627623725751142,6 150%+
43,202410,20241001,4,24,0,KSA Enterprise,SA,ENT,121139.2,32479.32,32479.32,0.0,36750.0,4270.679999999999,14036.82,2.0,0.0,7841.4,REP-035,Yasmin Al-Maamari,2024,0.2681156883981403,-88659.88,0.11620897959183672,16239.66,-0.0,0.0,0.24142746830906558,0.4321771514920879,-0.8311141819947101,987553.87,1139174.4,0.8669031449442685,0.9883291935049747,Below Target (<80%),10.0,63.0,34439.67,0.0,0.0,34439.67,CP2024,181708.8,T0 Below Gate,0.0,34439.67,0.0,0,0.0,1 <60%
43,202411,20241101,4,25,0,KSA Enterprise,SA,ENT,125798.4,178591.41999999998,178591.41999999998,0.0,204400.0,25808.579999999998,85561.42,7.0,26857.559999999998,61537.56,REP-035,Yasmin Al-Maamari,2024,1.419663684116809,52793.01999999999,0.12626506849315067,25513.059999999998,-0.0,0.15038550004249923,0.3445717605022683,0.4790903168808446,4.498619429224503,1166145.29,1264972.8,0.9218738062984437,1.1099792635249366,Exceeding (>=120%),4.0,16.0,193975.81,0.0,0.0,193975.81,CP2024,188697.59999999998,T3 Accelerator,0.015,188697.59999999998,2830.4639999999995,1,0.015848824092445202,5 120-149%
43,202412,20241201,4,26,0,KSA Enterprise,SA,ENT,132787.2,110121.65,110121.65,0.0,126700.0,16578.35,45951.65,4.0,73923.92,79698.0,REP-035,Yasmin Al-Maamari,2024,0.8293092255880083,-22665.550000000017,0.1308472770323599,27530.4125,-0.0,0.6712932470590479,0.7237268965730173,0.41728079809919305,-0.3833877909700253,1276266.94,1397760.0,0.9130801711309523,0.845855709187285,Near Target (80-99%),6.0,47.0,130046.15,0.0,0.0,130046.15,CP2024,199180.80000000002,T1 Approaching,0.005,130046.15,650.23075,0,0.005904658620716271,3 80-99%
43,202501,20250101,4,27,0,KSA Enterprise,SA,ENT,117877.76,210326.14,210326.14,0.0,235100.0,24773.86,95326.14,10.0,80613.54000000001,42321.72,REP-035,Yasmin Al-Maamari,2025,1.7842733014268342,92448.38000000002,0.10537584006805614,21032.614,-0.0,0.38327874985011373,0.2012194965399926,0.4532301120535944,0.9099435941978714,210326.14,117877.76,1.7842733014268342,1.3255983530508786,Exceeding (>=120%),2.0,7.0,220906.57,0.0,0.0,220906.57,CP2025,176816.63999999998,T3 Accelerator,0.015,176816.63999999998,2652.2495999999996,1,0.012610175796503465,6 150%+
43,202502,20250201,4,28,0,KSA Enterprise,SA,ENT,127254.4,81892.74,81892.74,0.0,92400.0,10507.26,40042.74,3.0,15013.74,29568.0,REP-035,Yasmin Al-Maamari,2025,0.6435356262730405,-45361.65999999999,0.11371493506493506,27297.58,-0.0,0.18333420032105407,0.3610576468683304,0.48896568853356226,-0.6106392671876163,292218.88,245132.15999999997,1.19208707662022,1.0646200554531,Below Target (<80%),5.0,46.0,89284.74,0.0,0.0,89284.74,CP2025,190881.59999999998,T0 Below Gate,0.0,89284.74,0.0,0,0.0,2 60-79%
43,202503,20250301,4,29,0,KSA Enterprise,SA,ENT,133952.0,272778.94,272778.94,0.0,306400.0,33621.06,138148.94,15.0,36113.88,129558.36,REP-035,Yasmin Al-Maamari,2025,2.036393185618729,138826.94,0.10972930809399477,18185.262666666666,-0.0,0.13239247868622114,0.4749573409149548,0.5064501680371659,2.330929457238822,564997.8200000001,379084.16,1.4904284578917781,1.4904284578917781,Exceeding (>=120%),1.0,2.0,305168.52999999997,0.0,0.0,305168.52999999997,CP2025,200928.0,T3 Accelerator,0.015,200928.0,3013.92,1,0.011048946813855938,6 150%+
43,202504,20250401,4,30,0,KSA Enterprise,SA,ENT,133952.0,197842.17,197842.17,0.0,224800.0,26957.83,82967.17,10.0,74991.6,51372.3,REP-035,Yasmin Al-Maamari,2025,1.476963165910177,63890.17000000001,0.11991917259786478,19784.217,-0.0,0.3790476014289572,0.2596630435260592,0.4193603921752374,-0.2747161126148521,762839.99,513036.16,1.4869127158600284,1.3982085411824727,Exceeding (>=120%),3.0,13.0,210685.245,0.0,0.0,210685.245,CP2025,200928.0,T3 Accelerator,0.015,200928.0,3013.92,1,0.015233961495671019,5 120-149%
43,202505,20250501,4,31,0,KSA Enterprise,SA,ENT,133952.0,14346.9,14346.9,0.0,16200.0,1853.1,7236.9,2.0,6451.2,0.0,REP-035,Yasmin Al-Maamari,2025,0.10710478380315337,-119605.1,0.11438888888888889,7173.45,-0.0,0.44965811429646824,0.0,0.504422558183301,-0.9274831043351375,777186.89,646988.1599999999,1.2012381957654374,1.2068203784440197,Below Target (<80%),11.0,75.0,14346.9,0.0,0.0,14346.9,CP2025,200928.0,T0 Below Gate,0.0,14346.9,0.0,0,0.0,1 <60%
43,202506,20250601,4,32,0,KSA Enterprise,SA,ENT,139310.08,128186.14,128186.14,0.0,143800.0,15613.86,51258.14,5.0,0.0,38218.56,REP-035,Yasmin Al-Maamari,2025,0.9201497838490942,-11123.939999999988,0.10858038942976357,25637.228,-0.0,0.0,0.29814892624116773,0.3998727163482729,7.9347622134398375,905373.03,786298.24,1.1514371824105827,0.8358630674067067,Near Target (80-99%),7.0,39.0,137740.78,0.0,0.0,137740.78,CP2025,208965.12,T1 Approaching,0.005,137740.78,688.7039,0,0.005372686157801459,3 80-99%
43,202507,20250701,4,33,0,KSA Enterprise,SA,ENT,127254.4,119001.18,119001.18,0.0,134400.0,15398.82,56241.18,5.0,12540.24,32828.1,REP-035,Yasmin Al-Maamari,2025,0.9351439321548017,-8253.220000000001,0.11457455357142857,23800.235999999997,-0.0,0.10537912313138408,0.2758636510999303,0.47261027159562624,-0.0716533004270197,1024374.21,913552.6399999999,1.1213083572283258,0.6529924062051079,Near Target (80-99%),5.0,30.0,127208.205,0.0,0.0,127208.205,CP2025,190881.59999999998,T1 Approaching,0.005,127208.205,636.041025,0,0.0053448295638749135,3 80-99%
43,202508,20250801,4,34,0,KSA Enterprise,SA,ENT,123235.84,77412.34,77412.34,0.0,88400.0,10987.66,38182.34,5.0,23577.96,25657.32,REP-035,Yasmin Al-Maamari,2025,0.6281641769147677,-45823.5,0.1242947963800905,15482.467999999999,-0.0,0.30457624714612686,0.3314370809615108,0.4932332493760039,-0.34948258496260287,1101786.55,1036788.48,1.0626917363125024,0.8327331799009299,Below Target (<80%),8.0,47.0,83826.67,0.0,0.0,83826.67,CP2025,184853.76,T0 Below Gate,0.0,83826.67,0.0,0,0.0,2 60-79%
43,202509,20250901,4,35,0,KSA Enterprise,SA,ENT,133952.0,110038.43000000001,110038.43000000001,0.0,124900.0,14861.57,53623.43,5.0,51869.630000000005,21697.98,REP-035,Yasmin Al-Maamari,2025,0.8214765736980412,-23913.569999999992,0.11898775020016013,22007.686,-0.0,0.4713774087834587,0.1971854742020583,0.48731547696563826,0.42145851682044505,1211824.98,1170740.48,1.0350927474550125,0.7971339205598218,Near Target (80-99%),6.0,47.0,115462.925,0.0,0.0,115462.925,CP2025,200928.0,T0 Below Gate,0.0,115462.925,0.0,0,0.0,3 80-99%
43,202510,20251001,4,36,0,KSA Enterprise,SA,ENT,139310.08,119722.76,119722.76,0.0,135200.0,15477.24,61147.76,6.0,36403.56,16261.8,REP-035,Yasmin Al-Maamari,2025,0.8593976832114374,-19587.319999999992,0.11447662721893491,19953.79333333333,-0.0,0.30406549264316995,0.13582880982697024,0.5107446570727238,0.08800861662602771,1331547.74,1310050.56,1.0164094277399491,0.774716623986325,Near Target (80-99%),4.0,39.0,123788.20999999999,0.0,0.0,123788.20999999999,CP2025,208965.12,T1 Approaching,0.005,123788.20999999999,618.94105,0,0.005169786012283713,3 80-99%
43,202511,20251101,4,37,0,KSA Enterprise,SA,ENT,144668.16,151063.24,151063.24,0.0,170800.0,19736.76,79223.24,9.0,32522.68,84251.22,REP-035,Yasmin Al-Maamari,2025,1.0442051658084266,6395.079999999987,0.11555480093676813,16784.804444444442,-0.0,0.21529182082947515,0.5577215211324741,0.5244375799168614,0.26177545522672546,1482610.98,1454718.72,1.0191736447854332,0.9112153023432811,On Target (100-119%),6.0,33.0,172126.045,0.0,0.0,172126.045,CP2025,217002.24,T2 On Target,0.01,172126.045,1721.2604500000002,0,0.011394303802831187,4 100-119%
43,202512,20251201,4,38,0,KSA Enterprise,SA,ENT,152705.28,237156.37,237156.37,0.0,269300.0,32143.63,123100.37,9.0,145578.84,100251.23999999999,REP-035,Yasmin Al-Maamari,2025,1.5530332022573154,84451.09,0.11935993316004456,26350.707777777778,-0.0,0.6138516962458145,0.42272210525064113,0.519068368266895,0.569914494088701,1719767.35,1607424.0,1.069890302745262,1.1631819080326182,Exceeding (>=120%),5.0,14.0,262219.18,0.0,0.0,262219.18,CP2025,229057.91999999998,T3 Accelerator,0.015,229057.91999999998,3435.8687999999997,1,0.014487777831984862,6 150%+
44,202401,20240101,4,7,0,KSA Enterprise,SA,ENT,102502.4,234831.16999999998,234831.16999999998,0.0,276800.0,41968.83,85951.17,9.0,42827.74,36373.32,REP-036,Sultan Al-Maamari,2024,2.290982162368881,132328.77,0.1516214956647399,26092.35222222222,-0.0,0.1823767262242061,0.15489136301624695,0.36601261238020494,,234831.16999999998,102502.4,2.290982162368881,2.290982162368881,Exceeding (>=120%),1.0,1.0,243924.5,0.0,0.0,243924.5,CP2024,153753.59999999998,T3 Accelerator,0.015,153753.59999999998,2306.3039999999996,1,0.009821115314461873,6 150%+
44,202402,20240201,4,8,0,KSA Enterprise,SA,ENT,110656.0,103333.86,103333.86,0.0,122400.0,19066.14,49813.86,5.0,11628.96,90453.24,REP-036,Sultan Al-Maamari,2024,0.9338297064777328,-7322.139999999999,0.1557691176470588,20666.772,-0.0,0.11253774900115024,0.8753494740252614,0.48206715591578597,-0.5599653146556312,338165.02999999997,213158.4,1.5864494666876838,1.5864494666876838,Near Target (80-99%),6.0,42.0,125947.17,0.0,0.0,125947.17,CP2024,165984.0,T1 Approaching,0.005,125947.17,629.73585,0,0.006094186842531577,3 80-99%
44,202403,20240301,4,9,0,KSA Enterprise,SA,ENT,116480.0,118367.85,118367.85,0.0,138950.0,20582.149999999998,57660.35,6.0,0.0,73130.52,REP-036,Sultan Al-Maamari,2024,1.016207503434066,1887.8500000000058,0.1481263044260525,19727.975000000002,-0.0,0.0,0.6178241811437819,0.4871284728074388,0.14548948427940275,456532.88,329638.4,1.3849505397429425,1.3849505397429425,On Target (100-119%),2.0,34.0,136650.48,0.0,0.0,136650.48,CP2024,174720.0,T2 On Target,0.01,136650.48,1366.5048000000002,0,0.011544560452859455,4 100-119%
44,202404,20240401,4,10,0,KSA Enterprise,SA,ENT,116480.0,131079.72,131079.72,0.0,153600.0,22520.280000000002,68619.72,5.0,0.0,74503.44,REP-036,Sultan Al-Maamari,2024,1.1253410027472528,14599.720000000001,0.14661640625000003,26215.944,-0.0,0.0,0.5683826605671725,0.5234960831469582,0.10739292806281431,587612.6,446118.4,1.317167370814564,1.0266734668932762,On Target (100-119%),3.0,22.0,149705.58,0.0,0.0,149705.58,CP2024,174720.0,T2 On Target,0.01,149705.58,1497.0557999999999,0,0.01142095665141793,4 100-119%
44,202405,20240501,4,11,0,KSA Enterprise,SA,ENT,116480.0,46286.12,46286.12,0.0,55400.0,9113.88,17226.12,2.0,0.0,24041.88,REP-036,Sultan Al-Maamari,2024,0.3973739697802198,-70193.88,0.16451046931407942,23143.06,-0.0,0.0,0.5194187804032829,0.37216599706348247,-0.6468857272505617,633898.72,562598.4,1.1267339544513457,0.8463074919871795,Below Target (<80%),10.0,63.0,52296.590000000004,0.0,0.0,52296.590000000004,CP2024,174720.0,T0 Below Gate,0.0,52296.590000000004,0.0,0,0.0,1 <60%
45,202401,20240101,4,6,0,KSA Enterprise,SA,ENT,102502.4,139413.43,139413.43,0.0,157400.0,17986.57,59333.43,7.0,11847.9,25942.739999999998,REP-037,Youssef Shawky,2024,1.3600991781655845,36911.03,0.11427299872935197,19916.204285714284,-0.0,0.08498392156336732,0.186084941744852,0.42559335926244696,,139413.43,102502.4,1.3600991781655845,1.3600991781655845,Exceeding (>=120%),3.0,14.0,145899.115,0.0,0.0,145899.115,CP2024,153753.59999999998,T3 Accelerator,0.015,145899.115,2188.4867249999998,0,0.015697818531543194,5 120-149%
45,202402,20240201,4,7,0,KSA Enterprise,SA,ENT,110656.0,199186.66999999998,199186.66999999998,0.0,227800.0,28613.329999999998,85416.67,6.0,98871.45,74127.42,REP-037,Youssef Shawky,2024,1.8000530472816656,88530.66999999998,0.12560724319578576,33197.77833333333,-0.0,0.4963758367967094,0.3721505058546338,0.42882724029675284,0.428748076853141,338600.1,213158.4,1.588490530985408,1.588490530985408,Exceeding (>=120%),2.0,6.0,217718.525,0.0,0.0,217718.525,CP2024,165984.0,T3 Accelerator,0.015,165984.0,2489.7599999999998,1,0.012499631626955759,6 150%+
45,202403,20240301,4,8,0,KSA Enterprise,SA,ENT,116480.0,131093.27,131093.27,0.0,146900.0,15806.73,56444.27,5.0,14417.04,22260.9,REP-037,Youssef Shawky,2024,1.1254573317307692,14613.26999999999,0.10760197413206263,26218.654,-0.0,0.10997543962401733,0.169809632485329,0.43056573384735924,-0.34185721363784033,469693.37,329638.4,1.4248745595173378,1.4248745595173378,On Target (100-119%),1.0,21.0,136658.495,0.0,0.0,136658.495,CP2024,174720.0,T2 On Target,0.01,136658.495,1366.58495,0,0.010424524081213324,4 100-119%
45,202404,20240401,4,9,0,KSA Enterprise,SA,ENT,116480.0,36032.130000000005,36032.130000000005,0.0,39300.0,3267.87,19442.13,1.0,0.0,8559.36,REP-037,Youssef Shawky,2024,0.30934177541208796,-80447.87,0.08315190839694656,36032.130000000005,-0.0,0.0,0.23754798842033484,0.5395775936643212,-0.7251412677401364,505725.5,446118.4,1.1336127359911627,1.0660506786645556,Below Target (<80%),9.0,63.0,38171.97,0.0,0.0,38171.97,CP2024,174720.0,T0 Below Gate,0.0,38171.97,0.0,0,0.0,1 <60%
45,202405,20240501,4,10,0,KSA Enterprise,SA,ENT,116480.0,265383.62,265383.62,0.0,302100.0,36716.380000000005,115722.62,9.0,190634.72,71678.94,REP-037,Youssef Shawky,2024,2.278362122252747,148903.62,0.12153717312148297,29487.068888888887,-0.0,0.7183364218183473,0.27009556957584646,0.43605788480841434,6.365193786767531,771109.12,562598.4,1.3706208904966668,1.2377204097985346,Exceeding (>=120%),1.0,1.0,283303.355,0.0,0.0,283303.355,CP2024,174720.0,T3 Accelerator,0.015,174720.0,2620.7999999999997,1,0.009875515301208114,6 150%+
45,202406,20240601,4,11,0,KSA Enterprise,SA,ENT,121139.2,314818.69,355904.23,-41085.54,403600.0,47695.77,139929.69,11.0,102484.5,83291.88,REP-037,Youssef Shawky,2024,2.598817641192942,193679.49,0.11817584241823587,32354.929999999997,0.11543987549684363,0.2879552738105979,0.2340289127780246,0.4444770734545652,0.1862777740389554,1085927.81,683737.6,1.5882230405348485,1.7402875804294389,Exceeding (>=120%),1.0,1.0,376727.2,-50830.665,0.0,325896.53500000003,CP2024,181708.8,T3 Accelerator,0.015,181708.8,2725.6319999999996,1,0.008657783310133206,6 150%+
45,202407,20240701,4,12,0,KSA Enterprise,SA,ENT,110656.0,-104684.38,64059.28,-168743.66,72800.0,8740.720000000001,-39489.38,4.0,0.0,25419.84,REP-037,Youssef Shawky,2024,-0.9460343768074032,-215340.38,0.12006483516483518,16014.82,2.634179778480183,0.0,0.3968174478389392,0.377223230438008,-1.3325227609580612,981243.4299999999,794393.6,1.2352106436909864,1.365351107400125,Below Target (<80%),9.0,68.0,70414.23999999999,-170783.66,0.0,-100369.42000000001,CP2024,165984.0,T0 Below Gate,0.0,0.0,0.0,0,-0.0,1 <60%
45,202408,20240801,4,13,0,KSA Enterprise,SA,ENT,107161.6,70094.73,70094.73,0.0,78900.0,8805.27,32204.73,4.0,22208.13,32382.6,REP-037,Youssef Shawky,2024,0.6541030555721452,-37066.87000000001,0.11160038022813688,17523.6825,-0.0,0.3168302381648378,0.4619833759256937,0.45944580997744056,-1.6695815555291054,1051338.16,901555.2,1.1661384239145867,0.8267396907216494,Below Target (<80%),7.0,43.0,78190.38,0.0,0.0,78190.38,CP2024,160742.40000000002,T0 Below Gate,0.0,78190.38,0.0,0,0.0,2 60-79%
45,202409,20240901,4,14,0,KSA Enterprise,SA,ENT,116480.0,37410.11,53798.36,-16388.25,62000.0,8201.64,9660.11,3.0,0.0,7701.3,REP-037,Youssef Shawky,2024,0.32117196085164834,-79069.89,0.13228451612903225,17932.786666666667,0.304623598191469,0.0,0.14315120386569405,0.25822190846271237,-0.46629211639733825,1088748.27,1018035.2,1.0694603388959438,0.008436973522992663,Below Target (<80%),9.0,64.0,55723.685,0.0,-16388.25,55723.685,CP2024,174720.0,T0 Below Gate,0.0,55723.685,0.0,0,0.0,1 <60%
45,202410,20241001,4,15,0,KSA Enterprise,SA,ENT,121139.2,105597.32,105597.32,0.0,119250.0,13652.68,55939.82,6.0,0.0,33570.36,REP-037,Youssef Shawky,2024,0.8717023061073542,-15541.87999999999,0.11448788259958072,17599.553333333333,-0.0,0.0,0.3179092045139024,0.529746588265687,1.82269472075864,1194345.59,1139174.4,1.0484308548366257,0.6180801251113751,Near Target (80-99%),4.0,33.0,113989.91,0.0,0.0,113989.91,CP2024,181708.8,T1 Approaching,0.005,113989.91,569.94955,0,0.005397386505642378,3 80-99%
45,202411,20241101,4,16,0,KSA Enterprise,SA,ENT,125798.4,292214.18,297077.18,-4863.0,339800.0,42722.82,153584.18,11.0,158182.29,197267.16,REP-037,Youssef Shawky,2024,2.3228767615486365,166415.78,0.1257293113596233,27007.01636363636,0.016369483512668325,0.5324619346393419,0.6640266344254379,0.5255877041969695,1.7672499642983361,1486559.77,1264972.8,1.1751713317472123,1.1975798915627642,Exceeding (>=120%),2.0,2.0,346393.97,0.0,-4863.0,346393.97,CP2024,188697.59999999998,T3 Accelerator,0.015,188697.59999999998,2830.4639999999995,1,0.009686265053940912,6 150%+
45,202412,20241201,4,17,0,KSA Enterprise,SA,ENT,132787.2,203332.43,203332.43,0.0,229750.0,26417.57,103304.93000000001,8.0,59854.44,134263.32,REP-037,Youssef Shawky,2024,1.5312652876180834,70545.22999999998,0.1149839825897715,25416.55375,-0.0,0.29436740612405016,0.6603143433637222,0.508059289902747,-0.30416645078620075,1689892.2,1397760.0,1.209000257554945,1.583104211260365,Exceeding (>=120%),1.0,13.0,236898.26,0.0,0.0,236898.26,CP2024,199180.80000000002,T3 Accelerator,0.015,199180.80000000002,2987.712,1,0.014693730852476411,6 150%+
45,202501,20250101,4,18,0,KSA Enterprise,SA,ENT,117877.76,167949.25,264397.3,-96448.05,301200.0,36802.7,79121.25,9.0,72123.1,108617.52,REP-037,Youssef Shawky,2025,1.4247746988066283,50071.490000000005,0.12218691899070384,29377.477777777778,0.3647845496152949,0.27278304279204063,0.41081175942416964,0.47110213353140906,-0.17401641243356997,167949.25,117877.76,1.4247746988066283,1.7624447170635678,Exceeding (>=120%),3.0,15.0,291551.68,-117555.66,0.0,173996.02,CP2025,176816.63999999998,T3 Accelerator,0.015,173996.02,2609.9402999999998,0,0.015540053319678414,5 120-149%
45,202502,20250201,4,19,0,KSA Enterprise,SA,ENT,127254.4,38710.16,55681.520000000004,-16971.36,64700.0,9018.48,13370.16,4.0,55681.520000000004,14897.76,REP-037,Youssef Shawky,2025,0.30419506123167456,-88544.23999999999,0.13938918083462132,13920.380000000001,0.3047934036283492,1.0,0.26755304093710086,0.34539149411937325,-0.7695127545969987,206659.41,245132.15999999997,0.8430530290272807,1.0848659354207204,Below Target (<80%),9.0,67.0,59405.96000000001,0.0,-16971.36,59405.96000000001,CP2025,190881.59999999998,T0 Below Gate,0.0,59405.96000000001,0.0,0,0.0,1 <60%
45,202503,20250301,4,20,0,KSA Enterprise,SA,ENT,133952.0,69340.13,69340.13,0.0,78500.0,9159.869999999999,35630.13,3.0,0.0,36109.74,REP-037,Youssef Shawky,2025,0.5176490832537028,-64611.869999999995,0.11668624203821655,23113.376666666667,-0.0,0.0,0.5207625079445336,0.5138457340648193,0.7912643605709715,275999.54000000004,379084.16,0.7280693026055218,0.7280693026055218,Below Target (<80%),8.0,52.0,78367.565,0.0,0.0,78367.565,CP2025,200928.0,T0 Below Gate,0.0,78367.565,0.0,0,0.0,1 <60%
45,202504,20250401,4,21,0,KSA Enterprise,SA,ENT,133952.0,173148.51,205938.39,-32789.88,232500.0,26561.61,101958.51,7.0,0.0,50335.92,REP-037,Youssef Shawky,2025,1.292616086359293,39196.51000000001,0.11424348387096775,29419.77,0.15922179444056056,0.0,0.2444222274438486,0.5888500570983833,1.4970894920445057,449148.05000000005,513036.16,0.8754705516273942,0.7116103314518939,Exceeding (>=120%),5.0,21.0,218522.37,0.0,-32789.88,218522.37,CP2025,200928.0,T3 Accelerator,0.015,200928.0,3013.92,1,0.01740656041452508,5 120-149%
45,202505,20250501,4,22,0,KSA Enterprise,SA,ENT,133952.0,62499.32,62499.32,0.0,71200.0,8700.68,30779.32,4.0,16492.8,45238.8,REP-037,Youssef Shawky,2025,0.46657996894409937,-71452.68,0.12220056179775281,15624.83,-0.0,0.26388767109786154,0.7238286752559868,0.492474478122322,-0.6390421147718799,511647.37,646988.1599999999,0.7908141162892379,0.7589483795190317,Below Target (<80%),9.0,66.0,73809.02,0.0,0.0,73809.02,CP2025,200928.0,T0 Below Gate,0.0,73809.02,0.0,0,0.0,1 <60%
45,202506,20250601,4,23,0,KSA Enterprise,SA,ENT,139310.08,184206.84,184206.84,0.0,211300.0,27093.16,87036.84,7.0,132619.41999999998,88875.42,REP-037,Youssef Shawky,2025,1.3222793354221032,44896.76000000001,0.12822129673450072,26315.262857142858,-0.0,0.7199484014817256,0.48247622075271474,0.47249515816025073,1.9473415070755968,695854.21,786298.24,0.8849749046875648,1.0310416329415724,Exceeding (>=120%),2.0,16.0,206425.695,0.0,0.0,206425.695,CP2025,208965.12,T3 Accelerator,0.015,206425.695,3096.385425,0,0.01680928582782268,5 120-149%
45,202507,20250701,4,24,0,KSA Enterprise,SA,ENT,127254.4,64220.66,64220.66,0.0,73000.0,8779.34,25020.66,4.0,31657.64,24176.699999999997,REP-037,Youssef Shawky,2025,0.5046635715543039,-63033.73999999999,0.12026493150684932,16055.165,-0.0,0.4929510223034145,0.37646296378766575,0.3896045291343938,-0.651366583347285,760074.87,913552.6399999999,0.8319989858493541,0.7763146724948746,Below Target (<80%),9.0,61.0,70264.83499999999,0.0,0.0,70264.83499999999,CP2025,190881.59999999998,T0 Below Gate,0.0,70264.83499999999,0.0,0,0.0,1 <60%
45,202508,20250801,4,25,0,KSA Enterprise,SA,ENT,123235.84,126119.67,126119.67,0.0,144600.0,18480.329999999998,53879.67,6.0,26098.05,40460.94,REP-037,Youssef Shawky,2025,1.0234009035033964,2883.8300000000017,0.127803112033195,21019.945,-0.0,0.20693084591800787,0.320813874631927,0.42721068014212216,0.9638488610985934,886194.54,1036788.48,0.8547496013844599,0.9608693240682821,On Target (100-119%),3.0,14.0,136234.905,0.0,0.0,136234.905,CP2025,184853.76,T2 On Target,0.01,136234.905,1362.34905,0,0.010802034686579818,4 100-119%
45,202509,20250901,4,26,0,KSA Enterprise,SA,ENT,133952.0,121670.03,121670.03,0.0,138550.0,16879.97,54412.53,5.0,62049.73,79160.52,REP-037,Youssef Shawky,2025,0.9083106635212613,-12281.970000000001,0.12183305665824613,24334.006,-0.0,0.5099836829168202,0.6506164254253903,0.44721391126475435,-0.03528109453505547,1007864.5700000001,1170740.48,0.860877869363499,0.8115922953731619,Near Target (80-99%),5.0,36.0,141460.16,0.0,0.0,141460.16,CP2025,200928.0,T1 Approaching,0.005,141460.16,707.3008,0,0.005813270531781738,3 80-99%
45,202510,20251001,4,27,0,KSA Enterprise,SA,ENT,139310.08,189508.41,189508.41,0.0,217300.0,27791.59,100328.41,6.0,87003.36,43881.24,REP-037,Youssef Shawky,2025,1.3603352320234114,50198.330000000016,0.12789502991256327,31584.735,-0.0,0.45910025840014174,0.23155299545809074,0.5294140244224518,0.5575603129217607,1197372.98,1310050.56,0.913989899748602,1.1029013973137614,Exceeding (>=120%),3.0,12.0,200478.72,0.0,0.0,200478.72,CP2025,208965.12,T3 Accelerator,0.015,200478.72,3007.1808,0,0.01586832373296784,5 120-149%
45,202511,20251101,4,28,0,KSA Enterprise,SA,ENT,144668.16,106489.33,106489.33,0.0,121900.0,15410.67,46517.33,7.0,23491.68,43644.6,REP-037,Youssef Shawky,2025,0.7360937610597936,-38178.83,0.12642059064807218,15212.761428571428,-0.0,0.22060125648269174,0.4098495126225322,0.4368262059682411,-0.43807596718267017,1303862.31,1454718.72,0.8962985710392178,0.999371976528906,Below Target (<80%),7.0,53.0,117400.48000000001,0.0,0.0,117400.48000000001,CP2025,217002.24,T0 Below Gate,0.0,117400.48000000001,0.0,0,0.0,2 60-79%
45,202512,20251201,4,29,0,KSA Enterprise,SA,ENT,152705.28,138835.38,138835.38,0.0,157200.0,18364.62,76195.38,6.0,24177.48,103322.76,REP-037,Youssef Shawky,2025,0.9091720993537356,-13869.899999999994,0.11682328244274809,23139.23,-0.0,0.17414494777916117,0.7442105895485718,0.5488181758857145,0.30374921130595905,1442697.69,1607424.0,0.8975215562290969,0.9957626062920809,Near Target (80-99%),9.0,38.0,164666.07,0.0,0.0,164666.07,CP2025,229057.91999999998,T1 Approaching,0.005,164666.07,823.3303500000001,0,0.005930263236935715,3 80-99%
46,202401,20240101,5,53,0,KSA SME,SA,SME,53222.4,22053.86,22053.86,0.0,23500.0,1446.1399999999999,10855.86,4.0,8359.2,11910.900000000001,REP-038,Majid Al-Kindi,2024,0.4143717682780183,-31168.54,0.06153787234042553,5513.465,-0.0,0.37903568808362803,0.5400823257243857,0.49224308125652383,,22053.86,53222.4,0.4143717682780183,0.4143717682780183,Below Target (<80%),8.0,56.0,25031.585,0.0,0.0,25031.585,CP2024,79833.6,T0 Below Gate,0.0,25031.585,0.0,0,0.0,1 <60%
46,202402,20240201,5,54,0,KSA SME,SA,SME,57456.0,75194.92,75194.92,0.0,80900.0,5705.08,32554.920000000002,12.0,11470.68,2763.9,REP-038,Majid Al-Kindi,2024,1.308739209133946,17738.92,0.07052014833127318,6266.243333333333,-0.0,0.15254594326318854,0.0367564723787192,0.4329404167196401,2.409603579600124,97248.78,110678.4,0.8786608769190737,0.8786608769190737,Exceeding (>=120%),5.0,24.0,75885.895,0.0,0.0,75885.895,CP2024,86184.0,T3 Accelerator,0.015,75885.895,1138.288425,0,0.015137836771420197,5 120-149%
46,202403,20240301,5,55,0,KSA SME,SA,SME,60480.0,26633.96,35862.44,-9228.48,38600.0,2737.56,9981.96,6.0,4966.74,5508.0,REP-038,Majid Al-Kindi,2024,0.4403763227513227,-33846.04,0.07092124352331607,5977.073333333334,0.2573299530093323,0.13849420173306667,0.15358687250504985,0.3747831715599182,-0.6458010727320409,123882.73999999999,171158.4,0.7237900097219885,0.7237900097219885,Below Target (<80%),9.0,61.0,37239.44,-9228.48,0.0,28010.960000000003,CP2024,90720.0,T0 Below Gate,0.0,28010.960000000003,0.0,0,0.0,1 <60%
46,202404,20240401,5,56,0,KSA SME,SA,SME,60480.0,84684.03,93043.23,-8359.2,100800.0,7756.77,37890.03,14.0,24810.33,28581.54,REP-038,Majid Al-Kindi,2024,1.4001989087301587,24204.03,0.07695208333333334,6645.945,0.08984210887777651,0.26665379093137676,0.3071855953410044,0.4474282813418303,2.1795508441103015,208566.77,231638.4,0.9003980773481426,1.0453821966639762,Exceeding (>=120%),4.0,14.0,100188.615,-8359.2,0.0,91829.41500000001,CP2024,90720.0,T3 Accelerator,0.015,90720.0,1360.8,1,0.016069145504766364,5 120-149%
46,202405,20240501,5,57,0,KSA SME,SA,SME,60480.0,53452.35,53452.35,0.0,57350.0,3897.65,22869.85,9.0,0.0,8905.92,REP-038,Majid Al-Kindi,2024,0.8838020833333333,-7027.6500000000015,0.06796251089799477,5939.15,-0.0,0.0,0.16661419002157998,0.42785490254404157,-0.3688024766889342,262019.12,292118.4,0.896962053742592,0.9081257716049382,Near Target (80-99%),8.0,43.0,55678.83,0.0,0.0,55678.83,CP2024,90720.0,T1 Approaching,0.005,55678.83,278.39415,0,0.005208267737526975,3 80-99%
46,202406,20240601,5,58,0,KSA SME,SA,SME,62899.2,74233.16,76469.48,-2236.32,82300.0,5830.52,38242.16,14.0,6614.64,31348.920000000002,REP-038,Majid Al-Kindi,2024,1.180192434879935,11333.960000000006,0.07084471445929527,5462.105714285714,0.029244608437248434,0.08650039205183559,0.40995335655479814,0.5151627655349712,0.3887726171066381,336252.28,355017.6,0.9471425641996342,1.1550661593219158,On Target (100-119%),4.0,25.0,84306.71,-2236.32,0.0,82070.39,CP2024,94348.79999999999,T2 On Target,0.01,82070.39,820.7039,0,0.011055758639400504,4 100-119%
46,202407,20240701,5,59,0,KSA SME,SA,SME,57456.0,18488.33,18488.33,0.0,20250.0,1761.67,8970.83,3.0,4385.76,11390.4,REP-038,Majid Al-Kindi,2024,0.32178240740740743,-38967.67,0.08699604938271606,6162.776666666668,-0.0,0.23721774762782794,0.6160859309629371,0.48521580910769113,-0.7509424359679691,354740.61,412473.6,0.8600322784294558,0.8083262550653856,Below Target (<80%),10.0,62.0,21335.93,0.0,0.0,21335.93,CP2024,86184.0,T0 Below Gate,0.0,21335.93,0.0,0,0.0,1 <60%
46,202408,20240801,5,60,0,KSA SME,SA,SME,55641.6,37025.43,37025.43,0.0,40650.0,3624.5699999999997,16542.93,7.0,10682.4,2803.8,REP-038,Majid Al-Kindi,2024,0.6654271264665287,-18616.17,0.08916531365313653,5289.347142857143,-0.0,0.28851521778410133,0.07572633187514635,0.4467991323800966,1.0026378802195761,391766.04,468115.2,0.8369009166974283,0.7372118129420536,Below Target (<80%),5.0,42.0,37726.380000000005,0.0,0.0,37726.380000000005,CP2024,83462.4,T0 Below Gate,0.0,37726.380000000005,0.0,0,0.0,2 60-79%
46,202409,20240901,5,61,0,KSA SME,SA,SME,60480.0,56462.79,56462.79,0.0,61000.0,4537.21,24368.79,13.0,16315.28,14360.04,REP-038,Majid Al-Kindi,2024,0.933577876984127,-4017.209999999999,0.07438049180327869,4343.291538461539,-0.0,0.28895631972844416,0.254327496037656,0.4315902561669376,0.5249732413641112,448228.83,528595.2,0.8479623538011697,0.6451094496064009,Near Target (80-99%),6.0,34.0,60052.8,0.0,0.0,60052.8,CP2024,90720.0,T1 Approaching,0.005,60052.8,300.264,0,0.00531790937004707,3 80-99%
46,202410,20241001,5,62,0,KSA SME,SA,SME,62899.2,83406.2,83406.2,0.0,90250.0,6843.8,33552.700000000004,12.0,8499.53,31477.679999999997,REP-038,Majid Al-Kindi,2024,1.326029583842084,20507.0,0.07583157894736842,6950.516666666666,-0.0,0.10190525404586231,0.377402159551688,0.40228064580330963,0.4771887822050592,531635.03,591494.4,0.8987997688566451,0.9881221623409123,Exceeding (>=120%),3.0,17.0,91275.62,0.0,0.0,91275.62,CP2024,94348.79999999999,T3 Accelerator,0.015,91275.62,1369.1343,0,0.01641525809831883,5 120-149%
46,202411,20241101,5,63,0,KSA SME,SA,SME,65318.4,52705.49,54712.99,-2007.5,58900.0,4187.01,22530.49,10.0,7623.84,4755.36,REP-038,Majid Al-Kindi,2024,0.8069011182147756,-12612.910000000003,0.0710867572156197,5471.299,0.03669146942983741,0.13934241210359735,0.08691464312222746,0.42747899696976543,-0.3680866650201064,584340.52,656812.8,0.8896606765276194,1.020545465337132,Near Target (80-99%),7.0,45.0,55901.83,-2007.5,0.0,53894.33,CP2024,97977.6,T1 Approaching,0.005,53894.33,269.47165,0,0.005112781419924187,3 80-99%
46,202412,20241201,5,64,0,KSA SME,SA,SME,68947.2,30880.2,37966.44,-7086.24,41100.0,3133.56,14665.2,9.0,5796.48,2758.8,REP-038,Majid Al-Kindi,2024,0.44788185742133113,-38067.0,0.07624233576642335,4218.493333333334,0.1866448368611858,0.15267378242468874,0.07266417393887865,0.4749062506071852,-0.41409898665205463,615220.72,725760.0,0.847691688712522,0.846966040591424,Below Target (<80%),10.0,65.0,38656.14,0.0,-7086.24,38656.14,CP2024,103420.79999999999,T0 Below Gate,0.0,38656.14,0.0,0,0.0,1 <60%
46,202501,20250101,5,65,0,KSA SME,SA,SME,61205.76,46022.83,49104.43,-3081.6,52950.0,3845.5699999999997,19950.329999999998,8.0,16571.4,17264.34,REP-038,Majid Al-Kindi,2025,0.7519362556726688,-15182.93,0.07262644003777148,6138.05375,0.06275604869051529,0.3374726068503392,0.3515841646059225,0.43348768426452694,0.49036696653519085,46022.83,61205.76,0.7519362556726688,0.6630563167923936,Below Target (<80%),8.0,44.0,53420.515,0.0,-3081.6,53420.515,CP2025,91808.64,T0 Below Gate,0.0,53420.515,0.0,0,0.0,2 60-79%
46,202502,20250201,5,66,0,KSA SME,SA,SME,66074.4,105811.52,109450.04000000001,-3638.52,118050.0,8599.96,44659.52,19.0,47964.15,14456.4,REP-038,Majid Al-Kindi,2025,1.6013996343515797,39737.12000000001,0.07285014824227022,5760.528421052632,0.0332436607606539,0.43822871147420317,0.13208218105722025,0.4220667088044855,1.2991093768027737,151834.35,127280.16,1.1929145123639064,0.9311369729481149,Exceeding (>=120%),2.0,5.0,113064.14,0.0,-3638.52,113064.14,CP2025,99111.59999999999,T3 Accelerator,0.015,99111.59999999999,1486.6739999999998,1,0.01405020927777996,6 150%+
46,202503,20250301,5,67,0,KSA SME,SA,SME,69552.0,75861.07,75861.07,0.0,81450.0,5588.93,32031.57,15.0,6815.22,14324.4,REP-038,Majid Al-Kindi,2025,1.0907101161720727,6309.070000000007,0.06861792510742787,5057.404666666667,-0.0,0.08983817391449922,0.18882412283401748,0.42223989194984984,-0.2830547184276343,227695.42,196832.16,1.1567998847342833,1.1567998847342835,On Target (100-119%),5.0,16.0,79442.17,0.0,0.0,79442.17,CP2025,104328.0,T2 On Target,0.01,79442.17,794.4217,0,0.010472060307085043,4 100-119%
46,202504,20250401,5,68,0,KSA SME,SA,SME,69552.0,77820.35,77820.35,0.0,83900.0,6079.65,33420.35,14.0,16160.59,5828.4,REP-038,Majid Al-Kindi,2025,1.11888011847251,8268.350000000006,0.07246305125148987,5558.596428571429,-0.0,0.20766534717461435,0.07489557679964173,0.42945514894240383,0.02582721282470704,305515.77,266384.16000000003,1.1468991624727236,1.264718605857147,On Target (100-119%),6.0,28.0,79277.45,0.0,0.0,79277.45,CP2025,104328.0,T2 On Target,0.01,79277.45,792.7745,0,0.010187238941999103,4 100-119%
46,202505,20250501,5,69,0,KSA SME,SA,SME,69552.0,48212.520000000004,48212.520000000004,0.0,52350.0,4137.4800000000005,22030.02,9.0,9294.66,5496.299999999999,REP-038,Majid Al-Kindi,2025,0.6931866804692892,-21339.479999999996,0.07903495702005732,5356.946666666667,-0.0,0.19278519355553286,0.11400150832190474,0.45693566733288365,-0.38046385039388797,353728.29000000004,335936.16000000003,1.0529628307949939,0.9675923050379572,Below Target (<80%),9.0,56.0,49586.595,0.0,0.0,49586.595,CP2025,104328.0,T0 Below Gate,0.0,49586.595,0.0,0,0.0,2 60-79%
46,202506,20250601,5,70,0,KSA SME,SA,SME,72334.08,101160.38,101160.38,0.0,109850.0,8689.62,43350.88,16.0,38390.89,11751.42,REP-038,Majid Al-Kindi,2025,1.3985161627824672,28826.300000000003,0.07910441511151571,6322.52375,-0.0,0.3795051975882257,0.11616623029688104,0.42853615219713487,1.0982180562227404,454888.67000000004,408270.24,1.1141852269222465,1.0745143448143304,Exceeding (>=120%),6.0,13.0,104098.235,0.0,0.0,104098.235,CP2025,108501.12,T3 Accelerator,0.015,104098.235,1561.4735249999999,0,0.015435623363613302,5 120-149%
46,202507,20250701,5,71,0,KSA SME,SA,SME,66074.4,43558.15,43558.15,0.0,46600.0,3041.85,18943.15,7.0,21922.76,4379.04,REP-038,Majid Al-Kindi,2025,0.6592288390057269,-22516.249999999993,0.06527575107296137,6222.592857142858,-0.0,0.5032986938150494,0.10053319528033215,0.4348933552044795,-0.5694149231151564,498446.82,474344.64,1.0508115365233177,0.9277293935847812,Below Target (<80%),7.0,48.0,44652.909999999996,0.0,0.0,44652.909999999996,CP2025,99111.59999999999,T0 Below Gate,0.0,44652.909999999996,0.0,0,0.0,2 60-79%
46,202508,20250801,5,72,0,KSA SME,SA,SME,63987.84,57438.82,57438.82,0.0,63150.0,5711.18,24504.32,8.0,21234.27,8140.5,REP-038,Majid Al-Kindi,2025,0.8976521164021164,-6549.019999999997,0.09043832145684878,7179.8525,-0.0,0.3696849970107325,0.1417247081329317,0.42661600638731784,0.3186698700472816,555885.64,538332.48,1.0326065408499967,0.9988192967144859,Near Target (80-99%),2.0,24.0,59473.945,0.0,0.0,59473.945,CP2025,95981.76,T1 Approaching,0.005,59473.945,297.369725,0,0.005177155885166165,3 80-99%
46,202509,20250901,5,73,0,KSA SME,SA,SME,69552.0,63739.15,63739.15,0.0,69550.0,5810.85,27790.649999999998,9.0,13326.48,9921.3,REP-038,Majid Al-Kindi,2025,0.9164244018863584,-5812.8499999999985,0.083549245147376,7082.127777777778,-0.0,0.20907840785451326,0.15565472711826248,0.4360059712123553,0.10968766419644418,619624.79,607884.48,1.0193133899388254,0.825272385376915,Near Target (80-99%),4.0,34.0,66219.475,0.0,0.0,66219.475,CP2025,104328.0,T1 Approaching,0.005,66219.475,331.09737500000006,0,0.005194568408897829,3 80-99%
46,202510,20251001,5,74,0,KSA SME,SA,SME,72334.08,74594.42,77414.93,-2820.51,83600.0,6185.07,34917.92,14.0,13168.53,15417.96,REP-038,Majid Al-Kindi,2025,1.0312486175257913,2260.3399999999965,0.0739840909090909,5529.637857142857,0.036433669836038095,0.1701032346086214,0.19916003282570946,0.4681036463585346,0.17030773080594888,694219.21,680218.56,1.0205825756944944,0.9509334159470031,On Target (100-119%),5.0,25.0,81269.42,-2820.51,0.0,78448.91,CP2025,108501.12,T2 On Target,0.01,78448.91,784.4891,0,0.010516726318134788,4 100-119%
46,202511,20251101,5,75,0,KSA SME,SA,SME,75116.16,41986.97,44818.07,-2831.1,48700.0,3881.9300000000003,24547.97,10.0,8660.64,15513.119999999999,REP-038,Majid Al-Kindi,2025,0.5589605485690429,-33129.19,0.07971108829568789,4481.807,0.06316871743919361,0.19323991416854852,0.34613538690978884,0.5846568590207867,-0.43712988183298424,736206.18,755334.72,0.9746754127759414,0.8309616527460731,Below Target (<80%),9.0,62.0,48696.35,-2831.1,0.0,45865.25,CP2025,112674.24,T0 Below Gate,0.0,45865.25,0.0,0,0.0,1 <60%
46,202512,20251201,5,76,0,KSA SME,SA,SME,79289.28,85371.87,91690.23,-6318.36,99300.0,7609.77,46113.87,13.0,4344.48,47223.54,REP-038,Majid Al-Kindi,2025,1.0767139012991416,6082.5899999999965,0.07663413897280967,7053.094615384615,0.06890985004618268,0.04738214747634508,0.5150334992070584,0.5401529801326831,1.0332943768030889,821578.05,834624.0,0.9843690691856454,0.8906839883933775,On Target (100-119%),5.0,32.0,103496.115,-6318.36,0.0,97177.755,CP2025,118933.92,T2 On Target,0.01,97177.755,971.77755,0,0.011382877638735103,4 100-119%
47,202401,20240101,5,54,0,KSA SME,SA,SME,53222.4,82936.98,82936.98,0.0,92000.0,9063.02,38389.98,14.0,35237.880000000005,34725.96,REP-039,Muna Al-Mazrouei,2024,1.558309659090909,29714.579999999994,0.09851108695652175,5924.07,-0.0,0.4248753692261282,0.418702971822702,0.4628813347194461,,82936.98,53222.4,1.558309659090909,1.558309659090909,Exceeding (>=120%),1.0,8.0,91618.47,0.0,0.0,91618.47,CP2024,79833.6,T3 Accelerator,0.015,79833.6,1197.5040000000001,1,0.014438722027254913,6 150%+
47,202402,20240201,5,55,0,KSA SME,SA,SME,57456.0,84952.54,84952.54,0.0,93400.0,8447.46,39712.54,15.0,13890.88,15115.02,REP-039,Muna Al-Mazrouei,2024,1.4785669033695348,27496.539999999994,0.09044389721627408,5663.502666666666,-0.0,0.16351341584371698,0.1779231085968707,0.4674673647191715,0.024302307607535236,167889.52,110678.4,1.5169131465579553,1.5169131465579553,Exceeding (>=120%),3.0,17.0,88731.295,0.0,0.0,88731.295,CP2024,86184.0,T3 Accelerator,0.015,86184.0,1292.76,1,0.015217437877666756,5 120-149%
47,202403,20240301,5,56,0,KSA SME,SA,SME,60480.0,51868.29,51868.29,0.0,56950.0,5081.71,22770.79,9.0,16700.13,11030.4,REP-039,Muna Al-Mazrouei,2024,0.8576106150793651,-8611.71,0.08923107989464442,5763.143333333333,-0.0,0.32197186373408493,0.2126617245334288,0.43901177386029117,-0.38944391774513154,219757.81,171158.4,1.2839440541626939,1.2839440541626939,Near Target (80-99%),8.0,42.0,54625.89,0.0,0.0,54625.89,CP2024,90720.0,T1 Approaching,0.005,54625.89,273.12945,0,0.005265827155666787,3 80-99%
47,202404,20240401,5,57,0,KSA SME,SA,SME,60480.0,92707.01,92707.01,0.0,101300.0,8592.99,39752.01,18.0,25477.06,12400.619999999999,REP-039,Muna Al-Mazrouei,2024,1.5328540013227512,32227.009999999995,0.08482714708785785,5150.389444444444,-0.0,0.27481265979778663,0.13376140596056327,0.4287918464849638,0.7873542775364292,312464.81999999995,231638.4,1.348933596502134,1.2864756524078558,Exceeding (>=120%),3.0,9.0,95807.165,0.0,0.0,95807.165,CP2024,90720.0,T3 Accelerator,0.015,90720.0,1360.8,1,0.014678501658073106,6 150%+
47,202405,20240501,5,58,0,KSA SME,SA,SME,60480.0,105664.39,105664.39,0.0,116650.0,10985.61,49246.89,19.0,36889.75,31626.84,REP-039,Muna Al-Mazrouei,2024,1.7470963955026455,45184.39,0.09417582511787399,5561.283684210526,-0.0,0.34912187540192113,0.29931408301320817,0.4660689376998249,0.13976699280885022,418129.20999999996,292118.4,1.4313689586140412,1.3791870039682539,Exceeding (>=120%),2.0,9.0,113571.1,0.0,0.0,113571.1,CP2024,90720.0,T3 Accelerator,0.015,90720.0,1360.8,1,0.012878510915550642,6 150%+
47,202406,20240601,5,59,0,KSA SME,SA,SME,62899.2,72258.39,72258.39,0.0,78750.0,6491.61,35956.89,11.0,9791.88,13552.8,REP-039,Muna Al-Mazrouei,2024,1.1487966460622712,9359.190000000002,0.08243314285714286,6568.944545454546,-0.0,0.13551201459096998,0.18756022657022942,0.4976154326161986,-0.3161519221376284,490387.6,355017.6,1.381305039524801,1.4719404305033414,On Target (100-119%),5.0,31.0,75646.59,0.0,0.0,75646.59,CP2024,94348.79999999999,T2 On Target,0.01,75646.59,756.4659,0,0.010468900566425575,4 100-119%
47,202407,20240701,5,60,0,KSA SME,SA,SME,57456.0,45750.91,45750.91,0.0,50050.0,4299.09,17576.41,8.0,18745.56,14209.2,REP-039,Muna Al-Mazrouei,2024,0.7962773252575884,-11705.089999999997,0.0858959040959041,5718.86375,-0.0,0.40973086655544116,0.31057742895168644,0.38417618359940814,-0.3668429368548067,536138.51,412473.6,1.2998129092383126,1.2368924302348214,Below Target (<80%),3.0,38.0,49303.21,0.0,0.0,49303.21,CP2024,86184.0,T0 Below Gate,0.0,49303.21,0.0,0,0.0,2 60-79%
47,202408,20240801,5,61,0,KSA SME,SA,SME,55641.6,46523.76,46523.76,0.0,50800.0,4276.24,24443.76,9.0,5674.41,8211.0,REP-039,Muna Al-Mazrouei,2024,0.8361326777087648,-9117.839999999997,0.0841779527559055,5169.306666666667,-0.0,0.12196800086665394,0.17649046422731093,0.5254037936744579,0.0168925601698414,582662.27,468115.2,1.2446984631133533,0.93486392934417,Near Target (80-99%),3.0,33.0,48576.509999999995,0.0,0.0,48576.509999999995,CP2024,83462.4,T1 Approaching,0.005,48576.509999999995,242.88254999999998,0,0.005220613080284138,3 80-99%
47,202409,20240901,5,62,0,KSA SME,SA,SME,60480.0,88097.17,88097.17,0.0,96400.0,8302.83,39000.17,16.0,6618.820000000001,15247.92,REP-039,Muna Al-Mazrouei,2024,1.456633101851852,27617.17,0.08612894190871369,5506.073125,-0.0,0.07513090375093776,0.17308070168428794,0.4426949242523908,0.8935952296203057,670759.44,528595.2,1.2689472776143256,1.0391423778183362,Exceeding (>=120%),3.0,16.0,91909.15,0.0,0.0,91909.15,CP2024,90720.0,T3 Accelerator,0.015,90720.0,1360.8,1,0.015446580179590332,5 120-149%
47,202410,20241001,5,63,0,KSA SME,SA,SME,62899.2,90763.46,90763.46,0.0,99850.0,9086.54,39171.96,15.0,26442.72,21665.1,REP-039,Muna Al-Mazrouei,2024,1.4429986390923892,27864.26000000001,0.09100190285428143,6050.897333333333,-0.0,0.2913366237911159,0.23869848064408294,0.4315829299588182,0.030265330884068218,761522.9,591494.4,1.2874558068512567,1.2589843750000003,Exceeding (>=120%),1.0,12.0,96179.735,0.0,0.0,96179.735,CP2024,94348.79999999999,T3 Accelerator,0.015,94348.79999999999,1415.2319999999997,1,0.015592530297985551,5 120-149%
47,202411,20241101,5,64,0,KSA SME,SA,SME,65318.4,93858.99,93858.99,0.0,102600.0,8741.01,40966.99,15.0,13078.7,24276.72,REP-039,Muna Al-Mazrouei,2024,1.4369456385949442,28540.590000000004,0.08519502923976609,6257.2660000000005,-0.0,0.13934413741294255,0.25865098271353654,0.43647379968610356,0.03410546490845544,855381.89,656812.8,1.3023221989583638,1.4452733898046397,Exceeding (>=120%),4.0,15.0,99928.17,0.0,0.0,99928.17,CP2024,97977.6,T3 Accelerator,0.015,97977.6,1469.664,1,0.015658212388605503,5 120-149%
47,202412,20241201,5,65,0,KSA SME,SA,SME,68947.2,52507.369999999995,52507.369999999995,0.0,58050.0,5542.63,20529.870000000003,9.0,25548.18,2694.3,REP-039,Muna Al-Mazrouei,2024,0.7615591351062841,-16439.83,0.09548027562446167,5834.152222222222,-0.0,0.4865636957250002,0.051312796660735446,0.39099025527273606,-0.44057175556651534,907889.26,725760.0,1.2509497078924163,1.2026985547115916,Below Target (<80%),8.0,52.0,53180.945,0.0,0.0,53180.945,CP2024,103420.79999999999,T0 Below Gate,0.0,53180.945,0.0,0,0.0,2 60-79%
47,202501,20250101,5,66,0,KSA SME,SA,SME,61205.76,90155.75,90155.75,0.0,99550.0,9394.25,39648.25,15.0,13717.619999999999,8712.96,REP-039,Muna Al-Mazrouei,2025,1.4729945351548612,28949.989999999998,0.09436715218483174,6010.383333333333,-0.0,0.1521546878596207,0.09664341985952088,0.439775055944851,0.717011345264484,90155.75,61205.76,1.4729945351548612,1.2100090263862695,Exceeding (>=120%),1.0,13.0,92333.99,0.0,0.0,92333.99,CP2025,91808.64,T3 Accelerator,0.015,91808.64,1377.1296,1,0.01527500575393139,5 120-149%
47,202502,20250201,5,67,0,KSA SME,SA,SME,66074.4,109830.67,109830.67,0.0,121200.0,11369.33,40038.67,20.0,11728.1,10862.400000000001,REP-039,Muna Al-Mazrouei,2025,1.6622272771300233,43756.270000000004,0.09380635313531353,5491.5335,-0.0,0.10678346949900243,0.09890133602936231,0.3645490826924756,0.21823255865543792,199986.41999999998,127280.16,1.5712301115900544,1.2867410028856323,Exceeding (>=120%),1.0,3.0,112546.27,0.0,0.0,112546.27,CP2025,99111.59999999999,T3 Accelerator,0.015,99111.59999999999,1486.6739999999998,1,0.013536055092807864,6 150%+
47,202503,20250301,5,68,0,KSA SME,SA,SME,69552.0,64206.82,64206.82,0.0,70100.0,5893.18,30123.82,11.0,0.0,18322.260000000002,REP-039,Muna Al-Mazrouei,2025,0.9231484357027835,-5345.18,0.08406818830242511,5836.983636363636,-0.0,0.0,0.2853631436660467,0.46916854003982755,-0.4154017270403613,264193.24,196832.16,1.342225985834835,1.342225985834835,Near Target (80-99%),6.0,23.0,68787.385,0.0,0.0,68787.385,CP2025,104328.0,T1 Approaching,0.005,68787.385,343.936925,0,0.005356703929582558,3 80-99%
47,202504,20250401,5,69,0,KSA SME,SA,SME,69552.0,83682.62,83682.62,0.0,92000.0,8317.38,31269.62,18.0,16681.94,16809.059999999998,REP-039,Muna Al-Mazrouei,2025,1.203166264090177,14130.619999999995,0.09040630434782608,4649.0344444444445,-0.0,0.1993477259674709,0.20086679886456707,0.37366922785161366,0.30332914790048776,347875.86,266384.16000000003,1.3059179644915822,1.2560781739208418,Exceeding (>=120%),5.0,24.0,87884.885,0.0,0.0,87884.885,CP2025,104328.0,T3 Accelerator,0.015,87884.885,1318.2732749999998,0,0.015753250495742124,5 120-149%
47,202505,20250501,5,70,0,KSA SME,SA,SME,69552.0,31106.16,31106.16,0.0,34400.0,3293.84,13274.16,7.0,11651.82,2581.5,REP-039,Muna Al-Mazrouei,2025,0.44723602484472047,-38445.84,0.09575116279069767,4443.737142857143,-0.0,0.37458239782731134,0.08298999297888264,0.42673734077108844,-0.6282841048714775,378982.01999999996,335936.16000000003,1.1281370246061035,0.8578502415458937,Below Target (<80%),10.0,68.0,31751.535,0.0,0.0,31751.535,CP2025,104328.0,T0 Below Gate,0.0,31751.535,0.0,0,0.0,1 <60%
47,202506,20250601,5,71,0,KSA SME,SA,SME,72334.08,110035.17,110035.17,0.0,120400.0,10364.83,50030.17,18.0,20535.85,16336.2,REP-039,Muna Al-Mazrouei,2025,1.5212078455964324,37701.09,0.08608662790697674,6113.065,-0.0,0.18662987479366824,0.14846344127972902,0.45467435548107027,2.5374077031687614,489017.19,408270.24,1.1977781922091604,1.063308700116838,Exceeding (>=120%),4.0,10.0,114119.22,0.0,0.0,114119.22,CP2025,108501.12,T3 Accelerator,0.015,108501.12,1627.5167999999999,1,0.014790878225570969,6 150%+
47,202507,20250701,5,72,0,KSA SME,SA,SME,66074.4,52882.09,52882.09,0.0,58700.0,5817.91,24242.09,11.0,13640.8,8113.2,REP-039,Muna Al-Mazrouei,2025,0.8003415846379234,-13192.309999999998,0.09911260647359454,4807.462727272727,-0.0,0.25794744496671745,0.1534205626139209,0.4584177743353185,-0.519407385838546,541899.28,474344.64,1.1424167879287095,0.9329821704585413,Near Target (80-99%),5.0,41.0,54910.39,0.0,0.0,54910.39,CP2025,99111.59999999999,T0 Below Gate,0.0,54910.39,0.0,0,0.0,3 80-99%
47,202508,20250801,5,73,0,KSA SME,SA,SME,63987.84,50318.94,50318.94,0.0,55300.0,4981.06,19603.940000000002,7.0,6223.68,14074.2,REP-039,Muna Al-Mazrouei,2025,0.786382850241546,-13668.899999999994,0.090073417721519,7188.42,-0.0,0.12368464041571622,0.27969985059303715,0.3895936599618355,-0.04846915089778022,592218.22,538332.48,1.1000975085136977,1.053557693143828,Below Target (<80%),5.0,35.0,53837.49,0.0,0.0,53837.49,CP2025,95981.76,T0 Below Gate,0.0,53837.49,0.0,0,0.0,2 60-79%
47,202509,20250901,5,74,0,KSA SME,SA,SME,69552.0,50663.17,50663.17,0.0,55950.0,5286.83,19875.670000000002,10.0,21115.67,8202.3,REP-039,Muna Al-Mazrouei,2025,0.7284214688290775,-18888.83,0.09449204647006255,5066.317,-0.0,0.41678540841404116,0.16189867313869227,0.39231003508071055,0.006840962866069832,642881.39,607884.48,1.0575716458495537,0.7708077339572569,Below Target (<80%),6.0,55.0,52713.745,0.0,0.0,52713.745,CP2025,104328.0,T0 Below Gate,0.0,52713.745,0.0,0,0.0,2 60-79%
47,202510,20251001,5,75,0,KSA SME,SA,SME,72334.08,61099.47,61099.47,0.0,66450.0,5350.53,21227.97,12.0,10114.98,16027.2,REP-039,Muna Al-Mazrouei,2025,0.8446844143175665,-11234.61,0.0805196388261851,5091.6225,-0.0,0.16554939019929305,0.2623132410150203,0.34743296463946416,0.20599382154728973,703980.86,680218.56,1.034933330840017,0.7872856357910707,Near Target (80-99%),7.0,40.0,65106.270000000004,0.0,0.0,65106.270000000004,CP2025,108501.12,T0 Below Gate,0.0,65106.270000000004,0.0,0,0.0,3 80-99%
47,202511,20251101,5,76,0,KSA SME,SA,SME,75116.16,64099.93,64099.93,0.0,70500.0,6400.07,30818.93,14.0,16423.350000000002,14113.32,REP-039,Muna Al-Mazrouei,2025,0.8533440740314734,-11016.230000000003,0.09078113475177305,4578.566428571428,-0.0,0.2562147883780841,0.220176839506689,0.48079506483080403,0.04910779095137812,768080.79,755334.72,1.0168747307154107,0.8104182242542752,Near Target (80-99%),8.0,48.0,67628.26,0.0,0.0,67628.26,CP2025,112674.24,T1 Approaching,0.005,67628.26,338.1413,0,0.005275221049383361,3 80-99%
47,202512,20251201,5,77,0,KSA SME,SA,SME,79289.28,70742.61,74036.25,-3293.64,81400.0,7363.75,26088.61,14.0,2993.76,11519.46,REP-039,Muna Al-Mazrouei,2025,0.8922090098434492,-8546.669999999998,0.09046375921375921,5288.303571428572,0.04448685610089652,0.04043640784075369,0.15559215924631514,0.3687821243802003,0.10363006636668715,838823.4,834624.0,1.0050314872325743,0.864172288977237,Near Target (80-99%),7.0,40.0,76916.115,-3293.64,0.0,73622.475,CP2025,118933.92,T1 Approaching,0.005,73622.475,368.11237500000004,0,0.0052035452890414995,3 80-99%
48,202401,20240101,5,28,0,KSA SME,SA,SME,53222.4,18163.52,18163.52,0.0,18200.0,36.48,8883.52,2.0,0.0,4763.52,REP-040,Hamad Al-Busaidi,2024,0.3412758537758538,-35058.880000000005,0.0020043956043956043,9081.76,-0.0,0.0,0.26225753598421453,0.48908581596518735,,18163.52,53222.4,0.3412758537758538,0.3412758537758538,Below Target (<80%),10.0,61.0,19354.4,0.0,0.0,19354.4,CP2024,79833.6,T0 Below Gate,0.0,19354.4,0.0,0,0.0,1 <60%
48,202402,20240201,5,29,0,KSA SME,SA,SME,57456.0,42875.69,42875.69,0.0,43100.0,224.31,21124.69,10.0,20075.69,13627.2,REP-040,Hamad Al-Busaidi,2024,0.7462352060707325,-14580.309999999998,0.005204408352668214,4287.569,-0.0,0.4682301322730899,0.3178304535740416,0.4926962108364903,1.3605385960430578,61039.21000000001,110678.4,0.5515006541475121,0.5515006541475121,Below Target (<80%),8.0,51.0,46282.49,0.0,0.0,46282.49,CP2024,86184.0,T0 Below Gate,0.0,46282.49,0.0,0,0.0,2 60-79%
48,202403,20240301,5,30,0,KSA SME,SA,SME,60480.0,18766.35,18766.35,0.0,18900.0,133.65,10426.35,4.0,6166.35,4800.0,REP-040,Hamad Al-Busaidi,2024,0.31029017857142854,-41713.65,0.007071428571428571,4691.5875,-0.0,0.3285854734671367,0.25577696248870985,0.5555875276758667,-0.5623079185431186,79805.56,171158.4,0.46626727055172285,0.46626727055172285,Below Target (<80%),10.0,65.0,19966.35,0.0,0.0,19966.35,CP2024,90720.0,T0 Below Gate,0.0,19966.35,0.0,0,0.0,1 <60%
48,202404,20240401,5,31,0,KSA SME,SA,SME,60480.0,29226.239999999998,29226.239999999998,0.0,29400.0,173.76,15591.24,7.0,6231.9,5926.5,REP-040,Hamad Al-Busaidi,2024,0.4832380952380952,-31253.760000000002,0.0059102040816326525,4175.177142857143,-0.0,0.21322961831559584,0.20278010445407962,0.5334671856523453,0.5573747692012565,109031.8,231638.4,0.4706982952740133,0.5093056676531252,Below Target (<80%),10.0,57.0,30707.864999999998,0.0,0.0,30707.864999999998,CP2024,90720.0,T0 Below Gate,0.0,30707.864999999998,0.0,0,0.0,1 <60%
48,202405,20240501,5,32,0,KSA SME,SA,SME,60480.0,55338.39,55338.39,0.0,55900.0,561.61,26037.39,10.0,18926.76,2903.7,REP-040,Hamad Al-Busaidi,2024,0.9149866071428572,-5141.610000000001,0.010046690518783543,5533.839,-0.0,0.3420186239606898,0.05247171086835016,0.47051224294743665,0.8934488322822232,164370.19,292118.4,0.5626834530108339,0.5695049603174603,Near Target (80-99%),6.0,37.0,56064.315,0.0,0.0,56064.315,CP2024,90720.0,T1 Approaching,0.005,56064.315,280.321575,0,0.005065589638585438,3 80-99%
48,202406,20240601,5,33,0,KSA SME,SA,SME,62899.2,58405.52,58405.52,0.0,58750.0,344.48,30243.02,11.0,24721.1,20944.5,REP-040,Hamad Al-Busaidi,2024,0.928557437932438,-4493.68,0.005863489361702128,5309.592727272727,-0.0,0.4232664994678585,0.35860480310765147,0.5178109877285572,0.05542499519772797,222775.71,355017.6,0.6275061011059734,0.777606722970621,Near Target (80-99%),7.0,45.0,63641.645,0.0,0.0,63641.645,CP2024,94348.79999999999,T1 Approaching,0.005,63641.645,318.20822499999997,0,0.005448256003884564,3 80-99%
48,202407,20240701,5,34,0,KSA SME,SA,SME,57456.0,31649.89,31649.89,0.0,31750.0,100.11000000000001,14369.39,7.0,7717.08,3000.0,REP-040,Hamad Al-Busaidi,2024,0.5508543929267613,-25806.11,0.0031530708661417326,4521.412857142857,-0.0,0.2438264398391274,0.09478705929151729,0.4540107406376452,-0.4581010493528694,254425.6,412473.6,0.6168288103771975,0.8040127143388012,Below Target (<80%),5.0,48.0,32399.89,0.0,0.0,32399.89,CP2024,86184.0,T0 Below Gate,0.0,32399.89,0.0,0,0.0,1 <60%
48,202408,20240801,5,35,0,KSA SME,SA,SME,55641.6,32558.41,32558.41,0.0,32800.0,241.59,14513.41,7.0,18158.41,5958.3,REP-040,Hamad Al-Busaidi,2024,0.585145107257879,-23083.19,0.007365548780487805,4651.201428571429,-0.0,0.5577179598143767,0.18300340833597217,0.4457653183923908,0.02870531303584311,286984.01,468115.2,0.6130627888177953,0.6966820987654321,Below Target (<80%),8.0,52.0,34047.985,0.0,0.0,34047.985,CP2024,83462.4,T0 Below Gate,0.0,34047.985,0.0,0,0.0,1 <60%
48,202409,20240901,5,36,0,KSA SME,SA,SME,60480.0,29916.3,29916.3,0.0,30000.0,83.7,16986.3,5.0,8916.3,8916.3,REP-040,Hamad Al-Busaidi,2024,0.49464781746031744,-30563.7,0.00279,5983.26,-0.0,0.29804153588511945,0.29804153588511945,0.5677941456664093,-0.08114984730519705,316900.31,528595.2,0.5995141650926834,0.5422623656508675,Below Target (<80%),9.0,57.0,32145.375,0.0,0.0,32145.375,CP2024,90720.0,T0 Below Gate,0.0,32145.375,0.0,0,0.0,1 <60%
48,202410,20241001,5,37,0,KSA SME,SA,SME,62899.2,28737.57,29637.57,-900.0,29700.0,62.43,15402.57,6.0,14037.57,0.0,REP-040,Hamad Al-Busaidi,2024,0.4568829174297924,-34161.63,0.002102020202020202,4939.595,0.030366862060553546,0.4736410576170718,0.0,0.5359732921050736,-0.03940092859076823,345637.88,591494.4,0.5843468340528668,0.5095066048191048,Below Target (<80%),9.0,58.0,29637.57,0.0,-900.0,29637.57,CP2024,94348.79999999999,T0 Below Gate,0.0,29637.57,0.0,0,0.0,1 <60%
48,202411,20241101,5,38,0,KSA SME,SA,SME,65318.4,98295.09,109789.93,-11494.84,110600.0,810.0699999999999,48834.09,17.0,49534.59,44784.479999999996,REP-040,Hamad Al-Busaidi,2024,1.5048606518224572,32976.689999999995,0.007324321880650994,6458.231176470588,0.10469849101825641,0.45117607780604285,0.4079106344270371,0.49681108181497163,2.420438471311248,443932.97,656812.8,0.6758896446597873,0.8317485754985754,Exceeding (>=120%),3.0,14.0,120986.05,-11494.84,0.0,109491.21,CP2024,97977.6,T3 Accelerator,0.015,97977.6,1469.664,1,0.014951550479276229,6 150%+
48,202412,20241201,5,39,0,KSA SME,SA,SME,68947.2,124245.48999999999,124245.48999999999,0.0,125000.0,754.51,54525.49,21.0,26118.72,25145.28,REP-040,Hamad Al-Busaidi,2024,1.8020382263529193,55298.28999999999,0.00603608,5916.451904761904,-0.0,0.21021865662890463,0.20238384507960813,0.43885287103781395,0.26400504847190226,568178.46,725760.0,0.7828737599206349,1.2744574589379039,Exceeding (>=120%),2.0,8.0,130531.81,0.0,0.0,130531.81,CP2024,103420.79999999999,T3 Accelerator,0.015,103420.79999999999,1551.3119999999997,1,0.012485861659847773,6 150%+
48,202501,20250101,5,40,0,KSA SME,SA,SME,61205.76,89457.45999999999,91855.54,-2398.08,92250.0,394.46,46251.96,17.0,18700.58,25175.52,REP-040,Hamad Al-Busaidi,2025,1.4615856416128152,28251.69999999999,0.004275989159891599,5403.267058823529,0.026107080748749612,0.20358684952480824,0.27407731749222747,0.51702742286669,-0.27999430804289155,89457.45999999999,61205.76,1.4615856416128152,1.596131729988475,Exceeding (>=120%),2.0,14.0,98149.42,-2398.08,0.0,95751.34,CP2025,91808.64,T3 Accelerator,0.015,91808.64,1377.1296,1,0.015394239899053697,5 120-149%
48,202502,20250201,5,41,0,KSA SME,SA,SME,66074.4,104443.73,110247.51,-5803.78,110450.0,202.49,54142.73,18.0,8335.2,25200.0,REP-040,Hamad Al-Busaidi,2025,1.5806988788396112,38369.33,0.0018333182435491173,6124.861666666667,0.05264318441296316,0.07560442861702728,0.22857659098151062,0.5183913864432074,0.16752398290763013,193901.19,127280.16,1.5234203822496766,1.62131661965997,Exceeding (>=120%),3.0,8.0,116547.51,-5803.78,0.0,110743.73,CP2025,99111.59999999999,T3 Accelerator,0.015,99111.59999999999,1486.6739999999998,1,0.014234210134011872,6 150%+
48,202503,20250301,5,42,0,KSA SME,SA,SME,69552.0,25275.96,28238.28,-2962.3199999999997,28350.0,111.72,14768.46,6.0,3503.16,6000.0,REP-040,Hamad Al-Busaidi,2025,0.3634109730848861,-44276.04,0.00394074074074074,4706.38,0.10490440635902752,0.12405713095840115,0.2124775305011495,0.5842887866573614,-0.7579944722387835,219177.15,196832.16,1.1135230645236023,1.1135230645236023,Below Target (<80%),10.0,65.0,29738.28,0.0,-2962.3199999999997,29738.28,CP2025,104328.0,T0 Below Gate,0.0,29738.28,0.0,0,0.0,1 <60%
48,202504,20250401,5,43,0,KSA SME,SA,SME,69552.0,41722.12,41722.12,0.0,41800.0,77.88,21542.12,8.0,0.0,5952.0,REP-040,Hamad Al-Busaidi,2025,0.5998694501955372,-27829.879999999997,0.001863157894736842,5215.265,-0.0,0.0,0.14265813913578695,0.5163237150940556,0.6506641092959478,260899.27,266384.16000000003,0.9794098492943423,0.8355743587044251,Below Target (<80%),9.0,48.0,43210.12,0.0,0.0,43210.12,CP2025,104328.0,T0 Below Gate,0.0,43210.12,0.0,0,0.0,1 <60%
48,202505,20250501,5,44,0,KSA SME,SA,SME,69552.0,89501.62,89501.62,0.0,89700.0,198.38,49169.62,17.0,16379.92,17968.8,REP-040,Hamad Al-Busaidi,2025,1.2868302852541982,19949.619999999995,0.0022115942028985507,5264.801176470588,-0.0,0.1830125532923315,0.20076508112367128,0.5493712851231073,1.1451838976542896,350400.89,335936.16000000003,1.0430579726814762,0.7500369028448739,Exceeding (>=120%),4.0,21.0,93993.82,0.0,0.0,93993.82,CP2025,104328.0,T3 Accelerator,0.015,93993.82,1409.9073,0,0.015752869054213768,5 120-149%
48,202506,20250601,5,45,0,KSA SME,SA,SME,72334.08,61242.4,61242.4,0.0,61600.0,357.6,31754.4,12.0,15116.92,24434.04,REP-040,Hamad Al-Busaidi,2025,0.846660384703863,-11091.68,0.005805194805194805,5103.533333333334,-0.0,0.24683748514101342,0.3989726072133032,0.5185035204368216,-0.3157397597942919,411643.29,408270.24,1.00826180717948,0.910271886691366,Near Target (80-99%),8.0,45.0,67350.91,0.0,0.0,67350.91,CP2025,108501.12,T0 Below Gate,0.0,67350.91,0.0,0,0.0,3 80-99%
48,202507,20250701,5,46,0,KSA SME,SA,SME,66074.4,67479.56,67929.56,-450.0,68000.0,70.44,32975.06,9.0,9600.0,7800.0,REP-040,Hamad Al-Busaidi,2025,1.0212663300763989,1405.1600000000035,0.0010358823529411764,7547.728888888889,0.006624509271074331,0.14132286444958572,0.1148248273652884,0.4886673831305361,0.10184382062100761,479122.85,474344.64,1.0100732876416607,1.049351203651771,On Target (100-119%),4.0,28.0,69879.56,0.0,-450.0,69879.56,CP2025,99111.59999999999,T2 On Target,0.01,69879.56,698.7956,0,0.010355663255658456,4 100-119%
48,202508,20250801,5,47,0,KSA SME,SA,SME,63987.84,53202.1,53202.1,0.0,53450.0,247.9,26536.6,6.0,8400.0,0.0,REP-040,Hamad Al-Busaidi,2025,0.8314407862493874,-10785.739999999998,0.0046379794200187095,8867.016666666666,-0.0,0.15788850440114208,0.0,0.4987885816537317,-0.21158199608888972,532324.95,538332.48,0.9888404838585998,0.8988506312762998,Near Target (80-99%),4.0,31.0,53202.1,0.0,0.0,53202.1,CP2025,95981.76,T0 Below Gate,0.0,53202.1,0.0,0,0.0,3 80-99%
48,202509,20250901,5,48,0,KSA SME,SA,SME,69552.0,111431.69,111431.69,0.0,111950.0,518.31,51694.19,17.0,9522.36,21471.9,REP-040,Hamad Al-Busaidi,2025,1.6021349493903843,41879.69,0.004629834747655203,6554.8052941176475,-0.0,0.08545468528746177,0.19269114557986153,0.463909234437708,1.0944979615466308,643756.64,607884.48,1.0590114753382092,1.1628095771123343,Exceeding (>=120%),3.0,8.0,116799.665,0.0,0.0,116799.665,CP2025,104328.0,T3 Accelerator,0.015,104328.0,1564.9199999999998,1,0.014043760800899635,6 150%+
48,202510,20251001,5,49,0,KSA SME,SA,SME,72334.08,78903.44,78903.44,0.0,79400.0,496.56,40463.44,14.0,19052.0,16652.46,REP-040,Hamad Al-Busaidi,2025,1.0908197076675337,6569.360000000001,0.006253904282115869,5635.96,-0.0,0.24145968794262962,0.2110485930651439,0.512822254644411,-0.2919120225135238,722660.08,680218.56,1.0623939458517566,1.1829435705115054,On Target (100-119%),4.0,22.0,83066.555,0.0,0.0,83066.555,CP2025,108501.12,T2 On Target,0.01,83066.555,830.6655499999999,0,0.010527621482662858,4 100-119%
48,202511,20251101,5,50,0,KSA SME,SA,SME,75116.16,93983.65,93983.65,0.0,94350.0,366.35,46493.15,14.0,15475.8,7800.0,REP-040,Hamad Al-Busaidi,2025,1.2511775096064548,18867.48999999999,0.003882882882882883,6713.117857142856,-0.0,0.1646648113794261,0.08299315891647112,0.4946940239073499,0.1911223388992925,816643.73,755334.72,1.08116800191576,1.3102112678652535,Exceeding (>=120%),4.0,21.0,95933.65,0.0,0.0,95933.65,CP2025,112674.24,T3 Accelerator,0.015,95933.65,1439.0047499999998,0,0.015311224345936765,5 120-149%
48,202512,20251201,5,51,0,KSA SME,SA,SME,79289.28,61569.240000000005,69921.72,-8352.48,70200.0,278.28,35164.24,16.0,18988.760000000002,13766.4,REP-040,Hamad Al-Busaidi,2025,0.7765140508275521,-17720.039999999994,0.003964102564102564,4370.1075,0.11945472737226714,0.27157169474663956,0.19688302862114948,0.5711332477061597,-0.34489413850174994,878212.97,834624.0,1.0522258765623802,1.034033811132704,Below Target (<80%),8.0,49.0,73363.32,-8352.48,0.0,65010.84000000001,CP2025,118933.92,T0 Below Gate,0.0,65010.84000000001,0.0,0,0.0,2 60-79%
49,202401,20240101,5,11,0,KSA SME,SA,SME,53222.4,31082.15,31082.15,0.0,33100.0,2017.8500000000001,14777.15,7.0,8911.2,5610.0,REP-041,Bilal Al-Shehri,2024,0.584005042989418,-22140.25,0.06096223564954683,4440.307142857143,-0.0,0.28669831398407125,0.1804894449064817,0.47542238873437004,,31082.15,53222.4,0.584005042989418,0.584005042989418,Below Target (<80%),7.0,46.0,32484.65,0.0,0.0,32484.65,CP2024,79833.6,T0 Below Gate,0.0,32484.65,0.0,0,0.0,1 <60%
49,202402,20240201,5,12,0,KSA SME,SA,SME,57456.0,62592.01,62592.01,0.0,66850.0,4257.99,27558.51,12.0,20682.489999999998,4560.0,REP-041,Bilal Al-Shehri,2024,1.0893903160679477,5136.010000000002,0.06369468960359012,5216.0008333333335,-0.0,0.3304333891817821,0.07285274909688952,0.4402879856390616,1.0137606311017737,93674.16,110678.4,0.8463635180848297,0.8463635180848297,On Target (100-119%),6.0,34.0,63732.01,0.0,0.0,63732.01,CP2024,86184.0,T2 On Target,0.01,63732.01,637.3201,0,0.010182131872742224,4 100-119%
49,202403,20240301,5,13,0,KSA SME,SA,SME,60480.0,55323.31,55323.31,0.0,58500.0,3176.69,19604.31,11.0,4302.46,11842.68,REP-041,Bilal Al-Shehri,2024,0.9147372685185184,-5156.690000000002,0.054302393162393166,5029.391818181818,-0.0,0.07776938870794246,0.21406311372186518,0.35435894923857597,-0.11612824064924587,148997.47,171158.4,0.8705238539271225,0.8705238539271225,Near Target (80-99%),7.0,37.0,58283.979999999996,0.0,0.0,58283.979999999996,CP2024,90720.0,T1 Approaching,0.005,58283.979999999996,291.4199,0,0.005267578892152331,3 80-99%
49,202404,20240401,5,14,0,KSA SME,SA,SME,60480.0,43108.72,46458.88,-3350.16,50200.0,3741.12,21457.72,10.0,19679.38,10153.14,REP-041,Bilal Al-Shehri,2024,0.712776455026455,-17371.28,0.07452430278884462,4645.888,0.0721102187568878,0.42358705160348253,0.21854035224267138,0.49775822617790555,-0.22078559652341836,192106.19,231638.4,0.8293365435091937,0.9025201775625505,Below Target (<80%),8.0,46.0,48997.165,-3350.16,0.0,45647.005000000005,CP2024,90720.0,T0 Below Gate,0.0,45647.005000000005,0.0,0,0.0,2 60-79%
49,202405,20240501,5,15,0,KSA SME,SA,SME,60480.0,23797.74,23797.74,0.0,25200.0,1402.26,10881.74,5.0,0.0,11371.2,REP-041,Bilal Al-Shehri,2024,0.3934811507936508,-36682.259999999995,0.055645238095238095,4759.548000000001,-0.0,0.0,0.47782688608245993,0.4572593868157228,-0.4479599487064334,215903.93,292118.4,0.7390973317668451,0.6736649581128749,Below Target (<80%),10.0,64.0,26640.54,0.0,0.0,26640.54,CP2024,90720.0,T0 Below Gate,0.0,26640.54,0.0,0,0.0,1 <60%
49,202406,20240601,5,16,0,KSA SME,SA,SME,62899.2,51697.770000000004,51697.770000000004,0.0,55150.0,3452.23,26125.27,8.0,8854.17,21514.38,REP-041,Bilal Al-Shehri,2024,0.8219145871489623,-11201.429999999993,0.06259709882139619,6462.2212500000005,-0.0,0.17126792896482768,0.416156828427996,0.5053461687032148,1.17238149504953,267601.7,355017.6,0.7537702356164878,0.645081834360206,Near Target (80-99%),9.0,49.0,57076.365,0.0,0.0,57076.365,CP2024,94348.79999999999,T1 Approaching,0.005,57076.365,285.381825,0,0.005520196035534995,3 80-99%
49,202407,20240701,5,17,0,KSA SME,SA,SME,57456.0,29357.65,29357.65,0.0,31300.0,1942.3500000000001,14287.65,6.0,0.0,8389.8,REP-041,Bilal Al-Shehri,2024,0.5109588206627681,-28098.35,0.062055910543131,4892.941666666667,-0.0,0.0,0.2857790047909148,0.4866755343155872,-0.4321292775297658,296959.35000000003,412473.6,0.7199475311874507,0.5798271575445488,Below Target (<80%),8.0,54.0,31455.1,0.0,0.0,31455.1,CP2024,86184.0,T0 Below Gate,0.0,31455.1,0.0,0,0.0,1 <60%
49,202408,20240801,5,18,0,KSA SME,SA,SME,55641.6,34552.59,34552.59,0.0,36900.0,2347.41,18202.59,5.0,0.0,5646.6,REP-041,Bilal Al-Shehri,2024,0.6209848386818495,-21089.010000000002,0.06361544715447154,6910.517999999999,-0.0,0.0,0.16342045560115756,0.5268082653138304,0.17695353681238093,331511.94,468115.2,0.7081845238095238,0.656875636375207,Below Target (<80%),7.0,49.0,35964.24,0.0,0.0,35964.24,CP2024,83462.4,T0 Below Gate,0.0,35964.24,0.0,0,0.0,2 60-79%
50,202401,20240101,5,55,0,KSA SME,SA,SME,53222.4,19681.579999999998,19681.579999999998,0.0,21050.0,1368.42,7964.08,5.0,0.0,2803.8,REP-042,Shahd Shawky,2024,0.3697988065175565,-33540.82000000001,0.06500807600950119,3936.316,-0.0,0.0,0.14245807501227037,0.40464637493534567,,19681.579999999998,53222.4,0.3697988065175565,0.3697988065175565,Below Target (<80%),9.0,59.0,20382.53,0.0,0.0,20382.53,CP2024,79833.6,T0 Below Gate,0.0,20382.53,0.0,0,0.0,1 <60%
50,202402,20240201,5,56,0,KSA SME,SA,SME,57456.0,41355.62,41355.62,0.0,44400.0,3044.38,15017.62,10.0,5500.73,0.0,REP-042,Shahd Shawky,2024,0.7197789612921193,-16100.379999999997,0.06856711711711712,4135.562,-0.0,0.13301045903797354,0.0,0.3631337167717471,1.101234758591536,61037.2,110678.4,0.5514824934223841,0.5514824934223841,Below Target (<80%),9.0,54.0,41355.62,0.0,0.0,41355.62,CP2024,86184.0,T0 Below Gate,0.0,41355.62,0.0,0,0.0,2 60-79%
50,202403,20240301,5,57,0,KSA SME,SA,SME,60480.0,64820.979999999996,64820.979999999996,0.0,70400.0,5579.02,27214.98,14.0,34738.7,5604.6,REP-042,Shahd Shawky,2024,1.071775462962963,4340.979999999996,0.07924744318181819,4630.07,-0.0,0.5359175378095178,0.08646274709206804,0.41984832688428964,0.5674043817986526,125858.18,171158.4,0.7353315992671117,0.7353315992671117,On Target (100-119%),6.0,26.0,66222.13,0.0,0.0,66222.13,CP2024,90720.0,T2 On Target,0.01,66222.13,662.2213,0,0.010216156867730171,4 100-119%
50,202404,20240401,5,58,0,KSA SME,SA,SME,60480.0,66573.65,66573.65,0.0,71400.0,4826.35,32077.65,12.0,13138.23,14263.5,REP-042,Shahd Shawky,2024,1.1007547949735448,6093.649999999994,0.06759593837535015,5547.804166666666,-0.0,0.19734880091447593,0.21425143431372626,0.4818370331204614,0.02703862237195424,192431.83,231638.4,0.8307423553262325,0.9682441597166174,On Target (100-119%),6.0,25.0,70139.525,0.0,0.0,70139.525,CP2024,90720.0,T2 On Target,0.01,70139.525,701.3952499999999,0,0.010535628585784315,4 100-119%
50,202405,20240501,5,59,0,KSA SME,SA,SME,60480.0,93632.78,93632.78,0.0,101450.0,7817.22,40202.28,15.0,26661.24,12793.98,REP-042,Shahd Shawky,2024,1.548161044973545,33152.78,0.07705490389354362,6242.185333333333,-0.0,0.28474258694444404,0.1366399673276816,0.4293611703080908,0.40645405502026716,286064.61,292118.4,0.9792762455223634,1.2402304343033508,Exceeding (>=120%),3.0,12.0,96831.275,0.0,0.0,96831.275,CP2024,90720.0,T3 Accelerator,0.015,90720.0,1360.8,1,0.0145333717529267,6 150%+
50,202406,20240601,5,60,0,KSA SME,SA,SME,62899.2,71875.03,78110.53,-6235.5,83600.0,5489.47,33255.03,10.0,6122.16,11855.94,REP-042,Shahd Shawky,2024,1.14270181496744,8975.830000000002,0.06566351674641148,7811.053,0.07982918564244795,0.0783781648901883,0.15178414485217295,0.46267848514289317,-0.23237321373988895,357939.64,355017.6,1.0082306905347793,1.2622781998398775,On Target (100-119%),6.0,33.0,81074.515,-6957.525,0.0,74116.99,CP2024,94348.79999999999,T2 On Target,0.01,74116.99,741.1699000000001,0,0.010311924739370546,4 100-119%
50,202407,20240701,5,61,0,KSA SME,SA,SME,57456.0,24804.68,24804.68,0.0,27200.0,2395.3199999999997,11504.68,6.0,17502.96,2667.0,REP-042,Shahd Shawky,2024,0.43171609579504316,-32651.32,0.08806323529411764,4134.113333333334,-0.0,0.7056313566633393,0.10752003250999408,0.4638108614987172,-0.6548915527409171,382744.32,412473.6,0.9279244053437603,1.0524084359682184,Below Target (<80%),9.0,58.0,25471.43,0.0,0.0,25471.43,CP2024,86184.0,T0 Below Gate,0.0,25471.43,0.0,0,0.0,1 <60%
50,202408,20240801,5,62,0,KSA SME,SA,SME,55641.6,19723.18,19723.18,0.0,21400.0,1676.82,9903.18,4.0,7975.12,7234.139999999999,REP-042,Shahd Shawky,2024,0.3544682395905222,-35918.42,0.07835607476635514,4930.795,-0.0,0.4043526449588758,0.3667836525347332,0.5021086863274583,-0.2048605343830277,402467.5,468115.2,0.8597616569596543,0.661392082128766,Below Target (<80%),10.0,62.0,21531.715,0.0,0.0,21531.715,CP2024,83462.4,T0 Below Gate,0.0,21531.715,0.0,0,0.0,1 <60%
50,202409,20240901,5,63,0,KSA SME,SA,SME,60480.0,106886.71,106886.71,0.0,114100.0,7213.29,46465.71,18.0,13818.859999999999,10018.2,REP-042,Shahd Shawky,2024,1.7673067129629632,46406.71000000001,0.06321901840490797,5938.150555555556,-0.0,0.1292851094397049,0.09372727441980393,0.43471924620001867,4.419344649290834,509354.20999999996,528595.2,0.9635997640538545,0.8723163011817194,Exceeding (>=120%),1.0,6.0,109391.26,0.0,0.0,109391.26,CP2024,90720.0,T3 Accelerator,0.015,90720.0,1360.8,1,0.012731236652339658,6 150%+
50,202410,20241001,5,64,0,KSA SME,SA,SME,62899.2,33141.4,39823.72,-6682.32,43100.0,3276.2799999999997,16591.4,8.0,11479.900000000001,8092.5,REP-042,Shahd Shawky,2024,0.5268970034595035,-29757.799999999996,0.07601577726218096,4977.965,0.1677974835098278,0.28826789662040614,0.20320803782268457,0.5006245964262223,-0.6899390017711275,542495.61,591494.4,0.917161024685948,0.892361613845989,Below Target (<80%),8.0,54.0,41846.845,0.0,-6682.32,41846.845,CP2024,94348.79999999999,T0 Below Gate,0.0,41846.845,0.0,0,0.0,1 <60%
50,202411,20241101,5,65,0,KSA SME,SA,SME,65318.4,100567.02,100567.02,0.0,108000.0,7432.98,48875.02,17.0,8760.48,15599.580000000002,REP-042,Shahd Shawky,2024,1.5396430408583186,35248.62,0.06882388888888888,5915.707058823529,-0.0,0.0871108639790659,0.15511625978377405,0.4859945139072431,2.034483154000736,643062.63,656812.8,0.9790653135870677,1.2750301540666125,Exceeding (>=120%),2.0,13.0,104466.91500000001,0.0,0.0,104466.91500000001,CP2024,97977.6,T3 Accelerator,0.015,97977.6,1469.664,1,0.0146137769618708,6 150%+
50,202412,20241201,5,66,0,KSA SME,SA,SME,68947.2,98214.24,98214.24,0.0,106750.0,8535.76,45809.74,18.0,24175.33,17953.68,REP-042,Shahd Shawky,2024,1.424484823169034,29267.040000000008,0.07996028103044496,5456.346666666667,-0.0,0.24614892911659247,0.1828011905401905,0.46642666073677297,-0.02339514484967337,741276.87,725760.0,1.0213801669973546,1.1762883638458794,Exceeding (>=120%),5.0,19.0,102702.66,0.0,0.0,102702.66,CP2024,103420.79999999999,T3 Accelerator,0.015,102702.66,1540.5399,0,0.015685504464525712,5 120-149%
50,202501,20250101,5,67,0,KSA SME,SA,SME,61205.76,31746.78,31746.78,0.0,34550.0,2803.2200000000003,12707.279999999999,6.0,20850.059999999998,0.0,REP-042,Shahd Shawky,2025,0.5186894174665914,-29458.980000000003,0.08113516642547033,5291.13,-0.0,0.6567614101335632,0.0,0.40026988563879545,-0.676759907728248,31746.78,61205.76,0.5186894174665914,1.179344329522238,Below Target (<80%),10.0,58.0,31746.78,0.0,0.0,31746.78,CP2025,91808.64,T0 Below Gate,0.0,31746.78,0.0,0,0.0,1 <60%
50,202502,20250201,5,68,0,KSA SME,SA,SME,66074.4,64315.36,67534.48,-3219.12,72400.0,4865.52,31399.36,12.0,25706.579999999998,20883.42,REP-042,Shahd Shawky,2025,0.9733778891673629,-1759.0399999999936,0.06720331491712708,5627.873333333333,0.04766631800526191,0.38064378373832153,0.30922604275623355,0.48820934843558367,1.025886089864862,96062.14,127280.16,0.7547298809178116,0.9900575536459341,Near Target (80-99%),8.0,33.0,72755.335,-3219.12,0.0,69536.21500000001,CP2025,99111.59999999999,T1 Approaching,0.005,69536.21500000001,347.6810750000001,0,0.005405879326493703,3 80-99%
50,202503,20250301,5,69,0,KSA SME,SA,SME,69552.0,131253.35,131253.35,0.0,142150.0,10896.65,59514.85,22.0,15246.96,38864.22,REP-042,Shahd Shawky,2025,1.8871254600874168,61701.350000000006,0.07665599718607105,5966.061363636364,-0.0,0.11616434932898854,0.2961007852371006,0.45343490280438553,1.0407776618213753,227315.49,196832.16,1.1548696615431135,1.1548696615431135,Exceeding (>=120%),1.0,3.0,140969.405,0.0,0.0,140969.405,CP2025,104328.0,T3 Accelerator,0.015,104328.0,1564.9199999999998,1,0.011922895682281632,6 150%+
50,202504,20250401,5,70,0,KSA SME,SA,SME,69552.0,92745.01,92745.01,0.0,99600.0,6854.99,44231.01,19.0,30827.03,21475.44,REP-042,Shahd Shawky,2025,1.3334628766965724,23193.009999999995,0.06882520080321285,4881.316315789473,-0.0,0.3323847827500369,0.23155358978342877,0.4769098628594682,-0.29338938777562634,320060.5,266384.16000000003,1.201499743828612,1.4051855360993166,Exceeding (>=120%),4.0,17.0,98113.87,0.0,0.0,98113.87,CP2025,104328.0,T3 Accelerator,0.015,98113.87,1471.70805,0,0.015868325961687857,5 120-149%
50,202505,20250501,5,71,0,KSA SME,SA,SME,69552.0,102709.83,102709.83,0.0,110600.0,7890.17,51189.83,20.0,32695.68,22832.58,REP-042,Shahd Shawky,2025,1.4767343857832989,33157.83,0.07133969258589512,5135.4915,-0.0,0.31833058237950546,0.2223017991559328,0.49839270496309845,0.10744319290062082,422770.33,335936.16000000003,1.258484141748837,1.5657742408557629,Exceeding (>=120%),2.0,10.0,108417.975,0.0,0.0,108417.975,CP2025,104328.0,T3 Accelerator,0.015,104328.0,1564.9199999999998,1,0.015236321586745882,5 120-149%
50,202506,20250601,5,72,0,KSA SME,SA,SME,72334.08,106712.53,106712.53,0.0,114900.0,8187.47,51197.53,19.0,30604.14,20959.08,REP-042,Shahd Shawky,2025,1.4752732045530959,34378.45,0.07125735422106179,5616.448947368421,-0.0,0.2867905015465382,0.1964069261594679,0.47977055740314656,0.038970953413125085,529482.86,408270.24,1.2968931068794043,1.429105722110227,Exceeding (>=120%),5.0,11.0,111952.3,0.0,0.0,111952.3,CP2025,108501.12,T3 Accelerator,0.015,108501.12,1627.5167999999999,1,0.015251412369287842,5 120-149%
50,202507,20250701,5,73,0,KSA SME,SA,SME,66074.4,52736.32,52736.32,0.0,56750.0,4013.68,20671.82,10.0,14039.220000000001,5758.8,REP-042,Shahd Shawky,2025,0.7981354352063735,-13338.079999999994,0.07072563876651983,5273.632,-0.0,0.26621539007651657,0.10919988349585258,0.3919844994872604,-0.5058094864773612,582219.18,474344.64,1.2274180646375599,1.2606177866102253,Below Target (<80%),6.0,42.0,54176.020000000004,0.0,0.0,54176.020000000004,CP2025,99111.59999999999,T0 Below Gate,0.0,54176.020000000004,0.0,0,0.0,2 60-79%
50,202508,20250801,5,74,0,KSA SME,SA,SME,63987.84,47707.78,47707.78,0.0,51400.0,3692.2200000000003,23371.78,9.0,2670.0,11017.8,REP-042,Shahd Shawky,2025,0.7455757218871586,-16280.059999999998,0.07183307392996109,5300.864444444444,-0.0,0.055965714606716135,0.23094346456699513,0.4898945203486727,-0.09535250089501886,629926.96,538332.48,1.1701448145948763,1.0235197458135603,Below Target (<80%),6.0,39.0,50462.229999999996,0.0,0.0,50462.229999999996,CP2025,95981.76,T0 Below Gate,0.0,50462.229999999996,0.0,0,0.0,2 60-79%
50,202509,20250901,5,75,0,KSA SME,SA,SME,,127853.43000000001,127853.43000000001,0.0,137550.0,9696.57,57725.93,22.0,0.0,34566.42,REP-042,Shahd Shawky,2025,,,0.0704948745910578,5811.519545454546,-0.0,0.0,0.2703597392733226,0.45150083185097184,1.6799283051946665,757780.39,,,1.7552944651729818,No Target,,,136495.035,0.0,0.0,136495.035,CP2025,,No Target,0.0,0.0,0.0,0,0.0,No Target
51,202401,20240101,5,8,0,KSA SME,SA,SME,53222.4,75088.16,75088.16,0.0,79850.0,4761.84,34000.66,13.0,14274.46,17395.2,REP-043,Mariam Al-Mutairi,2024,1.410837542087542,21865.760000000002,0.05963481527864747,5776.012307692308,-0.0,0.19010267397682934,0.23166368705798623,0.4528098704243119,,75088.16,53222.4,1.410837542087542,1.410837542087542,Exceeding (>=120%),2.0,12.0,79436.95999999999,0.0,0.0,79436.95999999999,CP2024,79833.6,T3 Accelerator,0.015,79436.95999999999,1191.5543999999998,0,0.015868738826467443,5 120-149%
51,202402,20240201,5,9,0,KSA SME,SA,SME,57456.0,82312.01000000001,102064.41,-19752.399999999998,108000.0,5935.59,36781.01,19.0,28243.0,25748.699999999997,REP-043,Mariam Al-Mutairi,2024,1.4326094750765805,24856.01000000001,0.05495916666666667,5371.8110526315795,0.1935287726642421,0.27671741795205596,0.25227892857069373,0.44684864335107355,0.0962049143300356,157400.17,110678.4,1.4221399116720157,1.4221399116720157,Exceeding (>=120%),4.0,20.0,108501.585,-20868.399999999998,0.0,87633.18500000001,CP2024,86184.0,T3 Accelerator,0.015,86184.0,1292.76,1,0.015705606022742,5 120-149%
51,202403,20240301,5,10,0,KSA SME,SA,SME,60480.0,65334.5,65334.5,0.0,69250.0,3915.5,32008.0,13.0,8934.96,13121.64,REP-043,Mariam Al-Mutairi,2024,1.0802662037037036,4854.5,0.05654151624548737,5025.7307692307695,-0.0,0.13675714974477496,0.20083784218138961,0.4899096189608859,-0.2062579932138701,222734.67,171158.4,1.3013364812945203,1.3013364812945203,On Target (100-119%),5.0,25.0,68614.91,0.0,0.0,68614.91,CP2024,90720.0,T2 On Target,0.01,68614.91,686.1491000000001,0,0.010502094605453476,4 100-119%
51,202404,20240401,5,11,0,KSA SME,SA,SME,60480.0,120732.47,120732.47,0.0,128250.0,7517.53,55355.97,20.0,30104.95,27014.579999999998,REP-043,Mariam Al-Mutairi,2024,1.99623792989418,60252.47,0.058616218323586745,6036.6235,-0.0,0.24935255611021626,0.22375571376946068,0.45850109750922846,0.8479129709418455,343467.14,231638.4,1.4827728908505673,1.504231571159537,Exceeding (>=120%),1.0,2.0,127486.115,0.0,0.0,127486.115,CP2024,90720.0,T3 Accelerator,0.015,90720.0,1360.8,1,0.011271201525157233,6 150%+
51,202405,20240501,5,12,0,KSA SME,SA,SME,60480.0,71155.41,71155.41,0.0,74400.0,3244.59,38235.41,13.0,18039.5,26298.9,REP-043,Mariam Al-Mutairi,2024,1.1765114087301587,10675.410000000003,0.043610080645161295,5473.493076923077,-0.0,0.25352253609388237,0.3695980389966132,0.5373507088217185,-0.4106356806913666,414622.55000000005,292118.4,1.4193647164985157,1.4176718474426808,On Target (100-119%),5.0,20.0,77730.135,0.0,0.0,77730.135,CP2024,90720.0,T2 On Target,0.01,77730.135,777.30135,0,0.010923995097491531,4 100-119%
51,202406,20240601,5,13,0,KSA SME,SA,SME,62899.2,19691.63,19691.63,0.0,21050.0,1358.37,6862.13,6.0,8135.860000000001,2884.2,REP-043,Mariam Al-Mutairi,2024,0.3130664618945869,-43207.56999999999,0.06453064133016627,3281.9383333333335,-0.0,0.4131633592546681,0.14646832181998137,0.34847953165888246,-0.7232588498892775,434314.18,355017.6,1.2233595742858947,1.15076922993247,Below Target (<80%),10.0,64.0,20412.68,0.0,0.0,20412.68,CP2024,94348.79999999999,T0 Below Gate,0.0,20412.68,0.0,0,0.0,1 <60%
51,202407,20240701,5,14,0,KSA SME,SA,SME,57456.0,30051.12,40495.92,-10444.8,42600.0,2104.08,14871.119999999999,7.0,0.0,13730.4,REP-043,Mariam Al-Mutairi,2024,0.5230284043441938,-27404.88,0.04939154929577465,5785.131428571428,0.2579222795777945,0.0,0.33905637901299684,0.49486075726961254,0.5260859563174809,464365.30000000005,412473.6,1.1258061121972414,0.6685543522500044,Below Target (<80%),7.0,53.0,43928.52,-5862.0,-5755.2,38066.52,CP2024,86184.0,T0 Below Gate,0.0,38066.52,0.0,0,0.0,1 <60%
51,202408,20240801,5,15,0,KSA SME,SA,SME,55641.6,74856.56,87970.36,-13113.8,92650.0,4679.64,33903.06,16.0,31265.02,14073.6,REP-043,Mariam Al-Mutairi,2024,1.3453344260409479,19214.96,0.0505087965461414,5498.1475,0.14907066425555152,0.355404024719235,0.15998115728979626,0.45290699973389104,1.4909740468907648,539221.86,468115.2,1.1518999169435216,0.707963497063583,Exceeding (>=120%),1.0,9.0,91488.76,0.0,-13113.8,91488.76,CP2024,83462.4,T3 Accelerator,0.015,83462.4,1251.936,1,0.016724466098896343,5 120-149%
51,202409,20240901,5,16,0,KSA SME,SA,SME,60480.0,97543.76,97543.76,0.0,102500.0,4956.24,45333.76,16.0,15381.36,18807.18,REP-043,Mariam Al-Mutairi,2024,1.6128267195767194,37063.759999999995,0.048353560975609756,6096.485,-0.0,0.15768676540662366,0.19280761783224268,0.4647530503232601,0.3030756422683596,636765.62,528595.2,1.2046375373821028,1.166345427059713,Exceeding (>=120%),2.0,11.0,102245.555,0.0,0.0,102245.555,CP2024,90720.0,T3 Accelerator,0.015,90720.0,1360.8,1,0.013950661733769541,6 150%+
51,202410,20241001,5,17,0,KSA SME,SA,SME,62899.2,34967.02,34967.02,0.0,36800.0,1832.98,16814.02,7.0,16494.149999999998,4360.32,REP-043,Mariam Al-Mutairi,2024,0.555921537952788,-27932.18,0.049809239130434786,4995.288571428571,-0.0,0.4717059103120597,0.12469807264102002,0.4808536729752779,-0.6415247884641724,671732.64,591494.4,1.1356534229233615,1.158342159123409,Below Target (<80%),7.0,51.0,36057.1,0.0,0.0,36057.1,CP2024,94348.79999999999,T0 Below Gate,0.0,36057.1,0.0,0,0.0,1 <60%
51,202411,20241101,5,18,0,KSA SME,SA,SME,,93711.52,93711.52,0.0,98750.0,5038.48,39751.020000000004,18.0,9913.560000000001,14070.9,REP-043,Mariam Al-Mutairi,2024,,,0.051022582278481006,5206.195555555556,-0.0,0.1057880610622899,0.1501512300728875,0.424184988142333,1.679997323191968,765444.16,,,1.8335529813777363,No Target,,,97229.245,0.0,0.0,97229.245,CP2024,,No Target,0.0,0.0,0.0,0,0.0,No Target
51,202412,20241201,5,19,0,KSA SME,SA,SME,68947.2,116363.06,116363.06,0.0,122750.0,6386.94,58051.56,21.0,20109.809999999998,18727.08,REP-043,Mariam Al-Mutairi,2024,1.6877126264735913,47415.86,0.05203209775967413,5541.098095238095,-0.0,0.17281953568426267,0.16093664088929943,0.49888306478018024,0.24171563965668247,881807.22,660441.6,1.3351781898656898,1.858538420465026,Exceeding (>=120%),4.0,10.0,121044.83,0.0,0.0,121044.83,CP2024,103420.79999999999,T3 Accelerator,0.015,103420.79999999999,1551.3119999999997,1,0.013331653533346404,6 150%+
51,202501,20250101,5,20,0,KSA SME,SA,SME,61205.76,77532.68,77532.68,0.0,81600.0,4067.32,33205.68,15.0,13530.88,5546.4,REP-043,Mariam Al-Mutairi,2025,1.2667546322437626,16326.919999999991,0.049844607843137254,5168.845333333333,-0.0,0.17451840952744058,0.07153628637627385,0.42827979117966775,-0.3337002309839566,77532.68,61205.76,1.2667546322437626,2.2097634967349187,Exceeding (>=120%),3.0,18.0,78919.28,0.0,0.0,78919.28,CP2025,91808.64,T3 Accelerator,0.015,78919.28,1183.7892,0,0.015268261073911028,5 120-149%
51,202502,20250201,5,21,0,KSA SME,SA,SME,66074.4,36783.16,51777.7,-14994.54,54800.0,3022.3,19672.16,11.0,10456.5,8178.9,REP-043,Mariam Al-Mutairi,2025,0.5566930611553038,-29291.23999999999,0.0551514598540146,4707.063636363636,0.2895945551849542,0.20194987417363075,0.1579618252645444,0.5348143008920386,-0.5255786334227063,114315.84,127280.16,0.898143434137732,1.175569502642241,Below Target (<80%),9.0,54.0,53822.425,-9376.14,-5618.4,44446.285,CP2025,99111.59999999999,T0 Below Gate,0.0,44446.285,0.0,0,0.0,1 <60%
51,202503,20250301,5,22,0,KSA SME,SA,SME,69552.0,109321.09,109321.09,0.0,115350.0,6028.91,54135.590000000004,22.0,20258.1,21514.98,REP-043,Mariam Al-Mutairi,2025,1.5717893087186565,39769.09,0.05226623320329432,4969.140454545454,-0.0,0.18530825113434196,0.19680539226237134,0.4951980445859075,1.972041825661525,223636.93,196832.16,1.136180845650426,1.1361808456504263,Exceeding (>=120%),2.0,6.0,114699.83499999999,0.0,0.0,114699.83499999999,CP2025,104328.0,T3 Accelerator,0.015,104328.0,1564.9199999999998,1,0.014314895689386192,6 150%+
51,202504,20250401,5,23,0,KSA SME,SA,SME,69552.0,131609.24,131609.24,0.0,138600.0,6990.76,63314.24,23.0,22441.02,46148.04,REP-043,Mariam Al-Mutairi,2025,1.8922423510466988,62057.23999999999,0.05043838383838384,5722.140869565217,-0.0,0.17051249593113676,0.3506443772488923,0.48107746842091026,0.2038778610787726,355246.17,266384.16000000003,1.3335859384431865,1.353522056902676,Exceeding (>=120%),1.0,2.0,143146.25,0.0,0.0,143146.25,CP2025,104328.0,T3 Accelerator,0.015,104328.0,1564.9199999999998,1,0.011890654485961624,6 150%+
51,202505,20250501,5,24,0,KSA SME,SA,SME,69552.0,96245.16,103139.16,-6894.0,109950.0,6810.84,43640.659999999996,16.0,23549.3,16307.64,REP-043,Mariam Al-Mutairi,2025,1.3837870945479642,26693.160000000003,0.061944884038199186,6446.1975,0.0668417311135751,0.2283254973183803,0.15811298055946935,0.4534322557103131,-0.2687051456265532,451491.32999999996,335936.16000000003,1.3439795525435545,1.6159395847711064,Exceeding (>=120%),3.0,14.0,107216.06999999999,-6894.0,0.0,100322.06999999999,CP2025,104328.0,T3 Accelerator,0.015,100322.06999999999,1504.8310499999998,0,0.015635394548671327,5 120-149%
51,202506,20250601,5,25,0,KSA SME,SA,SME,72334.08,158815.38,158815.38,0.0,167250.0,8434.62,72331.88,28.0,40535.51,47725.74,REP-043,Mariam Al-Mutairi,2025,2.195581667728407,86481.3,0.05043121076233184,5671.977857142857,-0.0,0.2552366779590239,0.3005108195440517,0.4554463176047559,0.6501128991837096,610306.71,408270.24,1.494859654722813,1.8287613092211206,Exceeding (>=120%),2.0,2.0,170746.815,0.0,0.0,170746.815,CP2025,108501.12,T3 Accelerator,0.015,108501.12,1627.5167999999999,1,0.010247853828766458,6 150%+
51,202507,20250701,5,26,0,KSA SME,SA,SME,66074.4,73732.69,80550.49,-6817.8,84450.0,3899.51,30650.19,16.0,6256.63,13180.32,REP-043,Mariam Al-Mutairi,2025,1.115904041504728,7658.290000000008,0.04617537004144465,5034.405625,0.08464008102247422,0.07767339466215538,0.16362805490072127,0.4156933647748373,-0.5357333149975777,684039.4,474344.64,1.4420725825003524,1.5810370797374578,On Target (100-119%),3.0,24.0,83845.56999999999,0.0,-6817.8,83845.56999999999,CP2025,99111.59999999999,T2 On Target,0.01,83845.56999999999,838.4557,0,0.01137155988748003,4 100-119%
51,202508,20250801,5,27,0,KSA SME,SA,SME,63987.84,40593.21,40593.21,0.0,42950.0,2356.79,17610.71,10.0,4444.8,5757.9,REP-043,Mariam Al-Mutairi,2025,0.6343894402436463,-23394.629999999997,0.054872875436554135,4059.321,-0.0,0.10949614479860056,0.1418439192170316,0.4338338850265845,-0.4494543736299327,724632.61,538332.48,1.3460689015085994,1.3495367899969726,Below Target (<80%),7.0,45.0,42032.685,0.0,0.0,42032.685,CP2025,95981.76,T0 Below Gate,0.0,42032.685,0.0,0,0.0,2 60-79%
51,202509,20250901,5,28,0,KSA SME,SA,SME,69552.0,43664.340000000004,43664.340000000004,0.0,46200.0,2535.66,21404.34,10.0,12340.68,10190.82,REP-043,Mariam Al-Mutairi,2025,0.6277941683919945,-25887.659999999996,0.054884415584415584,4366.434,-0.0,0.2826260513728136,0.2333899928408399,0.4902018443425458,0.07565624891453533,768296.95,607884.48,1.2638864377652805,0.7914778023852407,Below Target (<80%),8.0,62.0,46212.045,0.0,0.0,46212.045,CP2025,104328.0,T0 Below Gate,0.0,46212.045,0.0,0,0.0,2 60-79%
51,202510,20251001,5,29,0,KSA SME,SA,SME,72334.08,141023.52,141023.52,0.0,149400.0,8376.48,67417.52,25.0,22092.24,14486.52,REP-043,Mariam Al-Mutairi,2025,1.9496137920050962,68689.43999999999,0.05606746987951807,5640.940799999999,-0.0,0.15665642156712584,0.10272414133472205,0.4780586954573252,2.2297183468248916,909320.47,680218.56,1.3368063200157312,1.0942671611829222,Exceeding (>=120%),2.0,2.0,144645.15,0.0,0.0,144645.15,CP2025,108501.12,T3 Accelerator,0.015,108501.12,1627.5167999999999,1,0.011540747245565846,6 150%+
51,202511,20251101,5,30,0,KSA SME,SA,SME,75116.16,81811.06,85979.62,-4168.56,90700.0,4720.38,44161.06,14.0,20949.72,22534.5,REP-043,Mariam Al-Mutairi,2025,1.0891272929819629,6694.899999999994,0.052043880926130104,6141.401428571428,0.04848311727825734,0.24365913689779045,0.26209117928178793,0.5397932748946169,-0.4198764858514381,991131.53,755334.72,1.3121752565538098,1.2280929450313511,On Target (100-119%),5.0,28.0,91613.245,0.0,-4168.56,91613.245,CP2025,112674.24,T2 On Target,0.01,91613.245,916.13245,0,0.011198149125558329,4 100-119%
51,202512,20251201,5,31,0,KSA SME,SA,SME,79289.28,135180.62,136842.92,-1662.3,144050.0,7207.08,61195.12,22.0,21377.28,25177.74,REP-043,Mariam Al-Mutairi,2025,1.704904118185964,55891.34,0.05003179451579313,6220.132727272728,0.012147504598703387,0.15621765451950306,0.183990081474438,0.4526915174675187,0.6523514057879216,1126312.15,834624.0,1.3494844984088643,1.578971323569883,Exceeding (>=120%),2.0,6.0,143137.355,0.0,-1662.3,143137.355,CP2025,118933.92,T3 Accelerator,0.015,118933.92,1784.0087999999998,1,0.013197223093073548,6 150%+
52,202401,20240101,5,70,0,KSA SME,SA,SME,53222.4,35251.8,35251.8,0.0,37800.0,2548.2,15961.8,5.0,12468.66,5798.1,REP-044,Maha Lotfy,2024,0.6623489357864358,-17970.6,0.06741269841269841,7050.360000000001,-0.0,0.3537027896447841,0.16447670757237928,0.4527938998859632,,35251.8,53222.4,0.6623489357864358,0.6623489357864358,Below Target (<80%),6.0,44.0,36701.325,0.0,0.0,36701.325,CP2024,79833.6,T0 Below Gate,0.0,36701.325,0.0,0,0.0,2 60-79%
52,202402,20240201,5,71,0,KSA SME,SA,SME,57456.0,99692.13,99692.13,0.0,105750.0,6057.87,44741.63,17.0,21270.78,15996.48,REP-044,Maha Lotfy,2024,1.7351039055973267,42236.130000000005,0.05728482269503546,5864.242941176471,-0.0,0.21336468585835208,0.16045880452148026,0.4487980144470782,1.828001123346893,134943.93,110678.4,1.2192435922456415,1.2192435922456415,Exceeding (>=120%),1.0,10.0,103691.25,0.0,0.0,103691.25,CP2024,86184.0,T3 Accelerator,0.015,86184.0,1292.76,1,0.012967523113409252,6 150%+
52,202403,20240301,5,72,0,KSA SME,SA,SME,60480.0,71512.24,71512.24,0.0,77100.0,5587.76,37738.24,11.0,42754.8,25000.5,REP-044,Maha Lotfy,2024,1.1824113756613757,11032.240000000005,0.07247418936446175,6501.112727272728,-0.0,0.5978668826483411,0.3495974954776972,0.5277172131651867,-0.2826691535229511,206456.17,171158.4,1.2062286747246995,1.2062286747246995,On Target (100-119%),2.0,17.0,77762.365,0.0,0.0,77762.365,CP2024,90720.0,T2 On Target,0.01,77762.365,777.6236500000001,0,0.010873993738694243,4 100-119%
52,202404,20240401,5,73,0,KSA SME,SA,SME,60480.0,39929.51,39929.51,0.0,42900.0,2970.49,16679.51,9.0,13564.220000000001,8392.8,REP-044,Maha Lotfy,2024,0.6602101521164021,-20550.489999999998,0.06924219114219114,4436.612222222222,-0.0,0.3397041436271069,0.21019040804658007,0.41772388391442816,-0.44164089951594304,246385.68000000002,231638.4,1.063665091798251,1.1833797417271994,Below Target (<80%),9.0,47.0,42027.71,0.0,0.0,42027.71,CP2024,90720.0,T0 Below Gate,0.0,42027.71,0.0,0,0.0,2 60-79%
52,202405,20240501,5,74,0,KSA SME,SA,SME,60480.0,110550.39,110550.39,0.0,117350.0,6799.61,45854.89,17.0,18054.600000000002,10263.96,REP-044,Maha Lotfy,2024,1.8278834325396824,50070.39,0.05794299105240733,6502.964117647059,-0.0,0.16331557039283173,0.09284417721185786,0.41478722960633607,1.7686387836965693,356936.07,292118.4,1.2218883507509284,1.2235016534391536,Exceeding (>=120%),1.0,7.0,113116.38,0.0,0.0,113116.38,CP2024,90720.0,T3 Accelerator,0.015,90720.0,1360.8,1,0.012309318854506077,6 150%+
52,202406,20240601,5,75,0,KSA SME,SA,SME,62899.2,100988.06,100988.06,0.0,107800.0,6811.94,48655.06,18.0,52577.41,20310.96,REP-044,Maha Lotfy,2024,1.6055539657102158,38088.86,0.06319053803339517,5610.447777777777,-0.0,0.5206299635818333,0.20112239011225683,0.48179022351751283,-0.08649747866108841,457924.13,355017.6,1.2898631786142434,1.3677202990114175,Exceeding (>=120%),2.0,7.0,106065.8,0.0,0.0,106065.8,CP2024,94348.79999999999,T3 Accelerator,0.015,94348.79999999999,1415.2319999999997,1,0.014013854707180232,6 150%+
52,202407,20240701,5,76,0,KSA SME,SA,SME,57456.0,62806.83,62806.83,0.0,66900.0,4093.17,30372.83,11.0,9404.4,10155.24,REP-044,Maha Lotfy,2024,1.0931291771094402,5350.830000000002,0.06118340807174888,5709.711818181819,-0.0,0.14973530744984262,0.16169005823092805,0.48359119541616735,-0.37807667559907576,520730.96,412473.6,1.262458882216947,1.517101095361965,On Target (100-119%),2.0,23.0,65345.64,0.0,0.0,65345.64,CP2024,86184.0,T2 On Target,0.01,65345.64,653.4564,0,0.01040422514557732,4 100-119%
52,202408,20240801,5,77,0,KSA SME,SA,SME,55641.6,37699.8,37699.8,0.0,39450.0,1750.2,20162.3,8.0,4558.8,13286.46,REP-044,Maha Lotfy,2024,0.6775470151828848,-17941.799999999996,0.044365019011406846,4712.475,-0.0,0.12092371842821446,0.3524278643388028,0.534811855765813,-0.39974999534286315,558430.76,468115.2,1.1929344742490737,1.1448770091274387,Below Target (<80%),4.0,41.0,41021.415,0.0,0.0,41021.415,CP2024,83462.4,T0 Below Gate,0.0,41021.415,0.0,0,0.0,2 60-79%
52,202409,20240901,5,78,0,KSA SME,SA,SME,60480.0,46773.49,46773.49,0.0,49950.0,3176.51,19297.99,8.0,12261.86,0.0,REP-044,Maha Lotfy,2024,0.7733711970899471,-13706.510000000002,0.0635937937937938,5846.68625,-0.0,0.2621540535033841,0.0,0.41258392307266367,0.24068270919209106,605204.25,528595.2,1.1449295226290364,0.8484972715373413,Below Target (<80%),7.0,44.0,46773.49,0.0,0.0,46773.49,CP2024,90720.0,T0 Below Gate,0.0,46773.49,0.0,0,0.0,2 60-79%
52,202410,20241001,5,79,0,KSA SME,SA,SME,62899.2,90176.45999999999,90176.45999999999,0.0,95850.0,5673.54,43089.96,16.0,11926.21,8762.400000000001,REP-044,Maha Lotfy,2024,1.4336662469474968,27277.259999999995,0.059191862284820033,5636.0287499999995,-0.0,0.13225413816421713,0.09716948303359882,0.477840447495943,0.9279395230075839,695380.71,591494.4,1.1756336323725127,0.9755835634741885,Exceeding (>=120%),2.0,13.0,92367.06,0.0,0.0,92367.06,CP2024,94348.79999999999,T3 Accelerator,0.015,92367.06,1385.5058999999999,0,0.015364385561375996,5 120-149%
52,202411,20241101,5,80,0,KSA SME,SA,SME,65318.4,78974.96,82118.87,-3143.91,87450.0,5331.13,34873.46,16.0,31402.92,4552.32,REP-044,Maha Lotfy,2024,1.2090767685675095,13656.560000000005,0.0609620354488279,5132.429375,0.03828486680345212,0.38240808720334313,0.05543573602510604,0.4415761654073645,-0.12421756187812193,774355.67,656812.8,1.1789594691211864,1.1442907064000813,Exceeding (>=120%),6.0,25.0,83256.95,0.0,-3143.91,83256.95,CP2024,97977.6,T3 Accelerator,0.015,83256.95,1248.8542499999999,0,0.01581329385921816,5 120-149%
52,202412,20241201,5,81,0,KSA SME,SA,SME,68947.2,135525.07,135525.07,0.0,145300.0,9774.93,63921.07,24.0,30619.38,19965.0,REP-044,Maha Lotfy,2024,1.965635587812123,66577.87000000001,0.06727412250516174,5646.877916666667,-0.0,0.22593148264007537,0.14731591726903367,0.4716549491544258,0.7160511382341946,909880.74,725760.0,1.2536937003968254,1.545288459197585,Exceeding (>=120%),1.0,5.0,140516.32,0.0,0.0,140516.32,CP2024,103420.79999999999,T3 Accelerator,0.015,103420.79999999999,1551.3119999999997,1,0.011446679201124925,6 150%+
52,202501,20250101,5,82,0,KSA SME,SA,SME,61205.76,51231.619999999995,51231.619999999995,0.0,54850.0,3618.38,24099.12,10.0,26088.52,14379.24,REP-044,Maha Lotfy,2025,0.8370391936968022,-9974.140000000007,0.0659686417502279,5123.161999999999,-0.0,0.5092269188442606,0.280671194859737,0.4703954315713616,-0.6219768047343566,51231.619999999995,61205.76,0.8370391936968022,1.3594403292635813,Near Target (80-99%),5.0,33.0,54826.43,0.0,0.0,54826.43,CP2025,91808.64,T0 Below Gate,0.0,54826.43,0.0,0,0.0,3 80-99%
52,202502,20250201,5,83,0,KSA SME,SA,SME,66074.4,102049.95,102049.95,0.0,107250.0,5200.05,44939.45,17.0,24806.48,16629.9,REP-044,Maha Lotfy,2025,1.544470324361629,35975.55,0.04848531468531469,6002.9382352941175,-0.0,0.24308174575293764,0.16295843359060933,0.4403671927325785,0.991932911744739,153281.57,127280.16,1.2042848626211657,1.4717959819670405,Exceeding (>=120%),4.0,9.0,106207.425,0.0,0.0,106207.425,CP2025,99111.59999999999,T3 Accelerator,0.015,99111.59999999999,1486.6739999999998,1,0.014568101209260756,6 150%+
52,202503,20250301,5,84,0,KSA SME,SA,SME,69552.0,106096.2,106096.2,0.0,112300.0,6203.8,46616.2,18.0,21977.07,18217.44,REP-044,Maha Lotfy,2025,1.5254227053140097,36544.2,0.055243098842386464,5894.233333333334,-0.0,0.20714285714285716,0.17170680948045264,0.4393767166024796,0.03964970095526749,259377.77,196832.16,1.3177611321239373,1.3177611321239373,Exceeding (>=120%),3.0,7.0,110650.56,0.0,0.0,110650.56,CP2025,104328.0,T3 Accelerator,0.015,104328.0,1564.9199999999998,1,0.014750009896678674,6 150%+
52,202504,20250401,5,85,0,KSA SME,SA,SME,69552.0,110089.73999999999,114238.94,-4149.2,121150.0,6911.0599999999995,54390.24,21.0,24422.870000000003,29723.34,REP-044,Maha Lotfy,2025,1.582840752242926,40537.73999999999,0.05704548080891456,5439.949523809524,0.03632036501739249,0.2137876104242564,0.2601857125074865,0.49405366930651307,0.03764074490886567,369467.51,266384.16000000003,1.3869725211889474,1.551020429051011,Exceeding (>=120%),2.0,8.0,121669.775,-4149.2,0.0,117520.575,CP2025,104328.0,T3 Accelerator,0.015,104328.0,1564.9199999999998,1,0.014214948640990523,6 150%+
52,202505,20250501,5,86,0,KSA SME,SA,SME,69552.0,142750.71,142750.71,0.0,150950.0,8199.289999999999,64342.21,22.0,19206.64,19301.52,REP-044,Maha Lotfy,2025,2.0524314182194616,73198.70999999999,0.05431791984100695,6488.668636363636,-0.0,0.13454672134380277,0.13521137653185755,0.45073127832428994,0.2966758755175551,512218.22,335936.16000000003,1.5247486903464036,1.7202316252587988,Exceeding (>=120%),1.0,1.0,147576.09,0.0,0.0,147576.09,CP2025,104328.0,T3 Accelerator,0.015,104328.0,1564.9199999999998,1,0.01096260747144445,6 150%+
52,202506,20250601,5,87,0,KSA SME,SA,SME,72334.08,191023.77,191023.77,0.0,204250.0,13226.23,87644.27,32.0,36819.54,34808.16,REP-044,Maha Lotfy,2025,2.6408543524712003,118689.68999999999,0.06475510403916769,5969.4928125,-0.0,0.19274847313504492,0.18221899819064405,0.45881342410947085,0.3381633618494787,703241.99,408270.24,1.7224914311657886,2.0992633871817223,Exceeding (>=120%),1.0,1.0,199725.81,0.0,0.0,199725.81,CP2025,108501.12,T3 Accelerator,0.015,108501.12,1627.5167999999999,1,0.008519970053988569,6 150%+
52,202507,20250701,5,88,0,KSA SME,SA,SME,66074.4,92988.16,92988.16,0.0,98300.0,5311.84,43134.159999999996,17.0,20473.5,21770.4,REP-044,Maha Lotfy,2025,1.4073250759749618,26913.76000000001,0.05403702950152594,5469.891764705882,-0.0,0.2201731919418558,0.2341201288422096,0.4638672278277148,-0.5132115757112321,796230.1499999999,474344.64,1.6785899594016702,2.0521333668781683,Exceeding (>=120%),2.0,9.0,98430.76,0.0,0.0,98430.76,CP2025,99111.59999999999,T3 Accelerator,0.015,98430.76,1476.4614,0,0.015877950483158286,5 120-149%
52,202508,20250801,5,89,0,KSA SME,SA,SME,63987.84,33607.33,33607.33,0.0,35650.0,2042.67,13823.83,8.0,4369.44,7212.24,REP-044,Maha Lotfy,2025,0.5252143219711746,-30380.509999999995,0.057297896213183735,4200.91625,-0.0,0.1300144938619045,0.21460318329364456,0.4113337774824718,-0.6385848477913747,829837.48,538332.48,1.5414962143840922,1.5692936511889146,Below Target (<80%),8.0,56.0,35410.39,0.0,0.0,35410.39,CP2025,95981.76,T0 Below Gate,0.0,35410.39,0.0,0,0.0,1 <60%
52,202509,20250901,5,90,0,KSA SME,SA,SME,69552.0,149037.92,149037.92,0.0,157800.0,8762.08,64575.92,25.0,18025.95,10249.92,REP-044,Maha Lotfy,2025,2.1428272371750636,79485.92000000001,0.05552648922686945,5961.5168,-0.0,0.12094874915055175,0.0687739066675112,0.4332851666206828,3.434684933316631,978875.3999999999,607884.48,1.610298390904798,1.3808303956671628,Exceeding (>=120%),1.0,1.0,151600.4,0.0,0.0,151600.4,CP2025,104328.0,T3 Accelerator,0.015,104328.0,1564.9199999999998,1,0.010500146539887296,6 150%+
52,202510,20251001,5,91,0,KSA SME,SA,SME,72334.08,157978.12,165348.1,-7369.98,175450.0,10101.9,69053.62,29.0,40325.92,40612.5,REP-044,Maha Lotfy,2025,2.1840067641698075,85644.04,0.05757708748931319,5701.658620689655,0.04457251096323453,0.24388499172352146,0.2456181836985124,0.4371087591117048,0.059986076026825805,1136853.52,680218.56,1.6713062342785823,1.6545241378801163,Exceeding (>=120%),1.0,1.0,175501.225,-9212.474999999999,0.0,166288.75,CP2025,108501.12,T3 Accelerator,0.015,108501.12,1627.5167999999999,1,0.010302165894872024,6 150%+
52,202511,20251101,5,92,0,KSA SME,SA,SME,75116.16,126307.51,126307.51,0.0,134150.0,7842.490000000001,58470.01,22.0,18857.04,28257.120000000003,REP-044,Maha Lotfy,2025,1.681495832587821,51191.34999999999,0.05846060380171451,5741.250454545454,-0.0,0.14929468564458281,0.22371686370826252,0.46291792150759686,-0.20047466066819888,1263161.03,755334.72,1.6723195644971809,1.9968621061238812,Exceeding (>=120%),2.0,7.0,133371.79,0.0,0.0,133371.79,CP2025,112674.24,T3 Accelerator,0.015,112674.24,1690.1136,1,0.013380943065063985,6 150%+
52,202512,20251201,5,93,0,KSA SME,SA,SME,79289.28,147229.29,147229.29,0.0,156700.0,9470.71,63368.29,24.0,15282.98,23274.0,REP-044,Maha Lotfy,2025,1.8568624913733611,67940.01000000001,0.060438481174218246,6134.55375,-0.0,0.10380393738229668,0.15807995813876435,0.43040545804438773,0.16564161545105285,1410390.3199999998,834624.0,1.6898511425504177,1.903130605551251,Exceeding (>=120%),1.0,3.0,153047.79,0.0,0.0,153047.79,CP2025,118933.92,T3 Accelerator,0.015,118933.92,1784.0087999999998,1,0.0121172139049234,6 150%+
53,202401,20240101,5,11,0,KSA SME,SA,SME,53222.4,41507.65,41507.65,0.0,46400.0,4892.35,16962.65,8.0,19559.36,12319.439999999999,REP-045,Mahmoud Farouk,2024,0.7798906099687349,-11714.75,0.10543857758620691,5188.45625,-0.0,0.4712230155164169,0.2967992647138539,0.40866322232166846,,41507.65,53222.4,0.7798906099687349,0.7798906099687349,Below Target (<80%),5.0,39.0,44587.51,0.0,0.0,44587.51,CP2024,79833.6,T0 Below Gate,0.0,44587.51,0.0,0,0.0,2 60-79%
53,202402,20240201,5,12,0,KSA SME,SA,SME,57456.0,98255.66,98255.66,0.0,109300.0,11044.34,48830.659999999996,15.0,18619.52,34436.16,REP-045,Mahmoud Farouk,2024,1.71010268727374,40799.66,0.10104611161939615,6550.377333333334,-0.0,0.18950073715855148,0.3504750769573987,0.4969755431900818,1.3671699072339678,139763.31,110678.4,1.2627875899904588,1.2627875899904588,Exceeding (>=120%),2.0,12.0,106864.7,0.0,0.0,106864.7,CP2024,86184.0,T3 Accelerator,0.015,86184.0,1292.76,1,0.013157104639060996,6 150%+
53,202403,20240301,5,13,0,KSA SME,SA,SME,60480.0,69700.51,69700.51,0.0,77000.0,7299.49,25650.510000000002,14.0,11657.82,7064.1,REP-045,Mahmoud Farouk,2024,1.1524555224867723,9220.509999999995,0.09479857142857143,4978.607857142857,-0.0,0.16725587804163844,0.10134933015554694,0.3680103631953339,-0.29062091690188646,209463.82,171158.4,1.2238009936994036,1.2238009936994036,On Target (100-119%),3.0,18.0,71466.535,0.0,0.0,71466.535,CP2024,90720.0,T2 On Target,0.01,71466.535,714.6653500000001,0,0.01025337332538887,4 100-119%
53,202404,20240401,5,14,0,KSA SME,SA,SME,60480.0,80579.5,80579.5,0.0,90050.0,9470.5,30862.0,16.0,25996.47,5527.5,REP-045,Mahmoud Farouk,2024,1.3323330026455027,20099.5,0.1051693503609106,5036.21875,-0.0,0.3226189043118908,0.06859685155653733,0.3830006391203718,0.15608192823840178,290043.32,231638.4,1.2521383328498212,1.3930122298448568,Exceeding (>=120%),5.0,17.0,81961.375,0.0,0.0,81961.375,CP2024,90720.0,T3 Accelerator,0.015,81961.375,1229.420625,0,0.015257238193337014,5 120-149%
53,202405,20240501,5,15,0,KSA SME,SA,SME,60480.0,54723.98,54723.98,0.0,60850.0,6126.02,18266.48,12.0,10217.52,2687.1,REP-045,Mahmoud Farouk,2024,0.9048277116402117,-5756.019999999997,0.10067411668036155,4560.331666666667,-0.0,0.18671010405310431,0.04910278821094518,0.33379297339118974,-0.3208697001098294,344767.3,292118.4,1.1802313719368585,1.1298720789241623,Near Target (80-99%),7.0,38.0,55395.755,0.0,0.0,55395.755,CP2024,90720.0,T1 Approaching,0.005,55395.755,276.978775,0,0.005061378485263681,3 80-99%
53,202406,20240601,5,16,0,KSA SME,SA,SME,62899.2,52492.43,52492.43,0.0,57150.0,4657.57,23819.93,11.0,6264.72,9999.6,REP-045,Mahmoud Farouk,2024,0.8345484521265771,-10406.769999999997,0.08149728783902012,4772.039090909091,-0.0,0.11934520844243637,0.1904960391431679,0.45377838290206796,-0.040778284035627575,397259.73,355017.6,1.118986016467916,1.0214115475320242,Near Target (80-99%),8.0,48.0,54992.33,0.0,0.0,54992.33,CP2024,94348.79999999999,T1 Approaching,0.005,54992.33,274.96165,0,0.0052381200489289605,3 80-99%
53,202407,20240701,5,17,0,KSA SME,SA,SME,57456.0,76866.22,76866.22,0.0,85050.0,8183.780000000001,26734.72,12.0,15156.79,8055.6,REP-045,Mahmoud Farouk,2024,1.3378275549986076,19410.22,0.09622316284538507,6405.518333333333,-0.0,0.19718401659402532,0.10480026206570325,0.34780843912969833,0.46432961857547844,474125.95,412473.6,1.149469808491986,1.017957952876431,Exceeding (>=120%),1.0,13.0,78880.12,0.0,0.0,78880.12,CP2024,86184.0,T3 Accelerator,0.015,78880.12,1183.2017999999998,0,0.015393000982746385,5 120-149%
53,202408,20240801,5,18,0,KSA SME,SA,SME,55641.6,35676.78,35676.78,0.0,39600.0,3923.22,17816.78,6.0,0.0,6897.96,REP-045,Mahmoud Farouk,2024,0.6411889665286404,-19964.82,0.09907121212121212,5946.13,-0.0,0.0,0.19334592415571136,0.4993942839011816,-0.535858794669492,509802.73,468115.2,1.08905399781934,0.9377183562428408,Below Target (<80%),6.0,45.0,37401.27,0.0,0.0,37401.27,CP2024,83462.4,T0 Below Gate,0.0,37401.27,0.0,0,0.0,2 60-79%
53,202409,20240901,5,19,0,KSA SME,SA,SME,60480.0,78002.34,84580.26,-6577.92,94650.0,10069.74,29276.84,13.0,26928.02,4308.48,REP-045,Mahmoud Farouk,2024,1.2897212301587302,17522.339999999997,0.10638922345483359,6506.173846153846,0.07777133813492652,0.3183723956393608,0.050939545468410716,0.3753328425788252,1.1863615494447648,587805.07,528595.2,1.1120136353867762,1.0977530510849327,Exceeding (>=120%),4.0,23.0,85657.38,0.0,-6577.92,85657.38,CP2024,90720.0,T3 Accelerator,0.015,85657.38,1284.8607,0,0.01647207891455564,5 120-149%
53,202410,20241001,5,20,0,KSA SME,SA,SME,62899.2,35792.1,47648.22,-11856.119999999999,52200.0,4551.78,17702.1,10.0,4249.32,2753.7,REP-045,Mahmoud Farouk,2024,0.5690390338827839,-27107.1,0.08719885057471263,4764.822,0.24882608416431923,0.08918108588316624,0.05779229528406307,0.49458120646734893,-0.5411406888562574,623597.17,591494.4,1.0542740049609938,0.834937727906478,Below Target (<80%),6.0,50.0,48336.645000000004,-12891.96,0.0,35444.685000000005,CP2024,94348.79999999999,T0 Below Gate,0.0,35444.685000000005,0.0,0,0.0,1 <60%
53,202411,20241101,5,21,0,KSA SME,SA,SME,65318.4,87517.36,87517.36,0.0,97800.0,10282.64,40748.36,18.0,29439.66,20304.78,REP-045,Mahmoud Farouk,2024,1.3398576817558299,22198.96,0.10513946830265848,4862.075555555555,-0.0,0.3363865180576745,0.23200859806557234,0.4656031671887726,1.4451585685109285,711114.53,656812.8,1.082674591603574,1.0668487569529235,Exceeding (>=120%),5.0,19.0,92593.555,0.0,0.0,92593.555,CP2024,97977.6,T3 Accelerator,0.015,92593.555,1388.9033249999998,0,0.015870032242745892,5 120-149%
53,202412,20241201,5,22,0,KSA SME,SA,SME,68947.2,122644.29000000001,122644.29000000001,0.0,137200.0,14555.71,54994.29,22.0,22553.54,12183.42,REP-045,Mahmoud Farouk,2024,1.778814658173211,53697.09000000001,0.10609118075801749,5574.740454545455,-0.0,0.18389392608494043,0.09933948005243456,0.4484048136280947,0.40137099656571,833758.8200000001,725760.0,1.1488078979276897,1.2474526386048626,Exceeding (>=120%),3.0,9.0,125690.145,0.0,0.0,125690.145,CP2024,103420.79999999999,T3 Accelerator,0.015,103420.79999999999,1551.3119999999997,1,0.012648872605483709,6 150%+
53,202501,20250101,5,23,0,KSA SME,SA,SME,61205.76,46066.369999999995,46066.369999999995,0.0,51350.0,5283.63,16729.87,10.0,6506.6900000000005,12007.68,REP-045,Mahmoud Farouk,2025,0.7526476266286047,-15139.390000000007,0.10289444985394353,4606.637,-0.0,0.14124598921078438,0.26066043406502404,0.363168836615518,-0.6243904220897688,46066.369999999995,61205.76,0.7526476266286047,1.3108212886020745,Below Target (<80%),7.0,43.0,49068.29,0.0,0.0,49068.29,CP2025,91808.64,T0 Below Gate,0.0,49068.29,0.0,0,0.0,2 60-79%
53,202502,20250201,5,24,0,KSA SME,SA,SME,66074.4,76351.41,76351.41,0.0,85100.0,8748.59,37333.41,13.0,23957.4,23794.32,REP-045,Mahmoud Farouk,2025,1.1555369401765285,10277.01000000001,0.102803642773208,5873.1853846153845,-0.0,0.3137780952571799,0.31164218185361603,0.4889681801554156,0.6574218893305466,122417.78,127280.16,0.9617978167217891,1.2488679967971847,On Target (100-119%),6.0,23.0,82299.99,0.0,0.0,82299.99,CP2025,99111.59999999999,T2 On Target,0.01,82299.99,822.9999,0,0.01077910545463404,4 100-119%
53,202503,20250301,5,25,0,KSA SME,SA,SME,69552.0,50396.54,52617.74,-2221.2,58400.0,5782.26,22581.54,8.0,0.0,15943.199999999999,REP-045,Mahmoud Farouk,2025,0.7245879342074995,-19155.46,0.09901130136986301,6577.2175,0.04221389972279311,0.0,0.30300047094383,0.4480771894260995,-0.3399396291437185,172814.32,196832.16,0.8779780702503087,0.8779780702503087,Below Target (<80%),9.0,31.0,56603.54,0.0,-2221.2,56603.54,CP2025,104328.0,T0 Below Gate,0.0,56603.54,0.0,0,0.0,2 60-79%
53,202504,20250401,5,26,0,KSA SME,SA,SME,69552.0,45745.04,45745.04,0.0,51200.0,5454.96,21493.04,10.0,5860.650000000001,5278.8,REP-045,Mahmoud Farouk,2025,0.6577099148838279,-23806.96,0.1065421875,4574.504,-0.0,0.12811552902784654,0.11539611726211192,0.46984416233978593,-0.09229800299782485,218559.36,266384.16000000003,0.8204668025306008,0.8406976075454337,Below Target (<80%),8.0,46.0,47064.740000000005,0.0,0.0,47064.740000000005,CP2025,104328.0,T0 Below Gate,0.0,47064.740000000005,0.0,0,0.0,2 60-79%
53,202505,20250501,5,27,0,KSA SME,SA,SME,69552.0,57740.61,57740.61,0.0,63850.0,6109.39,26683.11,12.0,0.0,12559.140000000001,REP-045,Mahmoud Farouk,2025,0.8301790027605245,-11811.39,0.09568347689898199,4811.7175,-0.0,0.0,0.21750965221877638,0.462120334371251,0.2622266807505251,276299.97,335936.16000000003,0.8224776100316201,0.7374922839506173,Near Target (80-99%),7.0,47.0,60880.395,0.0,0.0,60880.395,CP2025,104328.0,T0 Below Gate,0.0,60880.395,0.0,0,0.0,3 80-99%
53,202506,20250601,5,28,0,KSA SME,SA,SME,72334.08,73302.09,73302.09,0.0,81850.0,8547.91,28458.59,12.0,18285.42,16153.5,REP-045,Mahmoud Farouk,2025,1.0133824885862928,968.0099999999948,0.1044338423946243,6108.5075,-0.0,0.24945291464404357,0.22036888716269892,0.3882370884650083,0.2695066782287197,349602.06,408270.24,0.8563006208828741,0.8361206268993739,On Target (100-119%),7.0,34.0,77340.465,0.0,0.0,77340.465,CP2025,108501.12,T2 On Target,0.01,77340.465,773.40465,0,0.010550922217906747,4 100-119%
53,202507,20250701,5,29,0,KSA SME,SA,SME,66074.4,20992.09,20992.09,0.0,23500.0,2507.91,8634.09,5.0,3599.9900000000002,7819.5,REP-045,Mahmoud Farouk,2025,0.3177038308331215,-45082.31,0.1067195744680851,4198.418,-0.0,0.17149269081830348,0.37249745023006287,0.4113020666355756,-0.7136222173201338,370594.15,474344.64,0.7812761413304892,0.7310753947096104,Below Target (<80%),9.0,70.0,22946.965,0.0,0.0,22946.965,CP2025,99111.59999999999,T0 Below Gate,0.0,22946.965,0.0,0,0.0,1 <60%
53,202508,20250801,5,30,0,KSA SME,SA,SME,63987.84,56074.93,56074.93,0.0,61900.0,5825.07,23185.93,10.0,17071.96,5604.6,REP-045,Mahmoud Farouk,2025,0.8763372853342135,-7912.909999999996,0.09410452342487884,5607.493,-0.0,0.3044490648494791,0.0999484083172284,0.41348121165733065,1.6712409293214727,426669.08,538332.48,0.7925753987572884,0.7429438934462839,Near Target (80-99%),3.0,26.0,57476.08,0.0,0.0,57476.08,CP2025,95981.76,T1 Approaching,0.005,57476.08,287.3804,0,0.0051249355103965355,3 80-99%
53,202509,20250901,5,31,0,KSA SME,SA,SME,69552.0,117980.33,117980.33,0.0,131000.0,13019.67,48428.33,22.0,41205.66,20573.1,REP-045,Mahmoud Farouk,2025,1.6962895387623649,48428.33,0.09938679389312977,5362.742272727272,-0.0,0.3492587281286635,0.1743773729061446,0.4104780008667547,1.1039764115621722,544649.41,607884.48,0.895975185943224,0.9771214217983648,Exceeding (>=120%),2.0,7.0,123123.605,0.0,0.0,123123.605,CP2025,104328.0,T3 Accelerator,0.015,104328.0,1564.9199999999998,1,0.01326424498049802,6 150%+
53,202510,20251001,5,32,0,KSA SME,SA,SME,72334.08,70701.67,70701.67,0.0,79300.0,8598.33,33320.67,13.0,34793.12,21848.34,REP-045,Mahmoud Farouk,2025,0.9774323527720267,-1632.4100000000035,0.10842786885245902,5438.59,-0.0,0.49211171391001096,0.3090215549363968,0.47128547317199154,-0.4007334103913763,615351.08,680218.56,0.9046372977532396,1.1888680703218748,Near Target (80-99%),6.0,32.0,76163.755,0.0,0.0,76163.755,CP2025,108501.12,T1 Approaching,0.005,76163.755,380.818775,0,0.0053862769436704965,3 80-99%
53,202511,20251101,5,33,0,KSA SME,SA,SME,75116.16,160373.43,160373.43,0.0,178750.0,18376.57,62211.93,24.0,27043.27,27935.52,REP-045,Mahmoud Farouk,2025,2.135005703166935,85257.26999999999,0.10280598601398601,6682.22625,-0.0,0.16862687291778944,0.17419045037572622,0.38791918337096115,1.2683117668932007,775724.51,755334.72,1.026994376744657,1.6085337644440905,Exceeding (>=120%),1.0,3.0,167357.31,0.0,0.0,167357.31,CP2025,112674.24,T3 Accelerator,0.015,112674.24,1690.1136,1,0.010538613534673419,6 150%+
53,202512,20251201,5,34,0,KSA SME,SA,SME,79289.28,82796.48999999999,82796.48999999999,0.0,92500.0,9703.51,24156.489999999998,12.0,9655.8,20036.1,REP-045,Mahmoud Farouk,2025,1.0442330917874396,3507.209999999992,0.1049028108108108,6899.7074999999995,-0.0,0.11662088574044625,0.24199214242053016,0.2917574162866083,-0.4837268866794207,858521.0,834624.0,1.0286320546737213,1.3842826782027233,On Target (100-119%),6.0,33.0,87805.515,0.0,0.0,87805.515,CP2025,118933.92,T2 On Target,0.01,87805.515,878.05515,0,0.010604980356051327,4 100-119%
54,202401,20240101,5,8,0,KSA SME,SA,SME,53222.4,43386.44,43386.44,0.0,46700.0,3313.56,20574.44,10.0,10277.279999999999,8151.299999999999,REP-046,Hassan Al-Maamari,2024,0.8151913480038481,-9835.96,0.07095417558886509,4338.644,-0.0,0.2368776972713133,0.1878766729881502,0.4742136022222611,,43386.44,53222.4,0.8151913480038481,0.8151913480038481,Near Target (80-99%),4.0,36.0,45424.265,0.0,0.0,45424.265,CP2024,79833.6,T1 Approaching,0.005,45424.265,227.121325,0,0.0052348458412351875,3 80-99%
54,202402,20240201,5,9,0,KSA SME,SA,SME,57456.0,38207.09,45029.81,-6822.72,48700.0,3670.19,18369.09,9.0,18807.65,13755.3,REP-046,Hassan Al-Maamari,2024,0.664979984683932,-19248.910000000003,0.07536324435318276,5003.312222222222,0.15151562931311505,0.41767109388203066,0.3054709757824872,0.48077699714895855,-0.11937716023716179,81593.53,110678.4,0.7372127714170064,0.7372127714170064,Below Target (<80%),10.0,57.0,48468.635,-6822.72,0.0,41645.915,CP2024,86184.0,T0 Below Gate,0.0,41645.915,0.0,0,0.0,2 60-79%
54,202403,20240301,5,10,0,KSA SME,SA,SME,60480.0,98754.97,98754.97,0.0,105900.0,7145.03,43464.97,17.0,21798.84,16142.76,REP-046,Hassan Al-Maamari,2024,1.63285333994709,38274.97,0.0674695939565628,5809.115882352941,-0.0,0.22073663735607432,0.16346276040588134,0.4401294436118,1.584728907645152,180348.5,171158.4,1.0536935376820535,1.0536935376820535,Exceeding (>=120%),1.0,7.0,102790.66,0.0,0.0,102790.66,CP2024,90720.0,T3 Accelerator,0.015,90720.0,1360.8,1,0.013779559651529437,6 150%+
54,202404,20240401,5,11,0,KSA SME,SA,SME,60480.0,94724.72,99718.22,-4993.5,107150.0,7431.78,41795.22,17.0,24354.45,23018.76,REP-046,Hassan Al-Maamari,2024,1.5662156084656085,34244.72,0.06935865608959403,5865.777647058823,0.05007610444711107,0.2442326988989575,0.230838055472711,0.4412282242692298,-0.04081060426629667,275073.22,231638.4,1.18751131073259,1.2985762487669268,Exceeding (>=120%),2.0,8.0,105472.91,0.0,-4993.5,105472.91,CP2024,90720.0,T3 Accelerator,0.015,90720.0,1360.8,1,0.01436583818880647,6 150%+
54,202405,20240501,5,12,0,KSA SME,SA,SME,60480.0,35531.05,43461.85,-7930.8,47050.0,3588.15,14973.55,11.0,14755.380000000001,5304.0,REP-046,Hassan Al-Maamari,2024,0.5874842923280423,-24948.949999999997,0.0762624867162593,3951.0772727272724,0.18247727604784428,0.3395018849864882,0.12203806326698012,0.42142154538073034,-0.6249020319088829,310604.27,292118.4,1.0632821143755409,1.262184413580247,Below Target (<80%),9.0,55.0,44787.85,-7930.8,0.0,36857.049999999996,CP2024,90720.0,T0 Below Gate,0.0,36857.049999999996,0.0,0,0.0,1 <60%
54,202406,20240601,5,13,0,KSA SME,SA,SME,62899.2,101820.38,112793.63,-10973.25,120900.0,8106.37,46419.38,20.0,29058.07,28703.82,REP-046,Hassan Al-Maamari,2024,1.6187865664428165,38921.18000000001,0.06705020678246484,5639.681500000001,0.09728607900995827,0.2576215518553663,0.2544808603109945,0.45589478255728366,1.8656732632444015,412424.65,355017.6,1.1617019832256206,1.2622493190441382,Exceeding (>=120%),1.0,6.0,119969.585,-10973.25,0.0,108996.335,CP2024,94348.79999999999,T3 Accelerator,0.015,94348.79999999999,1415.2319999999997,1,0.013899299924042707,6 150%+
54,202407,20240701,5,14,0,KSA SME,SA,SME,57456.0,30394.87,30394.87,0.0,32750.0,2355.13,12077.369999999999,7.0,8995.38,2825.1,REP-046,Hassan Al-Maamari,2024,0.5290112433862434,-27061.13,0.07191236641221374,4342.124285714285,-0.0,0.2959505995584123,0.09294660579235904,0.39734896053182656,-0.7014854000741306,442819.52,412473.6,1.0735705751834785,0.9276197333262551,Below Target (<80%),6.0,51.0,31101.145,0.0,0.0,31101.145,CP2024,86184.0,T0 Below Gate,0.0,31101.145,0.0,0,0.0,1 <60%
54,202408,20240801,5,15,0,KSA SME,SA,SME,55641.6,20650.38,30321.24,-9670.86,32400.0,2078.7599999999998,7930.38,5.0,0.0,8892.96,REP-046,Hassan Al-Maamari,2024,0.37113203071083506,-34991.22,0.06415925925925925,6064.2480000000005,0.3189467185378962,0.0,0.29329143531069307,0.38403070548822826,-0.32059653487578654,463469.9,468115.2,0.9900765879851797,0.8685705081001474,Below Target (<80%),9.0,60.0,32544.48,-11510.294999999998,0.0,21034.185,CP2024,83462.4,T0 Below Gate,0.0,21034.185,0.0,0,0.0,1 <60%
54,202409,20240901,5,16,0,KSA SME,SA,SME,60480.0,76673.38,76673.38,0.0,82600.0,5926.62,32098.38,13.0,18794.56,14334.9,REP-046,Hassan Al-Maamari,2024,1.2677476851851852,16193.380000000005,0.07175084745762712,5897.952307692308,-0.0,0.24512497036129097,0.1869605852774457,0.418637863623594,2.7129282850969325,540143.28,528595.2,1.0218467364062331,0.7358013361171027,Exceeding (>=120%),5.0,25.0,80257.105,0.0,0.0,80257.105,CP2024,90720.0,T3 Accelerator,0.015,80257.105,1203.8565749999998,0,0.015701102194790418,5 120-149%
54,202410,20241001,5,17,0,KSA SME,SA,SME,62899.2,69578.63,69578.63,0.0,74450.0,4871.37,30842.13,12.0,6637.68,2811.0,REP-046,Hassan Al-Maamari,2024,1.1061926065832317,6679.430000000008,0.06543143049026191,5798.219166666667,-0.0,0.09539825661988457,0.04040033556280139,0.44327015349396787,-0.0925321147965565,609721.91,591494.4,1.0308160313943802,0.9323072514478766,On Target (100-119%),5.0,26.0,70281.38,0.0,0.0,70281.38,CP2024,94348.79999999999,T2 On Target,0.01,70281.38,702.8138,0,0.010101000838907003,4 100-119%
54,202411,20241101,5,18,0,KSA SME,SA,SME,65318.4,39577.58,39577.58,0.0,43000.0,3422.42,18687.58,8.0,16485.96,8903.52,REP-046,Hassan Al-Maamari,2024,0.605917781207133,-25740.82,0.07959116279069768,4947.1975,-0.0,0.416547954675349,0.2249637294650153,0.47217591373701984,-0.43118195917338414,649299.49,656812.8,0.9885609567901233,0.9848010255562339,Below Target (<80%),8.0,52.0,41803.46,0.0,0.0,41803.46,CP2024,97977.6,T0 Below Gate,0.0,41803.46,0.0,0,0.0,2 60-79%
54,202412,20241201,5,19,0,KSA SME,SA,SME,68947.2,45700.11,45700.11,0.0,49500.0,3799.8900000000003,24127.11,8.0,20228.9,8127.0,REP-046,Hassan Al-Maamari,2024,0.662827642021721,-23247.089999999997,0.07676545454545455,5712.51375,-0.0,0.44264444877703796,0.1778332699855646,0.5279442434602455,0.15469692689649034,694999.6,725760.0,0.9576162918871252,0.785415652286818,Below Target (<80%),9.0,59.0,47731.86,0.0,0.0,47731.86,CP2024,103420.79999999999,T0 Below Gate,0.0,47731.86,0.0,0,0.0,2 60-79%
54,202501,20250101,5,20,0,KSA SME,SA,SME,61205.76,51032.19,51032.19,0.0,54350.0,3317.81,21200.69,11.0,22610.670000000002,7407.54,REP-046,Hassan Al-Maamari,2025,0.8337808402346446,-10173.57,0.061045262189512416,4639.29,-0.0,0.4430668172382961,0.14515426439664847,0.4154375894900845,0.11667543032172137,51032.19,61205.76,0.8337808402346446,0.6973393953978732,Near Target (80-99%),6.0,34.0,52884.075,0.0,0.0,52884.075,CP2025,91808.64,T0 Below Gate,0.0,52884.075,0.0,0,0.0,3 80-99%
54,202502,20250201,5,21,0,KSA SME,SA,SME,66074.4,74093.08,74093.08,0.0,79450.0,5356.92,33000.58,15.0,16975.02,5651.1,REP-046,Hassan Al-Maamari,2025,1.1213583475597206,8018.680000000008,0.06742504719949655,4939.538666666666,-0.0,0.22910398649914404,0.07627028057141098,0.4453935509227043,0.45188909196332744,125125.27,127280.16,0.9830697101574982,0.8705482252831614,On Target (100-119%),7.0,27.0,75505.855,0.0,0.0,75505.855,CP2025,99111.59999999999,T2 On Target,0.01,75505.855,755.05855,0,0.010190675701428526,4 100-119%
54,202503,20250301,5,22,0,KSA SME,SA,SME,69552.0,56287.72,56287.72,0.0,59900.0,3612.2799999999997,23578.72,12.0,11566.05,5600.4,REP-046,Hassan Al-Maamari,2025,0.8092897400506096,-13264.279999999999,0.06030517529215358,4690.643333333333,-0.0,0.20548087575762528,0.09949594689569945,0.41889634186639646,-0.24031070108031682,181412.99,196832.16,0.9216633602964068,0.9216633602964068,Near Target (80-99%),7.0,26.0,57687.82,0.0,0.0,57687.82,CP2025,104328.0,T0 Below Gate,0.0,57687.82,0.0,0,0.0,3 80-99%
54,202504,20250401,5,23,0,KSA SME,SA,SME,69552.0,34818.73,40886.47,-6067.74,44350.0,3463.5299999999997,13623.230000000001,10.0,11870.369999999999,10209.119999999999,REP-046,Hassan Al-Maamari,2025,0.500614360478491,-34733.27,0.07809537767756482,4088.647,0.14840459447832008,0.2903251368973648,0.24969433653724565,0.3912615422791124,-0.38141516479971116,216231.72,266384.16000000003,0.81172889559199,0.8051506883765542,Below Target (<80%),10.0,56.0,43438.75,0.0,-6067.74,43438.75,CP2025,104328.0,T0 Below Gate,0.0,43438.75,0.0,0,0.0,1 <60%
54,202505,20250501,5,24,0,KSA SME,SA,SME,69552.0,54269.04,58223.4,-3954.36,63100.0,4876.6,25930.04,11.0,8863.61,12551.04,REP-046,Hassan Al-Maamari,2025,0.7802657004830919,-15282.96,0.07728367670364501,5293.036363636364,0.06791702305258711,0.15223449678308035,0.21556693700470947,0.47780539327764043,0.558616296458831,270500.76,335936.16000000003,0.8052147765218248,0.6967232670040641,Below Target (<80%),8.0,48.0,61361.16,0.0,-3954.36,61361.16,CP2025,104328.0,T0 Below Gate,0.0,61361.16,0.0,0,0.0,2 60-79%
54,202506,20250601,5,25,0,KSA SME,SA,SME,72334.08,57797.84,57797.84,0.0,61600.0,3802.16,22387.84,9.0,12335.58,4604.64,REP-046,Hassan Al-Maamari,2025,0.7990402311054484,-14536.240000000005,0.06172337662337662,6421.982222222222,-0.0,0.21342631489342856,0.07966802911665904,0.38734734723650577,0.06502418321753979,328298.6,408270.24,0.8041208195826371,0.6946979938523845,Below Target (<80%),9.0,52.0,58948.99999999999,0.0,0.0,58948.99999999999,CP2025,108501.12,T0 Below Gate,0.0,58948.99999999999,0.0,0,0.0,2 60-79%
54,202507,20250701,5,26,0,KSA SME,SA,SME,66074.4,32871.44,32871.44,0.0,34350.0,1478.56,15898.94,5.0,16325.66,8735.400000000001,REP-046,Hassan Al-Maamari,2025,0.4974913128231207,-33202.95999999999,0.04304395924308588,6574.2880000000005,-0.0,0.49665180472775144,0.26574436653824723,0.4836703229307873,-0.4312687117719277,361170.04000000004,474344.64,0.7614084982598307,0.6969512668945562,Below Target (<80%),8.0,62.0,35055.29,0.0,0.0,35055.29,CP2025,99111.59999999999,T0 Below Gate,0.0,35055.29,0.0,0,0.0,1 <60%
54,202508,20250801,5,27,0,KSA SME,SA,SME,63987.84,18955.9,18955.9,0.0,20300.0,1344.1,8925.9,4.0,0.0,0.0,REP-046,Hassan Al-Maamari,2025,0.2962422235224693,-45031.939999999995,0.06621182266009852,4738.975,-0.0,0.0,0.0,0.47087714115394147,-0.4233322300452916,380125.94,538332.48,0.706117416508103,0.5416362313306882,Below Target (<80%),10.0,70.0,18955.9,0.0,0.0,18955.9,CP2025,95981.76,T0 Below Gate,0.0,18955.9,0.0,0,0.0,1 <60%
54,202509,20250901,5,28,0,KSA SME,SA,SME,69552.0,54703.0,54703.0,0.0,58750.0,4047.0,26036.5,12.0,25671.87,10333.08,REP-046,Hassan Al-Maamari,2025,0.7865050609615827,-14849.0,0.06888510638297872,4558.583333333333,-0.0,0.46929546825585433,0.1888942105551798,0.4759610990256476,1.8858033646516386,434828.94,607884.48,0.7153150874982036,0.5336810640363132,Below Target (<80%),5.0,52.0,57286.27,0.0,0.0,57286.27,CP2025,104328.0,T0 Below Gate,0.0,57286.27,0.0,0,0.0,2 60-79%
54,202510,20251001,5,29,0,KSA SME,SA,SME,72334.08,34936.95,34936.95,0.0,37800.0,2863.05,17188.95,8.0,4256.64,5499.0,REP-046,Hassan Al-Maamari,2025,0.4829943230079099,-37397.130000000005,0.0757420634920635,4367.11875,-0.0,0.12183776775019,0.15739782665630517,0.4919991584840692,-0.36133393049741336,469765.89,680218.56,0.6906102209266386,0.5274871630170543,Below Target (<80%),9.0,67.0,36311.7,0.0,0.0,36311.7,CP2025,108501.12,T0 Below Gate,0.0,36311.7,0.0,0,0.0,1 <60%
54,202511,20251101,5,30,0,KSA SME,SA,SME,75116.16,65705.15,68774.51,-3069.3599999999997,72900.0,4125.49,27021.15,12.0,7803.0,10224.36,REP-046,Hassan Al-Maamari,2025,0.8747139097632253,-9411.01000000001,0.05659108367626886,5731.2091666666665,0.04462932560333763,0.113457733104896,0.14866496322547412,0.4112485855370546,0.8806779069151714,535471.04,755334.72,0.7089188750650838,0.7158686472545169,Near Target (80-99%),6.0,45.0,71330.6,0.0,-3069.3599999999997,71330.6,CP2025,112674.24,T1 Approaching,0.005,71330.6,356.653,0,0.0054280828823920204,3 80-99%
54,202512,20251201,5,31,0,KSA SME,SA,SME,79289.28,60867.009999999995,60867.009999999995,0.0,65100.0,4232.99,28603.01,13.0,11768.869999999999,18418.2,REP-046,Hassan Al-Maamari,2025,0.7676574941782798,-18422.270000000004,0.06502288786482334,4682.077692307692,-0.0,0.19335383814647705,0.30259741689299346,0.46992631969272025,-0.07363410630673546,596338.05,834624.0,0.7144990438808374,0.712311245961886,Below Target (<80%),9.0,51.0,65471.56,0.0,0.0,65471.56,CP2025,118933.92,T0 Below Gate,0.0,65471.56,0.0,0,0.0,2 60-79%
55,202401,20240101,5,12,0,KSA SME,SA,SME,53222.4,66540.22,66540.22,0.0,69100.0,2559.78,27450.22,11.0,22554.05,2816.1,REP-047,Rashid Al-Rawahi,2024,1.2502296025733526,13317.82,0.03704457308248915,6049.110909090909,-0.0,0.3389536433753901,0.04232177170439172,0.4125357565694854,,66540.22,53222.4,1.2502296025733526,1.2502296025733526,Exceeding (>=120%),3.0,19.0,67244.245,0.0,0.0,67244.245,CP2024,79833.6,T3 Accelerator,0.015,67244.245,1008.6636749999999,0,0.015158706643891467,5 120-149%
55,202402,20240201,5,13,0,KSA SME,SA,SME,57456.0,46322.7,46322.7,0.0,47700.0,1377.3,25247.7,9.0,2266.56,22779.6,REP-047,Rashid Al-Rawahi,2024,0.8062291144527987,-11133.300000000003,0.028874213836477987,5146.966666666666,-0.0,0.04892979036196077,0.49175890006411543,0.5450394730877086,-0.30383909160504735,112862.92,110678.4,1.019737545898748,1.019737545898748,Near Target (80-99%),7.0,49.0,52017.6,0.0,0.0,52017.6,CP2024,86184.0,T1 Approaching,0.005,52017.6,260.088,0,0.005614698625080145,3 80-99%
55,202403,20240301,5,14,0,KSA SME,SA,SME,60480.0,66178.8,66178.8,0.0,68400.0,2221.2,36298.8,10.0,4496.16,36300.96,REP-047,Rashid Al-Rawahi,2024,1.0942261904761905,5698.800000000003,0.032473684210526314,6617.88,-0.0,0.06793958186005185,0.5485285317956807,0.5484958929445684,0.42864729387535716,179041.72,171158.4,1.046058621721166,1.046058621721166,On Target (100-119%),4.0,23.0,75254.04,0.0,0.0,75254.04,CP2024,90720.0,T2 On Target,0.01,75254.04,752.5404,0,0.011371321329489202,4 100-119%
55,202404,20240401,5,15,0,KSA SME,SA,SME,60480.0,53903.34,53903.34,0.0,55800.0,1896.66,22903.34,10.0,9555.42,4642.08,REP-047,Rashid Al-Rawahi,2024,0.8912589285714285,-6576.6600000000035,0.03399032258064516,5390.334,-0.0,0.1772695346893161,0.0861185967325958,0.42489649064417906,-0.18548931077626077,232945.06,231638.4,1.0056409472695373,0.9326789077212806,Near Target (80-99%),7.0,36.0,55063.86,0.0,0.0,55063.86,CP2024,90720.0,T1 Approaching,0.005,55063.86,275.3193,0,0.0051076482459157455,3 80-99%
55,202405,20240501,5,16,0,KSA SME,SA,SME,60480.0,74322.19,74322.19,0.0,77300.0,2977.81,30720.190000000002,13.0,29252.5,13276.14,REP-047,Rashid Al-Rawahi,2024,1.228872189153439,13842.190000000002,0.03852276843467012,5717.091538461538,-0.0,0.39359039339395135,0.1786295586822724,0.41333806229337433,0.3788049126454874,307267.25,292118.4,1.0518585956927053,1.0714524360670195,Exceeding (>=120%),4.0,18.0,77641.225,0.0,0.0,77641.225,CP2024,90720.0,T3 Accelerator,0.015,77641.225,1164.618375,0,0.01566986084505852,5 120-149%
55,202406,20240601,5,17,0,KSA SME,SA,SME,62899.2,76110.39,76110.39,0.0,78600.0,2489.61,31890.39,13.0,6742.5599999999995,13350.3,REP-047,Rashid Al-Rawahi,2024,1.2100374885531135,13211.190000000002,0.031674427480916034,5854.6453846153845,-0.0,0.08858921889639508,0.17540706334575346,0.4190017946301418,0.024060109100660206,383377.64,355017.6,1.07988347619949,1.111371745335561,Exceeding (>=120%),3.0,22.0,79447.965,0.0,0.0,79447.965,CP2024,94348.79999999999,T3 Accelerator,0.015,79447.965,1191.7194749999999,0,0.015657776487546574,5 120-149%
55,202407,20240701,5,18,0,KSA SME,SA,SME,57456.0,40812.03,43187.31,-2375.28,45000.0,1812.69,20772.03,7.0,16268.31,0.0,REP-047,Rashid Al-Rawahi,2024,0.7103179824561403,-16643.97,0.040282,6169.615714285714,0.054999489433354386,0.3766919032465787,0.0,0.5089683115493152,-0.46377846703978265,424189.67,412473.6,1.0284044118217506,1.0575629634053545,Below Target (<80%),4.0,43.0,43187.31,0.0,-2375.28,43187.31,CP2024,86184.0,T0 Below Gate,0.0,43187.31,0.0,0,0.0,2 60-79%
55,202408,20240801,5,19,0,KSA SME,SA,SME,55641.6,47510.96,47510.96,0.0,49600.0,2089.04,21480.96,8.0,18167.04,11739.779999999999,REP-047,Rashid Al-Rawahi,2024,0.8538747987117552,-8130.639999999999,0.04211774193548387,5938.87,-0.0,0.3823757718219123,0.247096248949716,0.45212641462096326,0.16414106330902925,471700.63,468115.2,1.0076592898500198,0.9342975554100984,Near Target (80-99%),2.0,32.0,50445.905,0.0,0.0,50445.905,CP2024,83462.4,T1 Approaching,0.005,50445.905,252.229525,0,0.005308870311187145,3 80-99%
55,202409,20240901,5,20,0,KSA SME,SA,SME,60480.0,43003.6,43003.6,0.0,44550.0,1546.4,24036.1,9.0,5505.6,8825.1,REP-047,Rashid Al-Rawahi,2024,0.7110383597883597,-17476.4,0.03471156004489338,4778.177777777778,-0.0,0.12802649080542094,0.20521770270395967,0.5589322754374052,-0.09486989949266444,514704.23,528595.2,0.9737209683326674,0.7565871978872851,Below Target (<80%),8.0,49.0,45209.875,0.0,0.0,45209.875,CP2024,90720.0,T0 Below Gate,0.0,45209.875,0.0,0,0.0,2 60-79%
55,202410,20241001,5,21,0,KSA SME,SA,SME,62899.2,72206.92,72206.92,0.0,75400.0,3193.08,31167.92,15.0,20555.64,7254.48,REP-047,Rashid Al-Rawahi,2024,1.1479783526658527,9307.720000000001,0.042348541114058356,4813.794666666667,-0.0,0.28467687030550537,0.10046793299035604,0.4316472714803512,0.679090122687403,586911.15,591494.4,0.9922514059304703,0.9089529261404261,On Target (100-119%),4.0,23.0,74020.54000000001,0.0,0.0,74020.54000000001,CP2024,94348.79999999999,T2 On Target,0.01,74020.54000000001,740.2054,0,0.010251169832475891,4 100-119%
55,202411,20241101,5,22,0,KSA SME,SA,SME,65318.4,120020.18,120020.18,0.0,124200.0,4179.82,56761.18,23.0,22579.86,16442.64,REP-047,Rashid Al-Rawahi,2024,1.837463563100137,54701.77999999999,0.033653945249597424,5218.268695652174,-0.0,0.1881338621555142,0.13699896134133444,0.4729303022208432,0.6621700523994098,706931.33,656812.8,1.0763056536048017,1.2466014406118573,Exceeding (>=120%),1.0,7.0,124130.84,0.0,0.0,124130.84,CP2024,97977.6,T3 Accelerator,0.015,97977.6,1469.664,1,0.012245140775492921,6 150%+
55,202412,20241201,5,23,0,KSA SME,SA,SME,68947.2,77712.47,77712.47,0.0,80950.0,3237.53,33350.97,16.0,25714.49,0.0,REP-047,Rashid Al-Rawahi,2024,1.1271301807760141,8765.270000000004,0.03999419394688079,4857.029375,-0.0,0.33089271258525177,0.0,0.4291585378768684,-0.35250497041414197,784643.8,725760.0,1.0811339836860672,1.3691063009218685,On Target (100-119%),7.0,33.0,77712.47,0.0,0.0,77712.47,CP2024,103420.79999999999,T2 On Target,0.01,77712.47,777.1247000000001,0,0.01,4 100-119%
55,202501,20250101,5,24,0,KSA SME,SA,SME,61205.76,43399.17,43399.17,0.0,45200.0,1800.83,19739.17,10.0,11395.8,0.0,REP-047,Rashid Al-Rawahi,2025,0.7090700287031808,-17806.590000000004,0.03984137168141593,4339.9169999999995,-0.0,0.26258105857784836,0.0,0.45482828358238186,-0.44154174999198975,43399.17,61205.76,0.7090700287031808,1.233591560420923,Below Target (<80%),9.0,47.0,43399.17,0.0,0.0,43399.17,CP2025,91808.64,T0 Below Gate,0.0,43399.17,0.0,0,0.0,2 60-79%
55,202502,20250201,5,25,0,KSA SME,SA,SME,66074.4,82240.06,82240.06,0.0,85800.0,3559.94,33992.06,12.0,19344.1,2903.4,REP-047,Rashid Al-Rawahi,2025,1.2446584456309857,16165.660000000003,0.041491142191142194,6853.338333333333,-0.0,0.23521505212909619,0.03530396257006622,0.4133272762690105,0.8949684982454734,125639.23,127280.16,0.98710773147991,1.0363065578622677,Exceeding (>=120%),5.0,19.0,82965.91,0.0,0.0,82965.91,CP2025,99111.59999999999,T3 Accelerator,0.015,82965.91,1244.48865,0,0.01513238985963775,5 120-149%
55,202503,20250301,5,26,0,KSA SME,SA,SME,69552.0,52011.67,52011.67,0.0,53350.0,1338.33,26809.17,10.0,10445.04,7531.38,REP-047,Rashid Al-Rawahi,2025,0.7478098401196227,-17540.33,0.02508584817244611,5201.1669999999995,-0.0,0.20082108496035603,0.14480173391856097,0.5154452837219031,-0.3675628398131032,177650.9,196832.16,0.9025501726953562,0.9025501726953562,Below Target (<80%),8.0,28.0,53894.515,0.0,0.0,53894.515,CP2025,104328.0,T0 Below Gate,0.0,53894.515,0.0,0,0.0,2 60-79%
55,202504,20250401,5,27,0,KSA SME,SA,SME,69552.0,101358.8,101358.8,0.0,104750.0,3391.2,45554.3,16.0,17481.68,13383.42,REP-047,Rashid Al-Rawahi,2025,1.457309638831378,31806.800000000003,0.032374224343675415,6334.925,-0.0,0.1724732337004779,0.13204003993733154,0.44943606277895953,0.9487703432710392,279009.7,266384.16000000003,1.0473959863078945,1.1483203397628599,Exceeding (>=120%),3.0,14.0,104704.655,0.0,0.0,104704.655,CP2025,104328.0,T3 Accelerator,0.015,104328.0,1564.9199999999998,1,0.015439409306345377,5 120-149%
55,202505,20250501,5,28,0,KSA SME,SA,SME,69552.0,76227.68000000001,76227.68000000001,0.0,78800.0,2572.32,38955.68,14.0,17966.420000000002,22588.620000000003,REP-047,Rashid Al-Rawahi,2025,1.095981136415919,6675.680000000008,0.03264365482233503,5444.834285714286,-0.0,0.23569417303530685,0.2963309391024363,0.5110437573332941,-0.24794216190404775,355237.38,335936.16000000003,1.0574550235973406,1.1003668717889732,On Target (100-119%),5.0,30.0,81874.835,0.0,0.0,81874.835,CP2025,104328.0,T2 On Target,0.01,81874.835,818.7483500000001,0,0.010740827347756091,4 100-119%
55,202506,20250601,5,29,0,KSA SME,SA,SME,72334.08,127789.99,127789.99,0.0,132450.0,4660.01,56705.49,23.0,34405.8,23361.059999999998,REP-047,Rashid Al-Rawahi,2025,1.766663652872892,55455.91,0.035183163457908645,5556.086521739131,-0.0,0.2692370505702364,0.1828082152600528,0.4437396857140375,0.6764250204125325,483027.37,408270.24,1.183106978358256,1.444283215208916,Exceeding (>=120%),3.0,5.0,133630.255,0.0,0.0,133630.255,CP2025,108501.12,T3 Accelerator,0.015,108501.12,1627.5167999999999,1,0.012735870782993252,6 150%+
55,202507,20250701,5,30,0,KSA SME,SA,SME,66074.4,118006.27,118006.27,0.0,123400.0,5393.73,57125.27,20.0,13692.72,24616.98,REP-047,Rashid Al-Rawahi,2025,1.7859605232888989,51931.87000000001,0.04370931928687196,5900.3135,-0.0,0.11603383447337162,0.20860739009884813,0.4840867353912635,-0.07656092625095284,601033.64,474344.64,1.267082178898448,1.5484862316147765,Exceeding (>=120%),1.0,2.0,124160.515,0.0,0.0,124160.515,CP2025,99111.59999999999,T3 Accelerator,0.015,99111.59999999999,1486.6739999999998,1,0.012598262787223083,6 150%+
55,202508,20250801,5,31,0,KSA SME,SA,SME,63987.84,65914.9,70598.26,-4683.36,72400.0,1801.74,33356.9,11.0,9116.48,19921.44,REP-047,Rashid Al-Rawahi,2025,1.0301160345465639,1927.0599999999977,0.024885911602209945,6418.023636363636,0.06633817887296373,0.12913179446632256,0.28218032569074647,0.5060600865661634,-0.44142883255271104,666948.54,538332.48,1.2389156604483536,1.5401029030567355,On Target (100-119%),1.0,13.0,75578.62,-4683.36,0.0,70895.26,CP2025,95981.76,T2 On Target,0.01,70895.26,708.9526,0,0.010755574232836582,4 100-119%
55,202509,20250901,5,32,0,KSA SME,SA,SME,69552.0,33554.37,33554.37,0.0,35100.0,1545.63,16299.37,7.0,24583.45,0.0,REP-047,Rashid Al-Rawahi,2025,0.48243573153899244,-35997.63,0.04403504273504274,4793.481428571429,-0.0,0.7326452560426555,0.0,0.4857599770164065,-0.49094408092859115,700502.91,607884.48,1.1523618928385868,1.089479087263514,Below Target (<80%),9.0,68.0,33554.37,0.0,0.0,33554.37,CP2025,104328.0,T0 Below Gate,0.0,33554.37,0.0,0,0.0,1 <60%
55,202510,20251001,5,33,0,KSA SME,SA,SME,72334.08,88751.83,88751.83,0.0,92050.0,3298.17,45571.33,16.0,23175.84,18112.14,REP-047,Rashid Al-Rawahi,2025,1.2269711593760506,16417.75,0.035830200977729494,5546.989375,-0.0,0.26113084090773114,0.20407624270958694,0.5134691870578894,1.645015537469486,789254.74,680218.56,1.1602958025726318,0.9142542192813933,Exceeding (>=120%),3.0,15.0,93279.865,0.0,0.0,93279.865,CP2025,108501.12,T3 Accelerator,0.015,93279.865,1399.197975,0,0.01576528591016095,5 120-149%
55,202511,20251101,5,34,0,KSA SME,SA,SME,75116.16,120472.74,120472.74,0.0,124450.0,3977.26,55594.24,22.0,17377.86,23937.78,REP-047,Rashid Al-Rawahi,2025,1.6038192048155817,45356.58,0.031958698272398556,5476.033636363637,-0.0,0.14424723800587586,0.19869872636747532,0.46146738257966075,0.3574113345043139,909727.48,755334.72,1.2044031022432016,1.1187854097727288,Exceeding (>=120%),3.0,8.0,126457.185,0.0,0.0,126457.185,CP2025,112674.24,T3 Accelerator,0.015,112674.24,1690.1136,1,0.014029012704450814,6 150%+
55,202512,20251201,5,35,0,KSA SME,SA,SME,79289.28,100006.61,106553.09,-6546.48,109600.0,3046.91,43510.61,19.0,16452.04,22873.8,REP-047,Rashid Al-Rawahi,2025,1.2612879067636886,20717.33,0.027800273722627736,5608.057368421052,0.06143866874250198,0.15440227965233108,0.2146704520722956,0.4350773413877343,-0.16988183384888567,1009734.0900000001,834624.0,1.209807158672648,1.3638168590989344,Exceeding (>=120%),4.0,26.0,112271.54,-6546.48,0.0,105725.06,CP2025,118933.92,T3 Accelerator,0.015,105725.06,1585.8759,0,0.01585771080531577,5 120-149%
56,202401,20240101,6,20,0,UAE Enterprise,AE,ENT,108908.8,30353.23,30353.23,0.0,36300.0,5946.77,13198.23,2.0,0.0,7864.32,REP-048,Nasser Gamal,2024,0.2787031901921608,-78555.57,0.1638228650137741,15176.615,-0.0,0.0,0.259093348549726,0.43482126943326954,,30353.23,108908.8,0.2787031901921608,0.2787031901921608,Below Target (<80%),9.0,64.0,32319.31,0.0,0.0,32319.31,CP2024,163363.2,T0 Below Gate,0.0,32319.31,0.0,0,0.0,1 <60%
56,202402,20240201,6,21,0,UAE Enterprise,AE,ENT,117572.0,178645.8,178645.8,0.0,213899.93,35254.13,71875.8,7.0,22804.32,56036.52,REP-048,Nasser Gamal,2024,1.519458714659953,61073.79999999999,0.16481599596596408,25520.82857142857,-0.0,0.12765102789990027,0.31367387310532907,0.4023369147217567,4.885561437777791,208999.03,226480.8,0.9228112493421077,0.9228112493421077,Exceeding (>=120%),2.0,16.0,192654.93,0.0,0.0,192654.93,CP2024,176358.0,T3 Accelerator,0.015,176358.0,2645.37,1,0.01480790480380731,6 150%+
56,202403,20240301,6,22,0,UAE Enterprise,AE,ENT,123760.0,76022.61,76022.61,0.0,91049.97,15027.36,27925.11,5.0,0.0,51357.18,REP-048,Nasser Gamal,2024,0.6142744828700711,-47737.39,0.16504519441357313,15204.522,-0.0,0.0,0.6755513918819678,0.36732637829719345,-0.5744506168071122,285021.64,350240.8,0.8137876569491619,0.8137876569491619,Below Target (<80%),6.0,55.0,88861.905,0.0,0.0,88861.905,CP2024,185640.0,T0 Below Gate,0.0,88861.905,0.0,0,0.0,2 60-79%
56,202404,20240401,6,23,0,UAE Enterprise,AE,ENT,123760.0,61850.2,61850.2,0.0,74300.0,12449.8,25688.2,3.0,0.0,29240.28,REP-048,Nasser Gamal,2024,0.4997592113768584,-61909.8,0.16756123822341856,20616.733333333334,-0.0,0.0,0.47275966771328143,0.4153292956207094,-0.18642361792103695,346871.83999999997,474000.8,0.7317958957031295,0.866955753618266,Below Target (<80%),5.0,54.0,69160.26999999999,0.0,0.0,69160.26999999999,CP2024,185640.0,T0 Below Gate,0.0,69160.26999999999,0.0,0,0.0,1 <60%
56,202405,20240501,6,24,0,UAE Enterprise,AE,ENT,123760.0,84125.04,84125.04,0.0,97700.0,13574.96,36015.04,3.0,0.0,30220.199999999997,REP-048,Nasser Gamal,2024,0.679743374272786,-39634.96000000001,0.13894534288638688,28041.679999999997,-0.0,0.0,0.35922954687450964,0.4281131991140807,0.360141761869808,430996.88,597760.8,0.7210189761523338,0.5979256895065718,Below Target (<80%),6.0,50.0,91680.09,0.0,0.0,91680.09,CP2024,185640.0,T0 Below Gate,0.0,91680.09,0.0,0,0.0,2 60-79%
56,202406,20240601,6,25,0,UAE Enterprise,AE,ENT,128710.4,199055.59,199055.59,0.0,234199.99,35144.4,83442.59,8.0,21121.019999999997,93934.68,REP-048,Nasser Gamal,2024,1.5465385081547411,70345.19,0.15006149231688695,24881.94875,-0.0,0.10610613849126266,0.47190174362850096,0.419192397460428,1.366187166151719,630052.47,726471.2,0.8672779733043787,0.9170732349113735,Exceeding (>=120%),3.0,9.0,222539.26,0.0,0.0,222539.26,CP2024,193065.59999999998,T3 Accelerator,0.015,193065.59999999998,2895.9839999999995,1,0.014548619307802406,6 150%+
56,202407,20240701,6,26,0,UAE Enterprise,AE,ENT,117572.0,41015.520000000004,41015.520000000004,0.0,50400.0,9384.48,16175.52,2.0,41015.520000000004,23191.2,REP-048,Nasser Gamal,2024,0.34885448916408673,-76556.48,0.1862,20507.760000000002,-0.0,1.0,0.5654249903451181,0.3943755924586595,-0.7939494188532963,671067.99,844043.2,0.7950635583581505,0.8761054138660868,Below Target (<80%),9.0,61.0,46813.32,0.0,0.0,46813.32,CP2024,176358.0,T0 Below Gate,0.0,46813.32,0.0,0,0.0,1 <60%
56,202408,20240801,6,27,0,UAE Enterprise,AE,ENT,113859.2,122273.43,122273.43,0.0,146699.96,24426.53,53833.43,6.0,0.0,70146.3,REP-048,Nasser Gamal,2024,1.0739003084511396,8414.229999999996,0.1665067257005387,20378.905,-0.0,0.0,0.5736839148128912,0.4402708748744515,1.9811503060304974,793341.4199999999,957902.4,0.8282069446741128,1.0061168718082,On Target (100-119%),3.0,19.0,139810.005,0.0,0.0,139810.005,CP2024,170788.8,T2 On Target,0.01,139810.005,1398.10005,0,0.011434209787032228,4 100-119%
56,202409,20240901,6,28,0,UAE Enterprise,AE,ENT,123760.0,140575.53,140575.53,0.0,167700.0,27124.469999999998,70780.53,7.0,27551.64,75661.14,REP-048,Nasser Gamal,2024,1.13587209114415,16815.53,0.16174400715563506,20082.21857142857,-0.0,0.19599172060742007,0.538224113400106,0.5035053397984699,0.14968174197779524,933916.95,1081662.4,0.86340890651279,0.8554955190331293,On Target (100-119%),2.0,28.0,159490.815,0.0,0.0,159490.815,CP2024,185640.0,T2 On Target,0.01,159490.815,1594.90815,0,0.011345560283500264,4 100-119%
56,202410,20241001,6,29,0,UAE Enterprise,AE,ENT,128710.4,11662.02,11662.02,0.0,13800.0,2137.98,5902.02,1.0,0.0,9145.32,REP-048,Nasser Gamal,2024,0.09060666426333848,-117048.37999999999,0.15492608695652174,11662.02,-0.0,0.0,0.7841969058533598,0.5060889965889271,-0.917040896093367,945578.97,1210372.8,0.7812295269688809,0.7493551708625238,Below Target (<80%),9.0,66.0,13948.35,0.0,0.0,13948.35,CP2024,193065.59999999998,T0 Below Gate,0.0,13948.35,0.0,0,0.0,1 <60%
56,202411,20241101,6,30,0,UAE Enterprise,AE,ENT,133660.8,111739.24,111739.24,0.0,134000.0,22260.76,42369.24,6.0,36378.299999999996,40706.7,REP-048,Nasser Gamal,2024,0.8359911058440471,-21921.559999999983,0.16612507462686565,18623.20666666667,-0.0,0.325564233298884,0.364300849012397,0.3791795970690332,8.581465303609495,1057318.21,1344033.6,0.7866754298404444,0.6836453257338438,Near Target (80-99%),7.0,44.0,121915.915,0.0,0.0,121915.915,CP2024,200491.19999999998,T1 Approaching,0.005,121915.915,609.579575,0,0.005455376061265496,3 80-99%
56,202412,20241201,6,31,0,UAE Enterprise,AE,ENT,141086.4,185429.36,185429.36,0.0,219700.0,34270.64,81882.36,10.0,17273.1,92394.24,REP-048,Nasser Gamal,2024,1.3142964878258996,44342.95999999999,0.15598834774692763,18542.935999999998,-0.0,0.09315191510125473,0.49827190257249454,0.4415824980466956,0.6594829175498238,1242747.5699999998,1485120.0,0.8367994303490626,0.76545991449907,Exceeding (>=120%),4.0,25.0,208527.92,0.0,0.0,208527.92,CP2024,211629.59999999998,T3 Accelerator,0.015,208527.92,3127.9188,0,0.016868519634646854,5 120-149%
56,202501,20250101,6,32,0,UAE Enterprise,AE,ENT,125245.12,116552.24,116552.24,0.0,140200.0,23647.76,41232.24,5.0,80642.45,30780.48,REP-048,Nasser Gamal,2025,0.9305930642247778,-8692.87999999999,0.16867161198288158,23310.448,-0.0,0.6918996151425317,0.26409170686037436,0.3537661738633251,-0.3714466792098079,116552.24,125245.12,0.9305930642247778,1.0343219589816124,Near Target (80-99%),3.0,29.0,124247.36,0.0,0.0,124247.36,CP2025,187867.68,T1 Approaching,0.005,124247.36,621.2368,0,0.005330114633575468,3 80-99%
56,202502,20250201,6,33,0,UAE Enterprise,AE,ENT,135207.8,101043.90000000001,101043.90000000001,0.0,118499.95999999999,17456.06,45558.9,6.0,16312.3,65787.42,REP-048,Nasser Gamal,2025,0.7473230094713472,-34163.89999999998,0.14730857293116387,16840.65,-0.0,0.1614377513140328,0.6510776009239547,0.4508822402935753,-0.13305913296904456,217596.14,260452.91999999998,0.8354528718664396,1.0037012066464623,Below Target (<80%),5.0,43.0,117490.755,0.0,0.0,117490.755,CP2025,202811.69999999998,T0 Below Gate,0.0,117490.755,0.0,0,0.0,2 60-79%
56,202503,20250301,6,34,0,UAE Enterprise,AE,ENT,142324.0,35507.4,35507.4,0.0,42000.0,6492.6,13907.4,1.0,0.0,5161.2,REP-048,Nasser Gamal,2025,0.24948287007110537,-106816.6,0.1545857142857143,35507.4,-0.0,0.0,0.14535561601243682,0.39167610131972486,-0.6485943238532954,253103.54,402776.92,0.6283963341295723,0.6283963341295723,Below Target (<80%),7.0,68.0,36797.7,0.0,0.0,36797.7,CP2025,213486.0,T0 Below Gate,0.0,36797.7,0.0,0,0.0,1 <60%
56,202504,20250401,6,35,0,UAE Enterprise,AE,ENT,142324.0,161092.92,161092.92,0.0,190200.0,29107.08,85012.92,7.0,46974.119999999995,104610.48,REP-048,Nasser Gamal,2025,1.1318745959922432,18768.920000000013,0.1530340694006309,23013.274285714288,-0.0,0.2915964277014781,0.6493797492776218,0.5277259857230224,3.536883015934707,414196.46,545100.9199999999,0.7598527993678676,0.7089201101902128,On Target (100-119%),2.0,26.0,187245.54,0.0,0.0,187245.54,CP2025,213486.0,T2 On Target,0.01,187245.54,1872.4554,0,0.011623449373194055,4 100-119%
56,202505,20250501,6,36,0,UAE Enterprise,AE,ENT,142324.0,157546.04,157546.04,0.0,185600.0,28053.96,71413.04,8.0,28423.62,49111.62,REP-048,Nasser Gamal,2025,1.106953430201512,15222.040000000008,0.15115280172413792,19693.255,-0.0,0.18041469020738318,0.31172868578607243,0.4532836242662779,-0.022017603256555312,571742.5,687424.9199999999,0.8317162840125145,0.8294369654216202,On Target (100-119%),2.0,29.0,169823.945,0.0,0.0,169823.945,CP2025,213486.0,T2 On Target,0.01,169823.945,1698.23945,0,0.010779321714465181,4 100-119%
56,202506,20250601,6,37,0,UAE Enterprise,AE,ENT,148016.96,71079.36,71079.36,0.0,84000.0,12920.64,35979.36,3.0,0.0,4116.48,REP-048,Nasser Gamal,2025,0.4802109163706646,-76937.59999999999,0.15381714285714285,23693.12,-0.0,0.0,0.057913858537837135,0.5061857619427074,-0.5488343597846065,642821.86,835441.88,0.7694393534592735,0.9007392694800153,Below Target (<80%),9.0,69.0,72108.48,0.0,0.0,72108.48,CP2025,222025.44,T0 Below Gate,0.0,72108.48,0.0,0,0.0,1 <60%
56,202507,20250701,6,38,0,UAE Enterprise,AE,ENT,135207.8,84531.67,86519.59,-1987.92,101250.0,14730.41,41234.17,4.0,0.0,35752.26,REP-048,Nasser Gamal,2025,0.6251981764365666,-50676.12999999999,0.14548553086419752,21629.8975,0.02297653051753944,0.0,0.41322733961175734,0.48779552089767064,0.18925761289915943,727353.53,970649.6799999999,0.7493471073930608,0.7358899835591108,Below Target (<80%),7.0,52.0,95457.655,-1987.92,0.0,93469.735,CP2025,202811.69999999998,T0 Below Gate,0.0,93469.735,0.0,0,0.0,2 60-79%
56,202508,20250801,6,39,0,UAE Enterprise,AE,ENT,130938.08,171175.41,171175.41,0.0,204399.99,33224.58,75770.41,10.0,35011.020000000004,73797.84,REP-048,Nasser Gamal,2025,1.3073004430796602,40237.33,0.16254687683693136,17117.541,-0.0,0.20453299921992302,0.43112407325327856,0.4426477494635474,1.0249855468370612,898528.9400000001,1101587.76,0.8156671421258348,0.7890288756953666,Exceeding (>=120%),2.0,6.0,189624.87,0.0,0.0,189624.87,CP2025,196407.12,T3 Accelerator,0.015,189624.87,2844.3730499999997,0,0.01661671527469979,5 120-149%
56,202509,20250901,6,40,0,UAE Enterprise,AE,ENT,142324.0,53671.38,53671.38,0.0,64800.0,11128.62,21571.379999999997,3.0,42788.04,21358.92,REP-048,Nasser Gamal,2025,0.3771070234113712,-88652.62,0.17173796296296298,17890.46,-0.0,0.7972226538613317,0.3979573471000746,0.40191588142507234,-0.686453912977337,952200.3200000001,1243911.76,0.7654886388404272,0.7574082573726122,Below Target (<80%),9.0,71.0,59011.11,0.0,0.0,59011.11,CP2025,213486.0,T0 Below Gate,0.0,59011.11,0.0,0,0.0,1 <60%
56,202510,20251001,6,41,0,UAE Enterprise,AE,ENT,148016.96,86353.47,86353.47,0.0,101700.0,15346.53,39688.47,3.0,19805.34,6417.0,REP-048,Nasser Gamal,2025,0.5834025371146658,-61663.48999999999,0.1509,28784.49,-0.0,0.22935198782399827,0.07431085282386451,0.45960480800597825,0.6089295635774599,1038553.79,1391928.72,0.7461256995976059,0.7387034019067269,Below Target (<80%),9.0,63.0,87957.72,0.0,0.0,87957.72,CP2025,222025.44,T0 Below Gate,0.0,87957.72,0.0,0,0.0,1 <60%
56,202511,20251101,6,42,0,UAE Enterprise,AE,ENT,153709.92,163977.74,163977.74,0.0,195700.0,31722.26,67471.74,10.0,36930.75,77932.44,REP-048,Nasser Gamal,2025,1.0667999827206986,10267.819999999978,0.16209637199795604,16397.773999999998,-0.0,0.22521806923305568,0.47526231304322164,0.41146889815654253,0.8989131531135922,1202531.53,1545638.64,0.7780159597976924,0.6846120651759545,On Target (100-119%),3.0,31.0,183460.85,0.0,0.0,183460.85,CP2025,230564.88,T2 On Target,0.01,183460.85,1834.6085,0,0.011188155782608055,4 100-119%
56,202512,20251201,6,43,0,UAE Enterprise,AE,ENT,162249.36,129995.72,129995.72,0.0,154100.0,24104.28,57085.72,7.0,0.0,66250.56,REP-048,Nasser Gamal,2025,0.8012094469894983,-32253.639999999985,0.15641972744970797,18570.817142857144,-0.0,0.0,0.5096364711084334,0.43913538076484365,-0.2072355674617786,1332527.25,1707888.0,0.780219341080914,0.8197120826704402,Near Target (80-99%),5.0,46.0,146558.36,0.0,0.0,146558.36,CP2025,243374.03999999998,T0 Below Gate,0.0,146558.36,0.0,0,0.0,3 80-99%
57,202401,20240101,6,31,0,UAE Enterprise,AE,ENT,108908.8,202350.86000000002,202350.86000000002,0.0,228449.94,26099.08,84670.36,10.0,40912.76,58301.520000000004,REP-049,Walid Al-Ketbi,2024,1.8579844787565376,93442.06000000001,0.1142441972188743,20235.086000000003,-0.0,0.20218723063494762,0.28812094003455185,0.41843340819011093,,202350.86000000002,108908.8,1.8579844787565376,1.8579844787565376,Exceeding (>=120%),1.0,3.0,216926.24,0.0,0.0,216926.24,CP2024,163363.2,T3 Accelerator,0.015,163363.2,2450.448,1,0.012109896641902089,6 150%+
57,202402,20240201,6,32,0,UAE Enterprise,AE,ENT,117572.0,86151.46,86151.46,0.0,97100.0,10948.54,42651.46,3.0,0.0,31533.6,REP-049,Walid Al-Ketbi,2024,0.7327549076310687,-31420.539999999994,0.11275530381050464,28717.153333333335,-0.0,0.0,0.36602513758907856,0.49507530110342873,-0.5742471269951608,288502.32,226480.8,1.2738489090465948,1.2738489090465948,Below Target (<80%),6.0,52.0,94034.86,0.0,0.0,94034.86,CP2024,176358.0,T0 Below Gate,0.0,94034.86,0.0,0,0.0,2 60-79%
57,202403,20240301,6,33,0,UAE Enterprise,AE,ENT,123760.0,88182.17,88182.17,0.0,98900.0,10717.83,40832.17,5.0,10509.6,63699.54,REP-049,Walid Al-Ketbi,2024,0.7125256140917905,-35577.83,0.10837037411526795,17636.434,-0.0,0.11918055543427884,0.7223630355206727,0.46304337940424917,0.023571393914856367,376684.49,350240.8,1.0755014549989608,1.0755014549989608,Below Target (<80%),5.0,52.0,104107.05500000001,0.0,0.0,104107.05500000001,CP2024,185640.0,T0 Below Gate,0.0,104107.05500000001,0.0,0,0.0,2 60-79%
57,202404,20240401,6,34,0,UAE Enterprise,AE,ENT,123760.0,53882.7,53882.7,0.0,62500.0,8617.3,23264.7,3.0,43299.659999999996,35278.32,REP-049,Walid Al-Ketbi,2024,0.4353805753070459,-69877.3,0.1378768,17960.899999999998,-0.0,0.803591134074573,0.6547244291767117,0.4317656687582471,-0.38896151001954254,430567.19,474000.8,0.9083680660454582,0.6250926615757124,Below Target (<80%),6.0,58.0,62702.28,0.0,0.0,62702.28,CP2024,185640.0,T0 Below Gate,0.0,62702.28,0.0,0,0.0,1 <60%
57,202405,20240501,6,35,0,UAE Enterprise,AE,ENT,123760.0,111167.7,111167.7,0.0,125650.0,14482.3,56674.2,6.0,16482.06,67169.45999999999,REP-049,Walid Al-Ketbi,2024,0.8982522624434389,-12592.300000000003,0.11525905292479108,18527.95,-0.0,0.14826302963900487,0.6042174120720316,0.5098081547068078,1.0631427155654785,541734.89,597760.8,0.9062736967696777,0.6820528172807584,Near Target (80-99%),5.0,39.0,127960.065,0.0,0.0,127960.065,CP2024,185640.0,T1 Approaching,0.005,127960.065,639.800325,0,0.00575527176509004,3 80-99%
57,202406,20240601,6,36,0,UAE Enterprise,AE,ENT,128710.4,197130.73,197130.73,0.0,221249.95,24119.22,91948.23,7.0,0.0,86829.72,REP-049,Walid Al-Ketbi,2024,1.5315835394808812,68420.33000000002,0.1090134483646211,28161.532857142858,-0.0,0.0,0.4404677038430284,0.4664327575918782,0.773273441836073,738865.62,726471.2,1.0170611305720034,0.9626578022403293,Exceeding (>=120%),4.0,11.0,218838.16,0.0,0.0,218838.16,CP2024,193065.59999999998,T3 Accelerator,0.015,193065.59999999998,2895.9839999999995,1,0.014690677602624408,6 150%+
57,202407,20240701,6,37,0,UAE Enterprise,AE,ENT,117572.0,203001.39,203001.39,0.0,232500.0,29498.61,101301.39,5.0,142206.21,108717.0,REP-049,Walid Al-Ketbi,2024,1.7266133943455926,85429.39000000001,0.12687574193548387,40600.278000000006,-0.0,0.7005184053173231,0.5355480570847322,0.49901820869305374,0.029780542079867522,941867.01,844043.2,1.1158990558777087,1.3817330662648388,Exceeding (>=120%),1.0,7.0,230180.64,0.0,0.0,230180.64,CP2024,176358.0,T3 Accelerator,0.015,176358.0,2645.37,1,0.01303129008131422,6 150%+
57,202408,20240801,6,38,0,UAE Enterprise,AE,ENT,113859.2,18663.450000000004,52415.82,-33752.369999999995,59400.0,6984.18,10923.45,4.0,11486.52,21544.08,REP-049,Walid Al-Ketbi,2024,0.16391692546583855,-95195.75,0.11757878787878788,13103.955,0.6439347891533509,0.21914223606537112,0.41102247374933754,0.5852856786928461,-0.9080624521832091,960530.4600000001,957902.4,1.0027435571724217,1.1628636347481103,Below Target (<80%),8.0,66.0,57801.84,-33752.369999999995,0.0,24049.47,CP2024,170788.8,T0 Below Gate,0.0,24049.47,0.0,0,0.0,1 <60%
57,202409,20240901,6,39,0,UAE Enterprise,AE,ENT,123760.0,28405.500000000007,122380.62,-93975.12,139800.0,17419.38,7285.5,5.0,88223.4,94227.18000000001,REP-049,Walid Al-Ketbi,2024,0.2295208468002586,-95354.5,0.1246021459227468,24476.124,0.7678921711623948,0.7208935532439695,0.7699518109975256,0.2564820193272429,0.5219854849987543,988935.9600000001,1081662.4,0.914274139509703,0.7040443006470882,Below Target (<80%),9.0,67.0,145937.415,-105852.42,0.0,40084.99500000001,CP2024,185640.0,T0 Below Gate,0.0,40084.99500000001,0.0,0,0.0,1 <60%
57,202410,20241001,6,40,0,UAE Enterprise,AE,ENT,128710.4,141398.3,184192.1,-42793.8,206300.0,22107.899999999998,67550.3,8.0,0.0,73986.06,REP-049,Walid Al-Ketbi,2024,1.0985771157575457,12687.899999999994,0.10716383906931652,23024.0125,0.23233243988205793,0.0,0.4016787907841867,0.47773063749705624,3.9778493601591225,1130334.26,1210372.8,0.9338728200104959,0.5144745333164451,On Target (100-119%),5.0,27.0,202688.615,-52341.240000000005,0.0,150347.375,CP2024,193065.59999999998,T2 On Target,0.01,150347.375,1503.47375,0,0.010632898344605277,4 100-119%
57,202411,20241101,6,41,0,UAE Enterprise,AE,ENT,133660.8,138561.12,138561.12,0.0,158400.0,19838.879999999997,60561.119999999995,6.0,106747.68,72550.32,REP-049,Walid Al-Ketbi,2024,1.0366623572505926,4900.320000000007,0.12524545454545452,23093.52,-0.0,0.7704013939841132,0.5235979616792936,0.4370715248260118,-0.02006516344255902,1268895.3800000001,1344033.6,0.9440949839349254,0.7986014080188288,On Target (100-119%),5.0,33.0,156698.7,0.0,0.0,156698.7,CP2024,200491.19999999998,T2 On Target,0.01,156698.7,1566.987,0,0.011308994904198235,4 100-119%
57,202412,20241201,6,42,0,UAE Enterprise,AE,ENT,141086.4,156448.91999999998,156448.91999999998,0.0,176100.0,19651.08,76088.92,8.0,13046.279999999999,68221.08,REP-049,Walid Al-Ketbi,2024,1.1088873201102303,15362.51999999999,0.11159045996592847,19556.114999999998,-0.0,0.08339002915456367,0.43605976954011577,0.48634992175081815,0.12909682023355462,1425344.3,1485120.0,0.9597502558715795,1.0816708868540337,On Target (100-119%),6.0,34.0,173504.19,0.0,0.0,173504.19,CP2024,211629.59999999998,T2 On Target,0.01,173504.19,1735.0419000000002,0,0.011090149423850292,4 100-119%
57,202501,20250101,6,43,0,UAE Enterprise,AE,ENT,125245.12,134897.4,159465.6,-24568.2,179850.0,20384.4,65919.9,5.0,0.0,81836.16,REP-049,Walid Al-Ketbi,2025,1.0770671144712065,9652.279999999999,0.11334111759799834,31893.120000000003,0.15406582987177173,0.0,0.5131900547829752,0.4886669424318037,-0.13775435458423102,134897.4,125245.12,1.0770671144712065,1.0747892359533302,On Target (100-119%),2.0,21.0,179924.63999999998,-26674.2,0.0,153250.43999999997,CP2025,187867.68,T2 On Target,0.01,153250.43999999997,1532.5043999999998,0,0.011360518438457671,4 100-119%
57,202502,20250201,6,44,0,UAE Enterprise,AE,ENT,135207.8,156221.1,156221.1,0.0,180000.0,23778.9,70481.1,7.0,66787.56,32219.7,REP-049,Walid Al-Ketbi,2025,1.1554148503266826,21013.300000000017,0.132105,22317.3,-0.0,0.42751945799895147,0.2062442269322134,0.45116248701359807,0.15807346916990256,291118.5,260452.91999999998,1.1177394363633935,1.114629122746933,On Target (100-119%),2.0,24.0,164276.025,0.0,0.0,164276.025,CP2025,202811.69999999998,T2 On Target,0.01,164276.025,1642.76025,0,0.010515610567330533,4 100-119%
57,202503,20250301,7,45,0,UAE Channel,AE,CHN,83478.5,54401.54,54401.54,0.0,66500.0,12098.460000000001,20642.54,5.0,14206.07,0.0,REP-049,Walid Al-Ketbi,2025,0.6516832477823631,-29076.96,0.18193172932330828,10880.308,-0.0,0.2611336002620514,0.0,0.37944771416397405,-0.6517657345902698,345520.04,343931.42,1.004619002241784,1.004619002241784,Below Target (<80%),3.0,42.0,54401.54,0.0,0.0,54401.54,CP2025,125217.75,T0 Below Gate,0.0,54401.54,0.0,0,0.0,2 60-79%
57,202504,20250401,7,46,0,UAE Channel,AE,CHN,83478.5,113770.5,113770.5,0.0,139349.98,25579.48,54614.0,10.0,21769.32,32415.3,REP-049,Walid Al-Ketbi,2025,1.362871877189935,30292.0,0.18356285375857245,11377.05,-0.0,0.19134415336137223,0.2849183224122246,0.4800365648388642,1.0913102827603778,459290.54000000004,427409.92,1.074590266880095,1.07356363150175,Exceeding (>=120%),3.0,16.0,121874.325,0.0,0.0,121874.325,CP2025,125217.75,T3 Accelerator,0.015,121874.325,1828.114875,0,0.01606844370904584,5 120-149%
57,202505,20250501,7,47,0,UAE Channel,AE,CHN,83478.5,78281.70999999999,78281.70999999999,0.0,95700.0,17418.29,24655.71,7.0,33857.24,11892.3,REP-049,Walid Al-Ketbi,2025,0.9377469647873403,-5196.790000000008,0.1820092998955068,11183.101428571428,-0.0,0.4325051151795228,0.1519167120902188,0.31496131088602947,-0.3119331461143267,537572.25,510888.42,1.0522302501982723,0.9841006965865462,Near Target (80-99%),8.0,40.0,81254.785,0.0,0.0,81254.785,CP2025,125217.75,T1 Approaching,0.005,81254.785,406.273925,0,0.005189895890112774,3 80-99%
57,202506,20250601,7,48,0,UAE Channel,AE,CHN,86817.64,62172.22,62172.22,0.0,79800.0,17627.78,22216.219999999998,4.0,43118.9,25132.8,REP-049,Walid Al-Ketbi,2025,0.7161242807337311,-24645.42,0.22089949874686715,15543.055,-0.0,0.6935396548490628,0.4042448540521796,0.3573335486492198,-0.20578868295033403,599744.47,597706.0599999999,1.0034103887118027,1.0017723993224854,Below Target (<80%),4.0,60.0,68455.42,0.0,0.0,68455.42,CP2025,130226.45999999999,T0 Below Gate,0.0,68455.42,0.0,0,0.0,2 60-79%
57,202507,20250701,7,49,0,UAE Channel,AE,CHN,79304.57,73896.4,73896.4,0.0,93600.0,19703.6,29668.399999999998,7.0,28611.64,10420.8,REP-049,Walid Al-Ketbi,2025,0.9318050649540119,-5408.170000000013,0.210508547008547,10556.628571428571,-0.0,0.3871858439653353,0.14101904828922654,0.40148640529173274,0.188575862338517,673640.87,677010.63,0.9950225892317229,0.8587729177533188,Near Target (80-99%),3.0,31.0,76501.6,0.0,0.0,76501.6,CP2025,118956.85500000001,T1 Approaching,0.005,76501.6,382.50800000000004,0,0.005176273810361534,3 80-99%
57,202508,20250801,7,50,0,UAE Channel,AE,CHN,76800.22,44078.0,44078.0,0.0,54650.0,10572.0,15252.5,4.0,8734.44,7382.7,REP-049,Walid Al-Ketbi,2025,0.5739306475944991,-32722.22,0.19344922232387923,11019.5,-0.0,0.1981587186351468,0.16749171922501022,0.346034302826807,-0.4035162741351405,717718.87,753810.85,0.952120641404936,0.7415808412586684,Below Target (<80%),4.0,53.0,45923.675,0.0,0.0,45923.675,CP2025,115200.33,T0 Below Gate,0.0,45923.675,0.0,0,0.0,1 <60%
57,202509,20250901,7,51,0,UAE Channel,AE,CHN,83478.5,75688.89,75688.89,0.0,94649.94,18961.05,18165.39,5.0,0.0,31632.9,REP-049,Walid Al-Ketbi,2025,0.9066872308438699,-7789.610000000001,0.2003281777040746,15137.778,-0.0,0.0,0.4179331999716207,0.2400007451555968,0.7171579926493943,793407.76,837289.35,0.9475908895771814,0.8083338783769102,Near Target (80-99%),3.0,37.0,83597.115,0.0,0.0,83597.115,CP2025,125217.75,T1 Approaching,0.005,83597.115,417.98557500000004,0,0.005522416499964526,3 80-99%
57,202510,20251001,7,52,0,UAE Channel,AE,CHN,86817.64,110378.57,110378.57,0.0,141300.0,30921.43,28906.57,8.0,67015.20999999999,23439.0,REP-049,Walid Al-Ketbi,2025,1.2713841334549063,23560.930000000008,0.21883531493276717,13797.32125,-0.0,0.6071396830018725,0.21235100255420955,0.26188570843054043,0.4583193121209732,903786.33,924106.99,0.9780104898892713,0.9313996369675378,Exceeding (>=120%),2.0,13.0,116238.32,0.0,0.0,116238.32,CP2025,130226.45999999999,T3 Accelerator,0.015,116238.32,1743.5748,0,0.015796316259578287,5 120-149%
57,202511,20251101,7,53,0,UAE Channel,AE,CHN,90156.78,11836.779999999999,56183.59,-44346.81,71399.93,15216.34,6223.78,5.0,0.0,16361.4,REP-049,Walid Al-Ketbi,2025,0.13129106873603957,-78320.0,0.21311421453774537,11236.717999999999,0.7893196216190528,0.0,0.2912131460449573,0.5258000909031003,-0.8927619736331065,915623.11,1014263.77,0.9027465409712899,0.759846501240992,Below Target (<80%),10.0,76.0,60273.94,-49037.61,0.0,11236.330000000002,CP2025,135235.16999999998,T0 Below Gate,0.0,11236.330000000002,0.0,0,0.0,1 <60%
57,202512,20251201,7,54,0,UAE Channel,AE,CHN,95165.49,116852.47,116852.47,0.0,148499.96,31647.489999999998,38453.47,12.0,25815.9,17040.06,REP-049,Walid Al-Ketbi,2025,1.2278870208097494,21686.979999999996,0.21311446817898133,9737.705833333333,-0.0,0.220927294048641,0.1458254155859949,0.3290770832657624,8.871981231382184,1032475.58,1109429.26,0.9306366951237611,0.8784739437886933,Exceeding (>=120%),2.0,28.0,121112.485,0.0,0.0,121112.485,CP2025,142748.23500000002,T3 Accelerator,0.015,121112.485,1816.687275,0,0.015546845308447481,5 120-149%
58,202401,20240101,6,69,0,UAE Enterprise,AE,ENT,108908.8,57969.29,57969.29,0.0,64900.0,6930.71,26749.29,3.0,0.0,25952.4,REP-050,Shahd Al-Hinai,2024,0.5322737005641417,-50939.51,0.10679060092449923,19323.096666666668,-0.0,0.0,0.4476922177242468,0.46143897915603244,,57969.29,108908.8,0.5322737005641417,0.5322737005641417,Below Target (<80%),6.0,49.0,64457.39,0.0,0.0,64457.39,CP2024,163363.2,T0 Below Gate,0.0,64457.39,0.0,0,0.0,1 <60%
58,202402,20240201,6,70,0,UAE Enterprise,AE,ENT,117572.0,112089.75,112089.75,0.0,126600.0,14510.25,55409.75,5.0,0.0,75016.74,REP-050,Shahd Al-Hinai,2024,0.9533711257782466,-5482.25,0.1146149289099526,22417.95,-0.0,0.0,0.6692560202873145,0.494333781634806,0.9336057074357819,170059.04,226480.8,0.7508761890632673,0.7508761890632673,Near Target (80-99%),4.0,38.0,130843.935,0.0,0.0,130843.935,CP2024,176358.0,T1 Approaching,0.005,130843.935,654.219675,0,0.005836570025359144,3 80-99%
58,202403,20240301,6,71,0,UAE Enterprise,AE,ENT,123760.0,56202.18,56202.18,0.0,63200.0,6997.82,27982.18,4.0,15491.28,28759.98,REP-050,Shahd Al-Hinai,2024,0.45412233354880416,-67557.82,0.11072499999999999,14050.545,-0.0,0.2756348597154061,0.5117235665947477,0.49788424577124946,-0.49859661565843444,226261.22,350240.8,0.6460161694468491,0.6460161694468491,Below Target (<80%),7.0,59.0,63392.175,0.0,0.0,63392.175,CP2024,185640.0,T0 Below Gate,0.0,63392.175,0.0,0,0.0,1 <60%
58,202404,20240401,6,72,0,UAE Enterprise,AE,ENT,123760.0,49510.81,49510.81,0.0,57300.0,7789.1900000000005,17160.81,3.0,0.0,4270.56,REP-050,Shahd Al-Hinai,2024,0.40005502585649644,-74249.19,0.13593699825479932,16503.603333333333,-0.0,0.0,0.08625510267353736,0.3466073368623943,-0.11905890483251722,275772.03,474000.8,0.5817965497104647,0.5965694674219101,Below Target (<80%),8.0,61.0,50578.45,0.0,0.0,50578.45,CP2024,185640.0,T0 Below Gate,0.0,50578.45,0.0,0,0.0,1 <60%
58,202405,20240501,6,73,0,UAE Enterprise,AE,ENT,123760.0,130727.08,130727.08,0.0,148700.0,17972.920000000002,60417.08,6.0,32756.98,25885.56,REP-050,Shahd Al-Hinai,2024,1.0562950872656756,6967.080000000002,0.12086698049764628,21787.846666666668,-0.0,0.25057532073691235,0.19801222516405936,0.46216193308991527,1.6403744959939053,406499.11,597760.8,0.6800364125583342,0.6368241488903253,On Target (100-119%),3.0,29.0,137198.47,0.0,0.0,137198.47,CP2024,185640.0,T2 On Target,0.01,137198.47,1371.9847,0,0.010495030562910148,4 100-119%
58,202406,20240601,6,74,0,UAE Enterprise,AE,ENT,128710.4,167395.91999999998,167395.91999999998,0.0,194100.0,26704.08,78205.92,6.0,84382.8,55131.78,REP-050,Shahd Al-Hinai,2024,1.300562503107752,38685.51999999999,0.1375789799072643,27899.319999999996,-0.0,0.5040911391388752,0.32934960421974446,0.46719131505714123,0.28049918960937537,573895.03,726471.2,0.7899762991292705,0.9239918145902085,Exceeding (>=120%),6.0,19.0,181178.865,0.0,0.0,181178.865,CP2024,193065.59999999998,T3 Accelerator,0.015,181178.865,2717.6829749999997,0,0.016235061015824042,5 120-149%
58,202407,20240701,6,75,0,UAE Enterprise,AE,ENT,117572.0,107250.08,107250.08,0.0,120200.0,12949.92,53864.079999999994,4.0,0.0,55118.100000000006,REP-050,Shahd Al-Hinai,2024,0.9122076684924982,-10321.919999999998,0.10773643926788685,26812.52,-0.0,0.0,0.5139212949771227,0.5022288095262959,-0.3593029029620315,681145.11,844043.2,0.8070026628968755,1.0954773831323112,Near Target (80-99%),3.0,29.0,121029.605,0.0,0.0,121029.605,CP2024,176358.0,T1 Approaching,0.005,121029.605,605.148025,0,0.005642401618721403,3 80-99%
58,202408,20240801,6,76,0,UAE Enterprise,AE,ENT,113859.2,58939.38,58939.38,0.0,66950.0,8010.62,29481.88,5.0,12241.18,31156.38,REP-050,Shahd Al-Hinai,2024,0.5176514502121919,-54919.82,0.11965078416728903,11787.876,-0.0,0.20769102084209234,0.5286173692359846,0.5002068226710223,-0.4504490812501026,740084.49,957902.4,0.7726094954976623,0.9262617259433512,Below Target (<80%),6.0,54.0,66728.475,0.0,0.0,66728.475,CP2024,170788.8,T0 Below Gate,0.0,66728.475,0.0,0,0.0,1 <60%
58,202409,20240901,6,77,0,UAE Enterprise,AE,ENT,123760.0,58927.83,58927.83,0.0,66300.0,7372.17,29317.83,3.0,0.0,31054.68,REP-050,Shahd Al-Hinai,2024,0.47614600840336135,-64832.17,0.11119411764705882,19642.61,-0.0,0.0,0.5269951396479389,0.49752095062723334,-0.00019596405662895732,799012.32,1081662.4,0.7386891880498019,0.6337918563297741,Below Target (<80%),7.0,59.0,66691.5,0.0,0.0,66691.5,CP2024,185640.0,T0 Below Gate,0.0,66691.5,0.0,0,0.0,1 <60%
58,202410,20241001,6,78,0,UAE Enterprise,AE,ENT,128710.4,42064.380000000005,42064.380000000005,0.0,48000.0,5935.62,20644.38,3.0,28911.12,32934.96,REP-050,Shahd Al-Hinai,2024,0.3268141502162996,-86646.01999999999,0.12365875,14021.460000000001,-0.0,0.6873064573874617,0.7829655399651676,0.49078056065488185,-0.2861712369181081,841076.7,1210372.8,0.6948906155194499,0.4365783982511924,Below Target (<80%),8.0,62.0,50298.12,0.0,0.0,50298.12,CP2024,193065.59999999998,T0 Below Gate,0.0,50298.12,0.0,0,0.0,1 <60%
58,202411,20241101,6,79,0,UAE Enterprise,AE,ENT,133660.8,100646.21,100646.21,0.0,115000.0,14353.789999999999,49594.21,4.0,49470.45,45221.46,REP-050,Shahd Al-Hinai,2024,0.7529972138428022,-33014.58999999998,0.1248155652173913,25161.5525,-0.0,0.49152819564691,0.44931110669741064,0.4927578495007412,1.3926707109435583,941722.91,1344033.6,0.7006691722587888,0.5222018319161985,Below Target (<80%),8.0,48.0,111951.575,0.0,0.0,111951.575,CP2024,200491.19999999998,T0 Below Gate,0.0,111951.575,0.0,0,0.0,2 60-79%
58,202412,20241201,6,80,0,UAE Enterprise,AE,ENT,141086.4,103008.29000000001,103008.29000000001,0.0,117700.0,14691.71,43518.29,6.0,0.0,39954.66,REP-050,Shahd Al-Hinai,2024,0.73010786298325,-38078.109999999986,0.1248233644859813,17168.048333333336,-0.0,0.0,0.3878781018498608,0.42247366692525423,0.023469140069953966,1044731.2,1485120.0,0.7034658478776126,0.6090327211583078,Below Target (<80%),9.0,56.0,112996.955,0.0,0.0,112996.955,CP2024,211629.59999999998,T0 Below Gate,0.0,112996.955,0.0,0,0.0,2 60-79%
58,202501,20250101,6,81,0,UAE Enterprise,AE,ENT,125245.12,60967.89,60967.89,0.0,69150.0,8182.110000000001,25950.39,3.0,18111.72,16009.320000000002,REP-050,Shahd Al-Hinai,2025,0.48678854713061875,-64277.229999999996,0.1183240780911063,20322.63,-0.0,0.29706981822726686,0.26258609244964853,0.42564028376248547,-0.4081263750713657,60967.89,125245.12,0.48678854713061875,0.6615686771186008,Below Target (<80%),9.0,62.0,64970.22,0.0,0.0,64970.22,CP2025,187867.68,T0 Below Gate,0.0,64970.22,0.0,0,0.0,1 <60%
58,202502,20250201,6,82,0,UAE Enterprise,AE,ENT,135207.8,127255.72,127255.72,0.0,141800.0,14544.279999999999,65165.72,6.0,0.0,81547.5,REP-050,Shahd Al-Hinai,2025,0.9411862333386093,-7952.079999999987,0.10256897038081804,21209.286666666667,-0.0,0.0,0.6408159884679447,0.5120848005889244,1.0872580632198359,188223.61,260452.91999999998,0.722678056364275,0.7252886217967397,Near Target (80-99%),3.0,34.0,147642.595,0.0,0.0,147642.595,CP2025,202811.69999999998,T1 Approaching,0.005,147642.595,738.212975,0,0.005801019985584931,3 80-99%
58,202503,20250301,6,83,0,UAE Enterprise,AE,ENT,142324.0,136392.89,136392.89,0.0,155300.0,18907.11,66232.89,8.0,21626.55,64452.3,REP-050,Shahd Al-Hinai,2025,0.9583267052640455,-5931.109999999986,0.1217457179652286,17049.11125,-0.0,0.15856068450488875,0.47254882567559053,0.48560368506012297,0.07180164475121442,324616.5,402776.92,0.8059461301804484,0.8059461301804484,Near Target (80-99%),2.0,21.0,152505.965,0.0,0.0,152505.965,CP2025,213486.0,T1 Approaching,0.005,152505.965,762.529825,0,0.005590686032094488,3 80-99%
58,202504,20250401,6,84,0,UAE Enterprise,AE,ENT,142324.0,38935.84,80272.26,-41336.42,90600.0,10327.74,16895.84,4.0,14498.4,33026.52,REP-050,Shahd Al-Hinai,2025,0.27357185014474017,-103388.16,0.11399271523178808,20068.065,0.514952737097473,0.18061532090911606,0.4114312964403892,0.4339405545122438,-0.714531747219375,363552.33999999997,545100.9199999999,0.6669450126776525,0.7206866024001575,Below Target (<80%),8.0,65.0,88528.89,-21586.74,-19749.68,66942.15,CP2025,213486.0,T0 Below Gate,0.0,66942.15,0.0,0,0.0,1 <60%
58,202505,20250501,6,85,0,UAE Enterprise,AE,ENT,142324.0,214411.14,224227.54,-9816.4,253750.0,29522.46,93272.64,10.0,43606.5,61986.84,REP-050,Shahd Al-Hinai,2025,1.5065002388915434,72087.14000000001,0.11634466995073892,22422.754,0.04377874368152993,0.19447432728379394,0.2764461492999477,0.43501769544250357,4.506780899038008,577963.48,687424.9199999999,0.8407659704859115,0.9127995981001097,Exceeding (>=120%),1.0,9.0,239724.25,0.0,-9816.4,239724.25,CP2025,213486.0,T3 Accelerator,0.015,213486.0,3202.29,1,0.014935278083032438,6 150%+
58,202506,20250601,6,86,0,UAE Enterprise,AE,ENT,148016.96,115739.20999999999,115739.20999999999,0.0,131500.0,15760.79,51409.21,7.0,21648.72,63118.32,REP-050,Shahd Al-Hinai,2025,0.7819320839990228,-32277.75,0.1198539163498099,16534.172857142858,-0.0,0.18704741461428676,0.5453494973743125,0.44418144896617145,-0.46019964261185314,693702.69,835441.88,0.8303422495410452,0.853053110656338,Below Target (<80%),7.0,55.0,131518.79,0.0,0.0,131518.79,CP2025,222025.44,T0 Below Gate,0.0,131518.79,0.0,0,0.0,2 60-79%
58,202507,20250701,6,87,0,UAE Enterprise,AE,ENT,135207.8,78455.44,78455.44,0.0,89600.0,11144.56,39415.44,3.0,0.0,24819.48,REP-050,Shahd Al-Hinai,2025,0.5802582395394349,-56752.359999999986,0.12438125,26151.813333333335,-0.0,0.0,0.31635129444178756,0.5023926957773738,-0.3221360332423212,772158.13,970649.6799999999,0.7955065003472727,0.9601855965929733,Below Target (<80%),9.0,59.0,84660.31,0.0,0.0,84660.31,CP2025,202811.69999999998,T0 Below Gate,0.0,84660.31,0.0,0,0.0,1 <60%
58,202508,20250801,6,88,0,UAE Enterprise,AE,ENT,130938.08,89648.16,89648.16,0.0,101600.0,11951.84,48028.16,4.0,0.0,35346.0,REP-050,Shahd Al-Hinai,2025,0.6846607190207769,-41289.92,0.11763622047244095,22412.04,-0.0,0.0,0.3942746844999384,0.5357406108502395,0.14266340230836766,861806.29,1101587.76,0.7823310327994204,0.6853410846806055,Below Target (<80%),7.0,42.0,98484.66,0.0,0.0,98484.66,CP2025,196407.12,T0 Below Gate,0.0,98484.66,0.0,0,0.0,2 60-79%
58,202509,20250901,6,89,0,UAE Enterprise,AE,ENT,142324.0,104056.8,104056.8,0.0,117600.0,13543.2,56176.799999999996,5.0,45632.55,32342.7,REP-050,Shahd Al-Hinai,2025,0.7311261628397179,-38267.2,0.11516326530612246,20811.36,-0.0,0.4385350116474849,0.31081774569273707,0.5398666881933712,0.16072432496104772,965863.09,1243911.76,0.776472352025999,0.6662924571084654,Below Target (<80%),7.0,54.0,112142.475,0.0,0.0,112142.475,CP2025,213486.0,T0 Below Gate,0.0,112142.475,0.0,0,0.0,2 60-79%
58,202510,20251001,6,90,0,UAE Enterprise,AE,ENT,148016.96,148962.6,148962.6,0.0,169000.0,20037.4,64218.6,9.0,25992.82,74397.48000000001,REP-050,Shahd Al-Hinai,2025,1.0063887273458394,945.640000000014,0.11856449704142012,16551.4,-0.0,0.1744922551029587,0.49943730842506784,0.4311055258165472,0.4315508453075628,1114825.69,1391928.72,0.8009215371315853,0.8133980745873332,On Target (100-119%),4.0,27.0,167561.97,0.0,0.0,167561.97,CP2025,222025.44,T2 On Target,0.01,167561.97,1675.6197,0,0.011248593271062668,4 100-119%
58,202511,20251101,6,91,0,UAE Enterprise,AE,ENT,153709.92,138243.52,138243.52,0.0,157700.0,19456.48,55588.520000000004,8.0,54452.18,20978.879999999997,REP-050,Shahd Al-Hinai,2025,0.8993792983562803,-15466.400000000023,0.12337653772986683,17280.44,-0.0,0.39388594850594083,0.1517530803613797,0.4021057912877219,-0.07195819621837975,1253069.21,1545638.64,0.8107129167008921,0.8811218209949275,Near Target (80-99%),6.0,43.0,143488.24,0.0,0.0,143488.24,CP2025,230564.88,T1 Approaching,0.005,143488.24,717.4412,0,0.005189691350451725,3 80-99%
58,202512,20251201,6,92,0,UAE Enterprise,AE,ENT,162249.36,121788.85,121788.85,0.0,139849.98,18061.13,55741.35,9.0,25585.68,60012.72,REP-050,Shahd Al-Hinai,2025,0.7506276141859667,-40460.50999999998,0.1291464610863727,13532.094444444445,-0.0,0.21008228585785974,0.4927603799526804,0.4576884501331608,-0.11902670013032064,1374858.06,1707888.0,0.8050048129619741,0.8814998155940056,Below Target (<80%),7.0,54.0,136792.03,0.0,0.0,136792.03,CP2025,243374.03999999998,T0 Below Gate,0.0,136792.03,0.0,0,0.0,2 60-79%
59,202401,20240101,6,48,0,UAE Enterprise,AE,ENT,108908.8,177578.29,177578.29,0.0,209000.0,31421.71,80753.29,7.0,0.0,65331.24,REP-051,Faisal Al-Dosari,2024,1.6305228778574368,68669.49,0.1503431100478469,25368.327142857142,-0.0,0.0,0.3679010536704684,0.45474753698777026,,177578.29,108908.8,1.6305228778574368,1.6305228778574368,Exceeding (>=120%),2.0,6.0,193911.1,0.0,0.0,193911.1,CP2024,163363.2,T3 Accelerator,0.015,163363.2,2450.448,1,0.013799254402100615,6 150%+
59,202402,20240201,6,49,0,UAE Enterprise,AE,ENT,117572.0,224643.42,224643.42,0.0,268300.0,43656.58,106621.42,8.0,32515.02,121527.36,REP-051,Faisal Al-Dosari,2024,1.9106880890007827,107071.42000000001,0.16271554230339172,28080.4275,-0.0,0.1447405848789161,0.5409789434295471,0.47462516373726854,0.2650387612134344,402221.71,226480.8,1.775963834461906,1.775963834461906,Exceeding (>=120%),1.0,4.0,255025.26,0.0,0.0,255025.26,CP2024,176358.0,T3 Accelerator,0.015,176358.0,2645.37,1,0.011775862386710457,6 150%+
59,202403,20240301,6,50,0,UAE Enterprise,AE,ENT,123760.0,175856.19,175856.19,0.0,206099.96,30243.77,68451.19,8.0,0.0,49831.92,REP-051,Faisal Al-Dosari,2024,1.4209452973497092,52096.19,0.1467432114009144,21982.02375,-0.0,0.0,0.28336744927773083,0.3892452691031234,-0.21717631435632528,578077.9,350240.8,1.6505155881325078,1.6505155881325078,Exceeding (>=120%),3.0,11.0,188314.16999999998,0.0,0.0,188314.16999999998,CP2024,185640.0,T3 Accelerator,0.015,185640.0,2784.6,1,0.015834529339001372,5 120-149%
59,202404,20240401,6,51,0,UAE Enterprise,AE,ENT,123760.0,464158.6,464158.6,0.0,545200.0,81041.4,203220.6,17.0,24710.4,206423.52,REP-051,Faisal Al-Dosari,2024,3.7504734970911437,340398.6,0.1486452677916361,27303.447058823527,-0.0,0.05323697546485189,0.4447262638244772,0.4378257776544483,1.6394214499927466,1042236.5,474000.8,2.1988074703671385,2.3683296538954566,Exceeding (>=120%),1.0,1.0,515764.48,0.0,0.0,515764.48,CP2024,185640.0,T3 Accelerator,0.015,185640.0,2784.6,1,0.005999242500300544,6 150%+
59,202405,20240501,6,52,0,UAE Enterprise,AE,ENT,123760.0,135916.69,135916.69,0.0,161199.98,25283.29,59626.69,8.0,34128.84,52041.119999999995,REP-051,Faisal Al-Dosari,2024,1.0982279411764706,12156.690000000002,0.15684425022881515,16989.58625,-0.0,0.25110117087165673,0.38288984229972045,0.4387002802967023,-0.7071761893456245,1178153.19,597760.8,1.9709442138059234,2.0898822452057746,On Target (100-119%),2.0,25.0,148926.97,0.0,0.0,148926.97,CP2024,185640.0,T2 On Target,0.01,148926.97,1489.2697,0,0.010957224605749301,4 100-119%
59,202406,20240601,6,53,0,UAE Enterprise,AE,ENT,128710.4,47144.49,47144.49,0.0,55500.0,8355.51,20534.49,3.0,0.0,23913.6,REP-051,Faisal Al-Dosari,2024,0.36628345495002734,-81565.91,0.15054972972972974,15714.83,-0.0,0.0,0.507240612847864,0.4355650045212071,-0.6531368590568237,1225297.68,726471.2,1.6866431594260034,1.7202750761235668,Below Target (<80%),8.0,61.0,53122.89,0.0,0.0,53122.89,CP2024,193065.59999999998,T0 Below Gate,0.0,53122.89,0.0,0,0.0,1 <60%
59,202407,20240701,6,54,0,UAE Enterprise,AE,ENT,117572.0,58131.89,58131.89,0.0,69250.0,11118.11,24684.39,4.0,34427.37,37077.9,REP-051,Faisal Al-Dosari,2024,0.494436515496887,-59440.11,0.1605503249097473,14532.9725,-0.0,0.5922286373279796,0.6378237487203667,0.42462734309859873,0.23305798832482866,1283429.57,844043.2,1.5205733189959947,0.6517984695807831,Below Target (<80%),8.0,55.0,67401.365,0.0,0.0,67401.365,CP2024,176358.0,T0 Below Gate,0.0,67401.365,0.0,0,0.0,1 <60%
59,202408,20240801,6,55,0,UAE Enterprise,AE,ENT,113859.2,78535.62,78535.62,0.0,93800.0,15264.38,34333.62,4.0,61558.47,10341.0,REP-051,Faisal Al-Dosari,2024,0.6897608625389955,-35323.58,0.16273326226012794,19633.905,-0.0,0.7838286627138107,0.13167273652388561,0.43717258487295324,0.3509903084176344,1361965.19,957902.4,1.421820417194904,0.510388136221975,Below Target (<80%),4.0,40.0,81120.87,0.0,0.0,81120.87,CP2024,170788.8,T0 Below Gate,0.0,81120.87,0.0,0,0.0,2 60-79%
59,202409,20240901,6,56,0,UAE Enterprise,AE,ENT,123760.0,92892.70000000001,92892.70000000001,0.0,109699.98999999999,16807.29,39731.7,4.0,12906.34,35237.16,REP-051,Faisal Al-Dosari,2024,0.7505874272786038,-30867.29999999999,0.1532114086792533,23223.175000000003,-0.0,0.138938151221786,0.37933185277206927,0.4277160638026453,0.18280978745695287,1454857.8900000001,1081662.4,1.3450203039321698,0.6463003869465236,Below Target (<80%),4.0,45.0,101701.99,0.0,0.0,101701.99,CP2024,185640.0,T0 Below Gate,0.0,101701.99,0.0,0,0.0,2 60-79%
59,202410,20241001,6,57,0,UAE Enterprise,AE,ENT,128710.4,333171.45,333171.45,0.0,394050.0,60878.55,157099.95,15.0,29694.96,172673.28,REP-051,Faisal Al-Dosari,2024,2.5885355806523793,204461.05000000002,0.15449448039588887,22211.43,-0.0,0.08912816509337759,0.5182715385727078,0.4715288479850239,2.5866268285882525,1788029.34,1210372.8,1.47725505728483,1.3774474407746469,Exceeding (>=120%),1.0,1.0,376339.77,0.0,0.0,376339.77,CP2024,193065.59999999998,T3 Accelerator,0.015,193065.59999999998,2895.9839999999995,1,0.008692173353989363,6 150%+
59,202411,20241101,6,58,0,UAE Enterprise,AE,ENT,133660.8,117406.05,117406.05,0.0,139799.98,22393.93,50955.05,6.0,14851.880000000001,68321.88,REP-051,Faisal Al-Dosari,2024,0.8783880539395246,-16254.749999999985,0.16018550217246097,19567.675,-0.0,0.12650012499355867,0.5819281033643496,0.43400702093290766,-0.647610712142352,1905435.3900000001,1344033.6,1.417699222698004,1.4074754901960789,Near Target (80-99%),6.0,40.0,134486.52,0.0,0.0,134486.52,CP2024,200491.19999999998,T1 Approaching,0.005,134486.52,672.4326,0,0.005727410129205437,3 80-99%
59,202412,20241201,6,59,0,UAE Enterprise,AE,ENT,141086.4,370107.74,370107.74,0.0,434149.98,64042.24,179847.24,14.0,66921.61,210217.92,REP-051,Faisal Al-Dosari,2024,2.6232701380147203,229021.34,0.14751178843771914,26436.26714285714,-0.0,0.18081656438744026,0.5679911476587872,0.48593212344059594,2.1523736638784796,2275543.13,1485120.0,1.532228459653092,2.034130079592007,Exceeding (>=120%),1.0,2.0,422662.22000000003,0.0,0.0,422662.22000000003,CP2024,211629.59999999998,T3 Accelerator,0.015,211629.59999999998,3174.4439999999995,1,0.008577080825167286,6 150%+
59,202501,20250101,6,60,0,UAE Enterprise,AE,ENT,125245.12,94488.53,94488.53,0.0,111400.0,16911.47,40548.53,5.0,0.0,4188.96,REP-051,Faisal Al-Dosari,2025,0.7544288352312649,-30756.589999999997,0.15180852782764812,18897.706,-0.0,0.0,0.04433299999481419,0.42913706033949306,-0.7446999352134597,94488.53,125245.12,0.7544288352312649,1.4550337366477437,Below Target (<80%),5.0,42.0,95535.77,0.0,0.0,95535.77,CP2025,187867.68,T0 Below Gate,0.0,95535.77,0.0,0,0.0,2 60-79%
59,202502,20250201,6,61,0,UAE Enterprise,AE,ENT,135207.8,40243.29,40243.29,0.0,47200.0,6956.71,18043.29,2.0,0.0,25699.199999999997,REP-051,Faisal Al-Dosari,2025,0.29764029885849785,-94964.50999999998,0.14738792372881357,20121.645,-0.0,0.0,0.6385959000866976,0.44835524133339993,-0.5740933846679591,134731.82,260452.91999999998,0.5172981742727246,1.2572605840942301,Below Target (<80%),9.0,68.0,46668.09,0.0,0.0,46668.09,CP2025,202811.69999999998,T0 Below Gate,0.0,46668.09,0.0,0,0.0,1 <60%
59,202503,20250301,6,62,0,UAE Enterprise,AE,ENT,142324.0,199281.88,199281.88,0.0,237800.0,38518.12,86463.88,9.0,91291.92,71159.64,REP-051,Faisal Al-Dosari,2025,1.4001987015542003,56957.880000000005,0.16197695542472668,22142.431111111113,-0.0,0.4581044699096576,0.35708033264238576,0.43387727976070883,3.951928135100286,334013.7,402776.92,0.8292771591778397,0.8292771591778397,Exceeding (>=120%),1.0,10.0,217071.79,0.0,0.0,217071.79,CP2025,213486.0,T3 Accelerator,0.015,213486.0,3202.29,1,0.016069147882386496,5 120-149%
59,202504,20250401,6,63,0,UAE Enterprise,AE,ENT,142324.0,148750.02000000002,148750.02000000002,0.0,177900.0,29149.98,78295.02,7.0,98671.68000000001,107162.46,REP-051,Faisal Al-Dosari,2025,1.045150642196678,6426.020000000019,0.16385598650927488,21250.00285714286,-0.0,0.6633389360216556,0.7204198022964972,0.5263530048601002,-0.25356976760757166,482763.72000000003,545100.9199999999,0.8856409928642206,0.9247822466665938,On Target (100-119%),3.0,30.0,175540.635,0.0,0.0,175540.635,CP2025,213486.0,T2 On Target,0.01,175540.635,1755.4063500000002,0,0.011801049505741243,4 100-119%
59,202505,20250501,6,64,0,UAE Enterprise,AE,ENT,142324.0,147626.56,150628.96,-3002.4,176699.96,26071.0,69365.56,7.0,45303.42,52742.82,REP-051,Faisal Al-Dosari,2025,1.0372569629858632,5302.559999999998,0.1475438930489854,21518.422857142858,0.01993242202561845,0.3007616861989886,0.3501505952109077,0.46987181710391407,-0.007552671253422493,630390.28,687424.9199999999,0.9170314628687015,1.1608687689122474,On Target (100-119%),3.0,34.0,163814.665,-3002.4,0.0,160812.265,CP2025,213486.0,T2 On Target,0.01,160812.265,1608.1226500000002,0,0.010893179723215119,4 100-119%
59,202506,20250601,6,65,0,UAE Enterprise,AE,ENT,148016.96,284745.24,284745.24,0.0,339000.0,54254.76,136177.24,11.0,68895.27,180522.84,REP-051,Faisal Al-Dosari,2025,1.9237338748208315,136728.28,0.16004353982300887,25885.93090909091,-0.0,0.24195407094425883,0.6339801852350543,0.4782423755354084,0.9288212094083883,915135.52,835441.88,1.0953910043389254,1.3431219851961207,Exceeding (>=120%),1.0,4.0,329875.95,0.0,0.0,329875.95,CP2025,222025.44,T3 Accelerator,0.015,222025.44,3330.3815999999997,1,0.011696004470522492,6 150%+
59,202507,20250701,6,66,0,UAE Enterprise,AE,ENT,135207.8,183033.32,183033.32,0.0,213499.91,30466.59,76863.32,7.0,0.0,78796.44,REP-051,Faisal Al-Dosari,2025,1.3537186464094528,47825.52000000002,0.14270071589257344,26147.617142857143,-0.0,0.0,0.4305032548172103,0.41994168056395415,-0.35720323191355186,1098168.84,970649.6799999999,1.131375060052562,1.4461447849125446,Exceeding (>=120%),2.0,11.0,202732.43,0.0,0.0,202732.43,CP2025,202811.69999999998,T3 Accelerator,0.015,202732.43,3040.98645,0,0.01661438720556454,5 120-149%
59,202508,20250801,6,67,0,UAE Enterprise,AE,ENT,130938.08,248332.0,248332.0,0.0,300150.0,51818.0,97004.5,9.0,82929.24,84422.7,REP-051,Faisal Al-Dosari,2025,1.896560572753167,117393.92,0.17264034649341994,27592.444444444445,-0.0,0.3339450413156581,0.33995900649131,0.39062424496238907,0.3567584306507689,1346500.84,1101587.76,1.2223273432159414,1.7290555569881647,Exceeding (>=120%),1.0,1.0,269437.675,0.0,0.0,269437.675,CP2025,196407.12,T3 Accelerator,0.015,196407.12,2946.1068,1,0.011863581012515504,6 150%+
59,202509,20250901,6,68,0,UAE Enterprise,AE,ENT,142324.0,161748.64,161748.64,0.0,192000.0,30251.36,73828.64,8.0,19571.28,79683.12,REP-051,Faisal Al-Dosari,2025,1.1364818301902702,19424.640000000014,0.15755916666666667,20218.58,-0.0,0.12099811163790927,0.4926354867651437,0.4564405611076544,-0.3486596975017315,1508249.48,1243911.76,1.2125052021374891,1.452038422025144,On Target (100-119%),4.0,26.0,181669.41999999998,0.0,0.0,181669.41999999998,CP2025,213486.0,T2 On Target,0.01,181669.41999999998,1816.6942,0,0.011231588716912858,4 100-119%
59,202510,20251001,6,69,0,UAE Enterprise,AE,ENT,148016.96,116002.08,116002.08,0.0,135400.0,19397.92,60922.08,5.0,0.0,75241.68,REP-051,Faisal Al-Dosari,2025,0.7837080291339588,-32014.87999999999,0.14326381093057605,23200.416,-0.0,0.0,0.6486235419226964,0.5251809277902603,-0.28282500551472955,1624251.56,1391928.72,1.1669071387506107,1.248774968723818,Below Target (<80%),6.0,44.0,134812.5,0.0,0.0,134812.5,CP2025,222025.44,T0 Below Gate,0.0,134812.5,0.0,0,0.0,2 60-79%
59,202511,20251101,6,70,0,UAE Enterprise,AE,ENT,153709.92,141511.82,141511.82,0.0,170100.0,28588.18,69001.82,6.0,105367.1,32689.920000000002,REP-051,Faisal Al-Dosari,2025,0.9206420769720002,-12198.100000000006,0.16806690182245737,23585.303333333333,-0.0,0.7445816186944667,0.23100487294983557,0.487604639668969,0.219907608553226,1765763.3800000001,1545638.64,1.1424166906179314,0.9441768024420986,Near Target (80-99%),5.0,42.0,149684.3,0.0,0.0,149684.3,CP2025,230564.88,T1 Approaching,0.005,149684.3,748.4214999999999,0,0.005288756091187293,3 80-99%
59,202512,20251201,6,71,0,UAE Enterprise,AE,ENT,162249.36,138969.17,138969.17,0.0,164950.0,25980.83,66086.67,7.0,12951.36,86592.0,REP-051,Faisal Al-Dosari,2025,0.8565159825591917,-23280.189999999973,0.15750730524401335,19852.738571428574,-0.0,0.09319592252008124,0.6231022319554761,0.4755491451809059,-0.01796775703965926,1904732.55,1707888.0,1.115256123352351,0.8545331329897412,Near Target (80-99%),4.0,43.0,160617.17,0.0,0.0,160617.17,CP2025,243374.03999999998,T1 Approaching,0.005,160617.17,803.08585,0,0.005778877789944345,3 80-99%
60,202401,20240101,6,43,0,UAE Enterprise,AE,ENT,108908.8,87983.34,87983.34,0.0,100049.98999999999,12066.65,46875.84,5.0,0.0,16232.64,REP-052,Youssef Taha,2024,0.8078625418698948,-20925.460000000006,0.12060620895614284,17596.667999999998,-0.0,0.0,0.18449674677046815,0.5327808651046891,,87983.34,108908.8,0.8078625418698948,0.8078625418698948,Near Target (80-99%),4.0,37.0,92041.5,0.0,0.0,92041.5,CP2024,163363.2,T1 Approaching,0.005,92041.5,460.2075,0,0.0052306209334630855,3 80-99%
60,202402,20240201,6,44,0,UAE Enterprise,AE,ENT,117572.0,78266.3,78266.3,0.0,91400.0,13133.7,40006.3,5.0,0.0,56781.060000000005,REP-052,Youssef Taha,2024,0.6656882591093117,-39305.7,0.14369474835886215,15653.26,-0.0,0.0,0.7254854260390488,0.5111561425543305,-0.11044181773503932,166249.64,226480.8,0.7340562202182261,0.7340562202182261,Below Target (<80%),7.0,56.0,92461.565,0.0,0.0,92461.565,CP2024,176358.0,T0 Below Gate,0.0,92461.565,0.0,0,0.0,2 60-79%
61,202401,20240101,6,71,0,UAE Enterprise,AE,ENT,108908.8,40947.06,40947.06,0.0,45600.0,4652.9400000000005,21507.06,2.0,40947.06,13557.0,REP-053,Ali Al-Mazrouei,2024,0.3759756787330316,-67961.74,0.10203815789473686,20473.53,-0.0,1.0,0.3310860413421623,0.5252406399873398,,40947.06,108908.8,0.3759756787330316,0.3759756787330316,Below Target (<80%),7.0,58.0,44336.31,0.0,0.0,44336.31,CP2024,163363.2,T0 Below Gate,0.0,44336.31,0.0,0,0.0,1 <60%
61,202402,20240201,6,72,0,UAE Enterprise,AE,ENT,117572.0,111947.84,111947.84,0.0,120000.0,8052.16,52527.84,5.0,32327.04,49845.6,REP-053,Ali Al-Mazrouei,2024,0.9521641207090124,-5624.1600000000035,0.06710133333333333,22389.568,-0.0,0.2887687694554893,0.4452573627146357,0.4692170925316647,1.7339652712551281,152894.9,226480.8,0.6750898972451528,0.6750898972451528,Near Target (80-99%),5.0,39.0,124409.24,0.0,0.0,124409.24,CP2024,176358.0,T1 Approaching,0.005,124409.24,622.0462,0,0.005556571703393295,3 80-99%
61,202403,20240301,6,73,0,UAE Enterprise,AE,ENT,123760.0,112306.45999999999,112306.45999999999,0.0,118450.0,6143.54,66178.95999999999,4.0,23877.16,79920.96,REP-053,Ali Al-Mazrouei,2024,0.9074536199095022,-11453.540000000008,0.05186610384128324,28076.614999999998,-0.0,0.21260718216921806,0.7116327947653235,0.5892711781673111,0.0032034561810214057,265201.36,350240.8,0.7571972197413893,0.7571972197413893,Near Target (80-99%),4.0,39.0,132286.7,0.0,0.0,132286.7,CP2024,185640.0,T1 Approaching,0.005,132286.7,661.4335000000001,0,0.005889540993456656,3 80-99%
61,202404,20240401,6,74,0,UAE Enterprise,AE,ENT,123760.0,78681.18000000001,78681.18000000001,0.0,84600.0,5918.82,41721.18,4.0,9836.64,58697.700000000004,REP-053,Ali Al-Mazrouei,2024,0.6357561409179057,-45078.81999999999,0.06996241134751773,19670.295000000002,-0.0,0.1250189689580151,0.746019569101531,0.5302561552838938,-0.2994064633503717,343882.54,474000.8,0.7254893662626729,0.8297510764410067,Below Target (<80%),3.0,48.0,93355.605,0.0,0.0,93355.605,CP2024,185640.0,T0 Below Gate,0.0,93355.605,0.0,0,0.0,2 60-79%
61,202405,20240501,6,75,0,UAE Enterprise,AE,ENT,123760.0,269937.03,269937.03,0.0,288149.98,18212.95,149643.53,12.0,100695.56,78327.96,REP-053,Ali Al-Mazrouei,2024,2.1811330801551394,146177.03000000003,0.06320649406257117,22494.752500000002,-0.0,0.3730335182246022,0.29017122993462585,0.5543645864370664,2.430769975742611,613819.5700000001,597760.8,1.0268648763853367,1.241447613660849,Exceeding (>=120%),1.0,3.0,289519.02,0.0,0.0,289519.02,CP2024,185640.0,T3 Accelerator,0.015,185640.0,2784.6,1,0.010315739192951777,6 150%+
61,202406,20240601,6,76,0,UAE Enterprise,AE,ENT,128710.4,290074.89,290074.89,0.0,313499.99,23425.1,153060.89,15.0,52496.4,130372.92,REP-053,Ali Al-Mazrouei,2024,2.2537020318482424,161364.49000000002,0.07472121450466394,19338.326,-0.0,0.18097533364573543,0.44944572761882284,0.5276599087911401,0.07460206552617099,903894.46,726471.2,1.2442261441334495,1.6976116230905318,Exceeding (>=120%),1.0,3.0,322668.12,0.0,0.0,322668.12,CP2024,193065.59999999998,T3 Accelerator,0.015,193065.59999999998,2895.9839999999995,1,0.009983573552333327,6 150%+
61,202407,20240701,6,77,0,UAE Enterprise,AE,ENT,117572.0,67868.97,67868.97,0.0,73400.0,5531.03,34888.97,5.0,15945.539999999999,27455.22,REP-053,Ali Al-Mazrouei,2024,0.5772545333923043,-49703.03,0.07535463215258856,13573.794,-0.0,0.23494595541968588,0.40453273417881547,0.5140636435177961,-0.7660294898327807,971763.43,844043.2,1.1513195414642285,1.6967809364548494,Below Target (<80%),6.0,47.0,74732.775,0.0,0.0,74732.775,CP2024,176358.0,T0 Below Gate,0.0,74732.775,0.0,0,0.0,1 <60%
61,202408,20240801,6,78,0,UAE Enterprise,AE,ENT,113859.2,126284.54,126284.54,0.0,136399.96,10115.42,63984.54,6.0,35046.9,62689.26,REP-053,Ali Al-Mazrouei,2024,1.1091289944071274,12425.339999999997,0.07415999242228517,21047.423333333332,-0.0,0.2775232819472598,0.4964127833858365,0.5066696208419494,0.8607110141792338,1098047.97,957902.4,1.1463046443980096,1.3445500325427555,On Target (100-119%),2.0,16.0,141956.855,0.0,0.0,141956.855,CP2024,170788.8,T2 On Target,0.01,141956.855,1419.5685500000002,0,0.011241031958464593,4 100-119%
61,202409,20240901,6,79,0,UAE Enterprise,AE,ENT,123760.0,167197.2,167197.2,0.0,181549.99,14352.789999999999,85294.7,7.0,8197.35,79477.74,REP-053,Ali Al-Mazrouei,2024,1.3509793148028444,43437.20000000001,0.07905695836171624,23885.31428571429,-0.0,0.04902803396229123,0.47535329539011417,0.5101443086367474,0.3239720396495091,1265245.17,1081662.4,1.169722798906572,1.0173413924669308,Exceeding (>=120%),1.0,19.0,187066.635,0.0,0.0,187066.635,CP2024,185640.0,T3 Accelerator,0.015,185640.0,2784.6,1,0.016654585124631274,5 120-149%
61,202410,20241001,6,80,0,UAE Enterprise,AE,ENT,128710.4,145502.32,145502.32,0.0,159300.0,13797.68,77637.32,7.0,75388.66,38450.64,REP-053,Ali Al-Mazrouei,2024,1.130462806424345,16791.920000000013,0.08661443816698054,20786.045714285716,-0.0,0.518126858733249,0.2642613533584894,0.5335813202153753,-0.12975623993703245,1410747.49,1210372.8,1.1655479121804455,1.1983308474117298,On Target (100-119%),4.0,24.0,155114.98,0.0,0.0,155114.98,CP2024,193065.59999999998,T2 On Target,0.01,155114.98,1551.1498000000001,0,0.010660653383396224,4 100-119%
61,202411,20241101,6,81,0,UAE Enterprise,AE,ENT,133660.8,145629.38999999998,145629.38999999998,0.0,154149.95,8520.56,62451.89,8.0,12281.64,60217.56,REP-053,Ali Al-Mazrouei,2024,1.0895445036989155,11968.589999999997,0.05527449084479105,18203.673749999998,-0.0,0.08433489970671443,0.41349867633174875,0.428841252442244,0.0008733194082402114,1556376.8800000001,1344033.6,1.1579895621657077,1.1869771466278822,On Target (100-119%),4.0,30.0,160683.78,0.0,0.0,160683.78,CP2024,200491.19999999998,T2 On Target,0.01,160683.78,1606.8378,0,0.011033746690829373,4 100-119%
61,202412,20241201,6,82,0,UAE Enterprise,AE,ENT,141086.4,109111.98,109111.98,0.0,117600.0,8488.02,54811.98,6.0,11395.38,34951.8,REP-053,Ali Al-Mazrouei,2024,0.7733699350185418,-31974.42,0.07217704081632653,18185.329999999998,-0.0,0.1044374779011434,0.3203296283322877,0.5023461218465654,-0.2507557712079958,1665488.86,1485120.0,1.121450697586727,0.9920340823918053,Below Target (<80%),8.0,49.0,117849.93,0.0,0.0,117849.93,CP2024,211629.59999999998,T0 Below Gate,0.0,117849.93,0.0,0,0.0,2 60-79%
61,202501,20250101,6,83,0,UAE Enterprise,AE,ENT,125245.12,209412.69,209412.69,0.0,224800.0,15387.31,108887.69,10.0,5988.18,60388.62,REP-053,Ali Al-Mazrouei,2025,1.6720227502676352,84167.57,0.06844888790035587,20941.269,-0.0,0.028595115224392564,0.2883713494153578,0.5199670086850993,0.919245622707974,209412.69,125245.12,1.6720227502676352,1.1604074298226528,Exceeding (>=120%),1.0,9.0,224509.845,0.0,0.0,224509.845,CP2025,187867.68,T3 Accelerator,0.015,187867.68,2818.0152,1,0.013456754698103538,6 150%+
61,202502,20250201,6,84,0,UAE Enterprise,AE,ENT,135207.8,127225.34999999999,127225.34999999999,0.0,138300.0,11074.65,64343.35,8.0,49737.18,40539.06,REP-053,Ali Al-Mazrouei,2025,0.9409616161197801,-7982.449999999997,0.08007700650759218,15903.168749999999,-0.0,0.3909376551135446,0.3186397993796048,0.5057431557468697,-0.3924659007054444,336638.04,260452.91999999998,1.2925101396444316,1.1101030404693617,Near Target (80-99%),4.0,35.0,137360.115,0.0,0.0,137360.115,CP2025,202811.69999999998,T1 Approaching,0.005,137360.115,686.800575,0,0.005398299749224506,3 80-99%
61,202503,20250301,6,85,0,UAE Enterprise,AE,ENT,142324.0,13469.640000000001,13469.640000000001,0.0,14400.0,930.3599999999999,7709.639999999999,1.0,0.0,11209.2,REP-053,Ali Al-Mazrouei,2025,0.09464067901408056,-128854.36,0.06460833333333332,13469.640000000001,-0.0,0.0,0.8321825973077231,0.5723716446764723,-0.8941277033232764,350107.68,402776.92,0.8692347118598553,0.8692347118598553,Below Target (<80%),8.0,71.0,16271.94,0.0,0.0,16271.94,CP2025,213486.0,T0 Below Gate,0.0,16271.94,0.0,0,0.0,1 <60%
61,202504,20250401,6,86,0,UAE Enterprise,AE,ENT,142324.0,73429.98000000001,79280.58,-5850.6,86100.0,6819.42,37549.979999999996,5.0,0.0,26991.84,REP-053,Ali Al-Mazrouei,2025,0.5159353306540008,-68894.01999999999,0.07920348432055749,15856.116,0.07379613014940103,0.0,0.34045966868557215,0.5113712410108241,4.451517635215195,423537.66000000003,545100.9199999999,0.7769894426155071,0.5099964559260585,Below Target (<80%),5.0,52.0,86028.54000000001,0.0,-5850.6,86028.54000000001,CP2025,213486.0,T0 Below Gate,0.0,86028.54000000001,0.0,0,0.0,1 <60%
62,202401,20240101,6,11,0,UAE Enterprise,AE,ENT,108908.8,34991.46,34991.46,0.0,39000.0,4008.54,18971.46,1.0,0.0,19393.440000000002,REP-054,Mariam Adly,2024,0.3212913924310983,-73917.34,0.10278307692307692,34991.46,-0.0,0.0,0.5542335186928469,0.5421740047428716,,34991.46,108908.8,0.3212913924310983,0.3212913924310983,Below Target (<80%),8.0,62.0,39839.82,0.0,0.0,39839.82,CP2024,163363.2,T0 Below Gate,0.0,39839.82,0.0,0,0.0,1 <60%
62,202402,20240201,6,12,0,UAE Enterprise,AE,ENT,117572.0,49843.869999999995,49843.869999999995,0.0,57049.99,7206.12,13254.369999999999,2.0,0.0,4083.36,REP-054,Mariam Adly,2024,0.4239433708706154,-67728.13,0.12631237972171425,24921.934999999998,-0.0,0.0,0.08192301279976857,0.26591775478107943,0.4244581392145397,84835.32999999999,226480.8,0.37458067085598423,0.37458067085598423,Below Target (<80%),9.0,63.0,50864.71,0.0,0.0,50864.71,CP2024,176358.0,T0 Below Gate,0.0,50864.71,0.0,0,0.0,1 <60%
62,202403,20240301,6,13,0,UAE Enterprise,AE,ENT,123760.0,45757.2,45757.2,0.0,52200.0,6442.8,27037.2,3.0,9299.64,30322.739999999998,REP-054,Mariam Adly,2024,0.3697252747252747,-78002.8,0.12342528735632184,15252.4,-0.0,0.20323883454407174,0.6626878392908657,0.5908840575909365,-0.08198942016340222,130592.53,350240.8,0.37286498317728833,0.37286498317728833,Below Target (<80%),8.0,63.0,53337.885,0.0,0.0,53337.885,CP2024,185640.0,T0 Below Gate,0.0,53337.885,0.0,0,0.0,1 <60%
62,202404,20240401,6,14,0,UAE Enterprise,AE,ENT,123760.0,70350.12,70350.12,0.0,79800.0,9449.880000000001,31830.120000000003,3.0,0.0,2643.6,REP-054,Mariam Adly,2024,0.5684398836457659,-53409.880000000005,0.11841954887218047,23450.039999999997,-0.0,0.0,0.03757776106138838,0.4524529595685125,0.5374655791875377,200942.65,474000.8,0.42392892585835296,0.45454622396546623,Below Target (<80%),4.0,52.0,71011.02,0.0,0.0,71011.02,CP2024,185640.0,T0 Below Gate,0.0,71011.02,0.0,0,0.0,1 <60%
62,202405,20240501,6,15,0,UAE Enterprise,AE,ENT,123760.0,60821.72,60821.72,0.0,68099.95999999999,7278.24,26516.72,3.0,20867.04,4212.48,REP-054,Mariam Adly,2024,0.49144893341952167,-62938.28,0.10687583370093023,20273.906666666666,-0.0,0.34308533201626,0.06925946849250562,0.43597451699820394,-0.13544255503757485,261764.37,597760.8,0.43790822349006486,0.4765380305968541,Below Target (<80%),8.0,59.0,61874.84,0.0,0.0,61874.84,CP2024,185640.0,T0 Below Gate,0.0,61874.84,0.0,0,0.0,1 <60%
62,202406,20240601,6,16,0,UAE Enterprise,AE,ENT,128710.4,148594.16,148594.16,0.0,166699.99,18105.83,67194.16,8.0,23276.97,19029.84,REP-054,Mariam Adly,2024,1.1544844861021333,19883.76000000001,0.10861326386402305,18574.27,-0.0,0.15664794632575063,0.12806586746074003,0.4521991981380695,1.4431101257905894,410358.53,726471.2,0.5648655170363258,0.7436028561222059,On Target (100-119%),7.0,29.0,153351.62,0.0,0.0,153351.62,CP2024,193065.59999999998,T2 On Target,0.01,153351.62,1533.5162,0,0.01032016466865185,4 100-119%
62,202407,20240701,6,17,0,UAE Enterprise,AE,ENT,117572.0,106104.66,106104.66,0.0,118900.0,12795.34,52324.659999999996,4.0,18979.32,12456.359999999999,REP-054,Mariam Adly,2024,0.9024653829142993,-11467.339999999997,0.10761429772918418,26526.165,-0.0,0.17887357633491308,0.1173969173455718,0.4931419600232449,-0.2859432699104729,516463.19,844043.2,0.6118918913155157,0.8526605059312122,Near Target (80-99%),4.0,30.0,109218.75,0.0,0.0,109218.75,CP2024,176358.0,T1 Approaching,0.005,109218.75,546.09375,0,0.005146746146681965,3 80-99%
62,202408,20240801,6,18,0,UAE Enterprise,AE,ENT,113859.2,11278.380000000001,11278.380000000001,0.0,12600.0,1321.6200000000001,6598.38,1.0,0.0,9602.22,REP-054,Mariam Adly,2024,0.099055500126472,-102580.81999999999,0.1048904761904762,11278.380000000001,-0.0,0.0,0.8513829113755698,0.5850467886345379,-0.8937051398119554,527741.57,957902.4,0.5509345941715982,0.7385350650966176,Below Target (<80%),9.0,67.0,13678.935,0.0,0.0,13678.935,CP2024,170788.8,T0 Below Gate,0.0,13678.935,0.0,0,0.0,1 <60%
62,202409,20240901,6,19,0,UAE Enterprise,AE,ENT,123760.0,61394.100000000006,61394.100000000006,0.0,68400.0,7005.9,32954.1,3.0,0.0,21553.5,REP-054,Mariam Adly,2024,0.4960738526179703,-62365.899999999994,0.10242543859649123,20464.7,-0.0,0.0,0.3510679364955264,0.5367633046172189,4.443521143994084,589135.67,1081662.4,0.5446576214537919,0.5033264900707001,Below Target (<80%),6.0,56.0,66782.475,0.0,0.0,66782.475,CP2024,185640.0,T0 Below Gate,0.0,66782.475,0.0,0,0.0,1 <60%
62,202410,20241001,6,20,0,UAE Enterprise,AE,ENT,128710.4,106083.94,106083.94,0.0,117700.0,11616.06,38118.94,4.0,14490.3,4260.48,REP-054,Mariam Adly,2024,0.824206435532793,-22626.459999999992,0.09869209855564995,26520.985,-0.0,0.13659277737987482,0.04016140426156871,0.35932809433737095,0.7279175034734606,695219.61,1210372.8,0.5743846937075916,0.4879660830028478,Near Target (80-99%),7.0,38.0,107149.06,0.0,0.0,107149.06,CP2024,193065.59999999998,T1 Approaching,0.005,107149.06,535.7453,0,0.005050201755326961,3 80-99%
62,202411,20241101,6,21,0,UAE Enterprise,AE,ENT,133660.8,56342.76,56342.76,0.0,63600.0,7257.24,27782.76,3.0,0.0,49952.52,REP-054,Mariam Adly,2024,0.4215354090354091,-77318.03999999998,0.11410754716981132,18780.920000000002,-0.0,0.0,0.8865827659134908,0.49310257431478327,-0.4688851111676282,751562.37,1344033.6,0.5591842123589768,0.5796496113238195,Below Target (<80%),9.0,58.0,68830.89,0.0,0.0,68830.89,CP2024,200491.19999999998,T0 Below Gate,0.0,68830.89,0.0,0,0.0,1 <60%
62,202412,20241201,6,22,0,UAE Enterprise,AE,ENT,141086.4,235106.55,235106.55,0.0,265349.97,30243.42,88694.05,11.0,26142.6,78085.68,REP-054,Mariam Adly,2024,1.666401226482496,94020.15,0.11397559230928121,21373.322727272727,-0.0,0.11119469023725626,0.3321289007048081,0.37725044240579436,3.172790789801564,986668.92,1485120.0,0.664369828700711,0.9853160530375435,Exceeding (>=120%),2.0,11.0,254627.97,0.0,0.0,254627.97,CP2024,211629.59999999998,T3 Accelerator,0.015,211629.59999999998,3174.4439999999995,1,0.013502150407974596,6 150%+
62,202501,20250101,6,23,0,UAE Enterprise,AE,ENT,125245.12,67032.12,67032.12,0.0,73600.0,6567.88,39082.119999999995,4.0,11858.019999999999,51316.5,REP-054,Mariam Adly,2025,0.5352074396192044,-58213.0,0.0892375,16758.03,-0.0,0.17690056647469898,0.7655509030596079,0.5830357148185079,-0.7148862079767663,67032.12,125245.12,0.5352074396192044,0.8962207824390229,Below Target (<80%),8.0,56.0,79861.245,0.0,0.0,79861.245,CP2025,187867.68,T0 Below Gate,0.0,79861.245,0.0,0,0.0,1 <60%
62,202502,20250201,6,24,0,UAE Enterprise,AE,ENT,135207.8,83800.42,83800.42,0.0,93800.0,9999.58,40140.42,5.0,0.0,52063.98,REP-054,Mariam Adly,2025,0.6197898346101335,-51407.37999999999,0.10660533049040512,16760.084,-0.0,0.0,0.6212854303116858,0.47900022458121333,0.25015321013269465,150832.53999999998,260452.91999999998,0.5791163331937303,0.9611489355513178,Below Target (<80%),6.0,47.0,96816.41500000001,0.0,0.0,96816.41500000001,CP2025,202811.69999999998,T0 Below Gate,0.0,96816.41500000001,0.0,0,0.0,2 60-79%
62,202503,20250301,6,25,0,UAE Enterprise,AE,ENT,142324.0,119576.42,119576.42,0.0,134900.0,15323.58,58541.42,7.0,6526.5,35230.8,REP-054,Mariam Adly,2025,0.8401704561423231,-22747.58,0.11359214232765011,17082.345714285715,-0.0,0.05458015886409712,0.29462999477656215,0.4895732787450904,0.4269191013601125,270408.95999999996,402776.92,0.6713616063204415,0.6713616063204415,Near Target (80-99%),4.0,25.0,128384.12,0.0,0.0,128384.12,CP2025,213486.0,T0 Below Gate,0.0,128384.12,0.0,0,0.0,3 80-99%
62,202504,20250401,6,26,0,UAE Enterprise,AE,ENT,142324.0,32226.42,32226.42,0.0,36000.0,3773.58,17226.42,2.0,0.0,9596.039999999999,REP-054,Mariam Adly,2025,0.2264299766729434,-110097.58,0.10482166666666666,16113.21,-0.0,0.0,0.2977693457728162,0.5345433963809818,-0.7304951929485763,302635.38,545100.9199999999,0.5551914680312777,0.5611528053203029,Below Target (<80%),9.0,68.0,34625.43,0.0,0.0,34625.43,CP2025,213486.0,T0 Below Gate,0.0,34625.43,0.0,0,0.0,1 <60%
62,202505,20250501,6,27,0,UAE Enterprise,AE,ENT,142324.0,125661.54000000001,125661.54000000001,0.0,141900.0,16238.460000000001,54351.54,6.0,22062.6,55114.56,REP-054,Mariam Adly,2025,0.8829258593069336,-16662.459999999992,0.11443594080338267,20943.59,-0.0,0.17557161881033764,0.4385952933570605,0.4325232684558855,2.8993329075956935,428296.92,687424.9199999999,0.6230453792684735,0.6498420973740667,Near Target (80-99%),5.0,44.0,139440.18,0.0,0.0,139440.18,CP2025,213486.0,T1 Approaching,0.005,139440.18,697.2008999999999,0,0.005548244116696324,3 80-99%
62,202506,20250601,6,28,0,UAE Enterprise,AE,ENT,148016.96,125250.36,133335.96,-8085.6,151200.0,17864.04,65580.36,9.0,36245.46,63814.08,REP-054,Mariam Adly,2025,0.8461892475024484,-22766.59999999999,0.11814841269841271,14815.106666666667,0.060640805376134095,0.27183559483878167,0.47859617165541846,0.5235941836813882,-0.0032721228786469396,553547.28,835441.88,0.6625802383763668,0.6544054780863235,Near Target (80-99%),5.0,46.0,149289.48,-8085.6,0.0,141203.88,CP2025,222025.44,T0 Below Gate,0.0,141203.88,0.0,0,0.0,3 80-99%
62,202507,20250701,6,29,0,UAE Enterprise,AE,ENT,135207.8,44168.04,44168.04,0.0,50400.0,6231.96,22808.04,3.0,13953.42,36969.0,REP-054,Mariam Adly,2025,0.32666784016898437,-91039.75999999998,0.12365,14722.68,-0.0,0.3159166673458908,0.8370079360551204,0.5163923959496505,-0.6473619716542133,597715.32,970649.6799999999,0.615788921910529,0.6934104096555234,Below Target (<80%),10.0,68.0,53410.29,0.0,0.0,53410.29,CP2025,202811.69999999998,T0 Below Gate,0.0,53410.29,0.0,0,0.0,1 <60%
62,202508,20250801,6,30,0,UAE Enterprise,AE,ENT,130938.08,83942.34,83942.34,0.0,96000.0,12057.66,39212.340000000004,4.0,23154.120000000003,17716.260000000002,REP-054,Mariam Adly,2025,0.6410842437891253,-46995.740000000005,0.125600625,20985.585,-0.0,0.27583362579599285,0.211052729766647,0.4671342257077895,0.9005221875365081,681657.66,1101587.76,0.6187956009968738,0.6117418453089611,Below Target (<80%),8.0,44.0,88371.405,0.0,0.0,88371.405,CP2025,196407.12,T0 Below Gate,0.0,88371.405,0.0,0,0.0,2 60-79%
62,202509,20250901,6,31,0,UAE Enterprise,AE,ENT,142324.0,126599.46,126599.46,0.0,142750.0,16150.54,66341.96,6.0,43865.73,18932.7,REP-054,Mariam Adly,2025,0.8895158933138473,-15724.539999999994,0.11313863397548161,21099.91,-0.0,0.34649223622280856,0.14954803124752664,0.5240303552637586,0.5081716807036831,808257.12,1243911.76,0.6497704628180379,0.6235706779652884,Near Target (80-99%),6.0,39.0,131332.635,0.0,0.0,131332.635,CP2025,213486.0,T1 Approaching,0.005,131332.635,656.663175,0,0.005186935039059409,3 80-99%
62,202510,20251001,6,32,0,UAE Enterprise,AE,ENT,148016.96,46151.04,46151.04,0.0,52800.0,6648.96,26291.04,4.0,18015.120000000003,27738.12,REP-054,Mariam Adly,2025,0.3117956212585369,-101865.91999999998,0.12592727272727272,11537.76,-0.0,0.3903513333610684,0.6010291425718683,0.5696738361692391,-0.6354562649793294,854408.16,1391928.72,0.6138303978669253,0.6093178526042977,Below Target (<80%),10.0,75.0,53085.57,0.0,0.0,53085.57,CP2025,222025.44,T0 Below Gate,0.0,53085.57,0.0,0,0.0,1 <60%
62,202511,20251101,6,33,0,UAE Enterprise,AE,ENT,153709.92,88252.14,88252.14,0.0,102000.0,13747.86,44572.14,5.0,45707.82,63317.159999999996,REP-054,Mariam Adly,2025,0.5741473289427254,-65457.78000000001,0.1347829411764706,17650.428,-0.0,0.5179230781259242,0.7174575030135246,0.5050544949958155,0.9122459645546449,942660.3,1545638.64,0.6098840153219772,0.5877764277823299,Below Target (<80%),8.0,60.0,104081.43,0.0,0.0,104081.43,CP2025,230564.88,T0 Below Gate,0.0,104081.43,0.0,0,0.0,1 <60%
62,202512,20251201,6,34,0,UAE Enterprise,AE,ENT,162249.36,109523.09,109523.09,0.0,124200.0,14676.91,49063.09,8.0,77612.27,30577.98,REP-054,Mariam Adly,2025,0.6750294115181719,-52726.26999999999,0.11817157809983897,13690.38625,-0.0,0.7086384250115662,0.27919208634453246,0.44797028644827314,0.24102475022135436,1052183.3900000001,1707888.0,0.6160728279606158,0.5257300891097354,Below Target (<80%),8.0,61.0,117167.58499999999,0.0,0.0,117167.58499999999,CP2025,243374.03999999998,T0 Below Gate,0.0,117167.58499999999,0.0,0,0.0,2 60-79%
63,202401,20240101,6,44,0,UAE Enterprise,AE,ENT,108908.8,77990.74,77990.74,0.0,85600.0,7609.26,41170.740000000005,4.0,41297.86,50786.7,REP-055,Nour Fathy,2024,0.7161105438678969,-30918.059999999998,0.08889322429906542,19497.685,-0.0,0.5295226074274971,0.651188846265595,0.5278926703349655,,77990.74,108908.8,0.7161105438678969,0.7161105438678969,Below Target (<80%),5.0,40.0,90687.41500000001,0.0,0.0,90687.41500000001,CP2024,163363.2,T0 Below Gate,0.0,90687.41500000001,0.0,0,0.0,2 60-79%
63,202402,20240201,6,45,0,UAE Enterprise,AE,ENT,117572.0,145733.98,145733.98,0.0,159700.0,13966.02,76363.98,7.0,29013.239999999998,78643.38,REP-055,Nour Fathy,2024,1.2395296499166468,28161.98000000001,0.0874515967438948,20819.140000000003,-0.0,0.19908356307842548,0.539636535007141,0.5239957077958071,0.868606196068918,223724.72000000003,226480.8,0.9878308448221661,0.9878308448221661,Exceeding (>=120%),3.0,25.0,165394.825,0.0,0.0,165394.825,CP2024,176358.0,T3 Accelerator,0.015,165394.825,2480.922375,0,0.01702363700627678,5 120-149%
63,202403,20240301,6,46,0,UAE Enterprise,AE,ENT,123760.0,217414.23,217414.23,0.0,238800.0,21385.77,94534.23,9.0,26382.36,125687.64000000001,REP-055,Nour Fathy,2024,1.7567407078215902,93654.23000000001,0.08955515075376885,24157.13666666667,-0.0,0.12134605908730077,0.5781021785004598,0.4348116036379035,0.49185680649084035,441138.95,350240.8,1.2595304430551781,1.2595304430551781,Exceeding (>=120%),2.0,5.0,248836.14,0.0,0.0,248836.14,CP2024,185640.0,T3 Accelerator,0.015,185640.0,2784.6,1,0.012807809314045359,6 150%+
63,202404,20240401,6,47,0,UAE Enterprise,AE,ENT,123760.0,53005.08,53005.08,0.0,57600.0,4594.92,30145.08,4.0,4762.26,29981.1,REP-055,Nour Fathy,2024,0.42828926955397545,-70754.92,0.07977291666666667,13251.27,-0.0,0.0898453506720488,0.5656269172690617,0.5687205830082702,-0.7562023424133738,494144.03,474000.8,1.0424961940992505,1.1398586931513155,Below Target (<80%),7.0,59.0,60500.355,0.0,0.0,60500.355,CP2024,185640.0,T0 Below Gate,0.0,60500.355,0.0,0,0.0,1 <60%
63,202405,20240501,6,48,0,UAE Enterprise,AE,ENT,123760.0,78758.43,78758.43,0.0,83949.95,5191.52,26475.93,3.0,30072.0,23153.34,REP-055,Nour Fathy,2024,0.6363803329023917,-45001.57000000001,0.06184065624815739,26252.809999999998,-0.0,0.3818257931246217,0.2939791968935897,0.3361662999122761,0.4858656943825005,572902.46,597760.8,0.958414235259321,0.9404701034259858,Below Target (<80%),7.0,53.0,84546.765,0.0,0.0,84546.765,CP2024,185640.0,T0 Below Gate,0.0,84546.765,0.0,0,0.0,2 60-79%
63,202406,20240601,6,49,0,UAE Enterprise,AE,ENT,128710.4,212495.82,212495.82,0.0,232049.99,19554.170000000002,96548.31999999999,10.0,58596.15,62704.56,REP-055,Nour Fathy,2024,1.6509607615235444,83785.42000000001,0.0842670581455315,21249.582000000002,-0.0,0.27575201243958586,0.29508608686984994,0.4543539727040277,1.6980707969927793,785398.28,726471.2,1.081114130883647,0.9150226297502805,Exceeding (>=120%),2.0,5.0,228171.96,0.0,0.0,228171.96,CP2024,193065.59999999998,T3 Accelerator,0.015,193065.59999999998,2895.9839999999995,1,0.013628428079197038,6 150%+
63,202407,20240701,6,50,0,UAE Enterprise,AE,ENT,117572.0,84246.04,84246.04,0.0,91800.0,7553.96,44696.04,4.0,0.0,59608.32,REP-055,Nour Fathy,2024,0.7165484979416867,-33325.96000000001,0.08228714596949892,21061.51,-0.0,0.0,0.707550408304058,0.5305417322879509,-0.6035402484622993,869644.3200000001,844043.2,1.0303315280544882,1.0147493638566822,Below Target (<80%),5.0,42.0,99148.12,0.0,0.0,99148.12,CP2024,176358.0,T0 Below Gate,0.0,99148.12,0.0,0,0.0,2 60-79%
63,202408,20240801,6,51,0,UAE Enterprise,AE,ENT,113859.2,56325.3,56325.3,0.0,61800.0,5474.7,31785.3,3.0,39372.18,46843.98,REP-055,Nour Fathy,2024,0.49469256766251657,-57533.899999999994,0.08858737864077669,18775.100000000002,-0.0,0.6990141197650078,0.8316685397148351,0.5643165682206752,-0.3314190198138689,925969.62,957902.4,0.9666638480078972,0.9803565042194514,Below Target (<80%),7.0,55.0,68036.295,0.0,0.0,68036.295,CP2024,170788.8,T0 Below Gate,0.0,68036.295,0.0,0,0.0,1 <60%
63,202409,20240901,6,52,0,UAE Enterprise,AE,ENT,123760.0,110267.84,110267.84,0.0,120049.94,9782.1,52165.34,7.0,18720.77,45878.16,REP-055,Nour Fathy,2024,0.8909812540400776,-13492.160000000003,0.08148358924627534,15752.548571428571,-0.0,0.16977543044281995,0.41606111083703107,0.47307846059195496,0.957696452571047,1036237.46,1081662.4,0.9580045123136388,0.7062088813011133,Near Target (80-99%),3.0,36.0,121737.38,0.0,0.0,121737.38,CP2024,185640.0,T1 Approaching,0.005,121737.38,608.6869,0,0.005520076388546289,3 80-99%
63,202410,20241001,6,53,0,UAE Enterprise,AE,ENT,128710.4,160604.73,160604.73,0.0,175599.97,14995.240000000002,63346.729999999996,7.0,30375.72,50867.46,REP-055,Nour Fathy,2024,1.2477991677440208,31894.330000000016,0.08539431982818677,22943.532857142858,-0.0,0.1891334084618803,0.31672454478769085,0.3944263036337721,0.4564965632771986,1196842.19,1210372.8,0.9888211218890576,0.893178902278167,Exceeding (>=120%),3.0,18.0,173321.595,0.0,0.0,173321.595,CP2024,193065.59999999998,T3 Accelerator,0.015,173321.595,2599.823925,0,0.01618771704295384,5 120-149%
63,202411,20241101,6,54,0,UAE Enterprise,AE,ENT,133660.8,153850.6,153850.6,0.0,167200.0,13349.4,83434.6,7.0,12024.25,107611.5,REP-055,Nour Fathy,2024,1.1510525150231035,20189.800000000017,0.07984090909090909,21978.657142857144,-0.0,0.07815536630991364,0.6994545357639164,0.5423092272633321,-0.042054365397582026,1350692.79,1344033.6,1.0049546305985206,1.0999452258714137,On Target (100-119%),3.0,28.0,180753.475,0.0,0.0,180753.475,CP2024,200491.19999999998,T2 On Target,0.01,180753.475,1807.53475,0,0.01174863633940979,4 100-119%
63,202412,20241201,6,55,0,UAE Enterprise,AE,ENT,141086.4,186233.14,186233.14,0.0,206400.0,20166.86,91243.14,6.0,25868.28,49517.4,REP-055,Nour Fathy,2024,1.3199935642273104,45146.74000000002,0.0977076550387597,31038.85666666667,-0.0,0.13890266791399208,0.26588930412707423,0.48994040480657736,0.2104804271156564,1536925.9300000002,1485120.0,1.0348833292932558,1.2409940226680574,Exceeding (>=120%),3.0,24.0,198612.49,0.0,0.0,198612.49,CP2024,211629.59999999998,T3 Accelerator,0.015,198612.49,2979.1873499999997,0,0.015997084890476524,5 120-149%
63,202501,20250101,6,56,0,UAE Enterprise,AE,ENT,125245.12,68808.84,68808.84,0.0,75000.0,6191.16,33468.84,4.0,12882.96,38969.16,REP-055,Nour Fathy,2025,0.5493933815545069,-56436.28,0.08254879999999999,17202.21,-0.0,0.18722826892591127,0.5663394412694649,0.48640320051900304,-0.6305231174215288,68808.84,125245.12,0.5493933815545069,1.0222510772206828,Below Target (<80%),7.0,55.0,78551.12999999999,0.0,0.0,78551.12999999999,CP2025,187867.68,T0 Below Gate,0.0,78551.12999999999,0.0,0,0.0,1 <60%
63,202502,20250201,6,57,0,UAE Enterprise,AE,ENT,135207.8,216084.63999999998,216084.63999999998,0.0,238349.85,22265.21,98257.14,8.0,73456.78,22809.420000000002,REP-055,Nour Fathy,2025,1.598166969657076,80876.84,0.09341398788377672,27010.579999999998,-0.0,0.3399444773122236,0.10555780364583064,0.4547159853657345,2.1403616163272043,284893.48,260452.91999999998,1.0938386868536547,1.1733013344745415,Exceeding (>=120%),1.0,6.0,221786.995,0.0,0.0,221786.995,CP2025,202811.69999999998,T3 Accelerator,0.015,202811.69999999998,3042.1755,1,0.014078629096450353,6 150%+
63,202503,20250301,6,58,0,UAE Enterprise,AE,ENT,142324.0,56663.6,56663.6,0.0,63200.0,6536.4,28743.6,3.0,40452.479999999996,49601.28,REP-055,Nour Fathy,2025,0.39813102498524494,-85660.4,0.1034240506329114,18887.866666666665,-0.0,0.7139059290267473,0.8753640785266026,0.5072674521209383,-0.7377712733306726,341557.07999999996,402776.92,0.8480055907870788,0.8480055907870788,Below Target (<80%),6.0,61.0,69063.92,0.0,0.0,69063.92,CP2025,213486.0,T0 Below Gate,0.0,69063.92,0.0,0,0.0,1 <60%
63,202504,20250401,6,59,0,UAE Enterprise,AE,ENT,142324.0,115438.2,115438.2,0.0,127550.0,12111.8,57705.7,6.0,81073.94,43661.34,REP-055,Nour Fathy,2025,0.8110944043169107,-26885.800000000003,0.09495727165817326,19239.7,-0.0,0.7023146584059696,0.37822263340904483,0.4998839205739521,1.0372549573271024,456995.27999999997,545100.9199999999,0.8383682052857295,0.9245708645682635,Near Target (80-99%),4.0,37.0,126353.535,0.0,0.0,126353.535,CP2025,213486.0,T0 Below Gate,0.0,126353.535,0.0,0,0.0,3 80-99%
63,202505,20250501,6,60,0,UAE Enterprise,AE,ENT,142324.0,55215.94,55215.94,0.0,60149.979999999996,4934.04,22148.44,3.0,30060.940000000002,8556.48,REP-055,Nour Fathy,2025,0.3879594446474242,-87108.06,0.082028954955596,18405.313333333335,-0.0,0.5444250337855336,0.15496394700515828,0.4011240232440125,-0.5216839832914927,512211.22,687424.9199999999,0.7451158738906353,0.5323949579831931,Below Target (<80%),9.0,71.0,57355.060000000005,0.0,0.0,57355.060000000005,CP2025,213486.0,T0 Below Gate,0.0,57355.060000000005,0.0,0,0.0,1 <60%
63,202506,20250601,6,61,0,UAE Enterprise,AE,ENT,148016.96,193264.08,193264.08,0.0,209500.0,16235.92,91106.08,10.0,51078.89,59377.2,REP-055,Nour Fathy,2025,1.3056887535050037,45247.119999999995,0.07749842482100239,19326.408,-0.0,0.26429582776064753,0.3072335014349278,0.4714072061399097,2.500150137804409,705475.2999999999,835441.88,0.8444337264969287,0.8411086028320851,Exceeding (>=120%),2.0,17.0,208108.38,0.0,0.0,208108.38,CP2025,222025.44,T3 Accelerator,0.015,208108.38,3121.6257,0,0.01615212563038098,5 120-149%
63,202507,20250701,6,62,0,UAE Enterprise,AE,ENT,135207.8,120465.95,120465.95,0.0,131500.0,11034.05,52945.95,6.0,44280.979999999996,44248.020000000004,REP-055,Nour Fathy,2025,0.8909689381825605,-14741.849999999991,0.08390912547528516,20077.658333333333,-0.0,0.3675808807384991,0.36730727645446704,0.43950967057496326,-0.37667698001615196,825941.25,970649.6799999999,0.850915904077772,0.86698870888497,Near Target (80-99%),5.0,34.0,131527.955,0.0,0.0,131527.955,CP2025,202811.69999999998,T1 Approaching,0.005,131527.955,657.639775,0,0.005459134095568084,3 80-99%
63,202508,20250801,6,63,0,UAE Enterprise,AE,ENT,130938.08,21164.16,21164.16,0.0,22200.0,1035.8400000000001,12704.16,1.0,0.0,20065.2,REP-055,Nour Fathy,2025,0.16163487352189676,-109773.92,0.046659459459459464,21164.16,-0.0,0.0,0.9480744806314071,0.6002676222443981,-0.8243141734241086,847105.4099999999,1101587.76,0.7689858591021381,0.8086051129067976,Below Target (<80%),11.0,75.0,26180.46,0.0,0.0,26180.46,CP2025,196407.12,T0 Below Gate,0.0,26180.46,0.0,0,0.0,1 <60%
63,202509,20250901,6,64,0,UAE Enterprise,AE,ENT,142324.0,215044.61000000002,215044.61000000002,0.0,234700.0,19655.39,103554.61,14.0,92889.96,60874.56,REP-055,Nour Fathy,2025,1.5109511396531858,72720.61000000002,0.08374686834256498,15360.329285714286,-0.0,0.431956699588983,0.2830787528224957,0.4815494329292885,9.16079116770994,1062150.02,1243911.76,0.853878911796766,0.8731971130894645,Exceeding (>=120%),2.0,11.0,230263.25,0.0,0.0,230263.25,CP2025,213486.0,T3 Accelerator,0.015,213486.0,3202.29,1,0.014891282325095243,6 150%+
63,202510,20251001,6,65,0,UAE Enterprise,AE,ENT,148016.96,155579.63999999998,155579.63999999998,0.0,170950.0,15370.36,71362.14,8.0,81231.98,63715.799999999996,REP-055,Nour Fathy,2025,1.0510933341692736,7562.679999999993,0.08991143609242469,19447.454999999998,-0.0,0.5221247458857727,0.4095381632198146,0.45868559665005015,-0.2765238803241803,1217729.66,1391928.72,0.8748505886134743,0.9299973955504646,On Target (100-119%),3.0,24.0,171508.59,0.0,0.0,171508.59,CP2025,222025.44,T2 On Target,0.01,171508.59,1715.0859,0,0.011023845408049538,4 100-119%
63,202511,20251101,6,66,0,UAE Enterprise,AE,ENT,153709.92,178614.52,178614.52,0.0,194400.0,15785.48,84284.52,9.0,8810.37,41613.6,REP-055,Nour Fathy,2025,1.162023374938976,24904.599999999977,0.08120102880658436,19846.057777777776,-0.0,0.049326169003505435,0.23297993914492507,0.47187944182813363,0.1480584477506183,1396344.18,1545638.64,0.9034092082480547,1.2368825167061936,On Target (100-119%),2.0,25.0,189017.92,0.0,0.0,189017.92,CP2025,230564.88,T2 On Target,0.01,189017.92,1890.1792000000003,0,0.010582449847862314,4 100-119%
63,202512,20251201,6,67,0,UAE Enterprise,AE,ENT,162249.36,268203.19,268203.19,0.0,292349.95,24146.76,119676.69,10.0,81128.94,139040.46,REP-055,Nour Fathy,2025,1.6530308039427708,105953.83000000002,0.08259539637342164,26820.319,-0.0,0.3024905855892318,0.5184146392889659,0.44621650473284824,0.5015755158091292,1664547.3699999999,1707888.0,0.9746232598390526,1.2983366346518088,Exceeding (>=120%),2.0,9.0,302963.305,0.0,0.0,302963.305,CP2025,243374.03999999998,T3 Accelerator,0.015,243374.03999999998,3650.6105999999995,1,0.013611361594916152,6 150%+
64,202401,20240101,6,62,0,UAE Enterprise,AE,ENT,108908.8,92356.54000000001,92356.54000000001,0.0,104600.0,12243.460000000001,36988.54,4.0,21037.08,18013.8,REP-056,Youssef Rizk,2024,0.8480172401128284,-16552.259999999995,0.11705028680688337,23089.135000000002,-0.0,0.22778116200541942,0.19504628475687805,0.40049724686524635,,92356.54000000001,108908.8,0.8480172401128284,0.8480172401128284,Near Target (80-99%),3.0,32.0,96859.99,0.0,0.0,96859.99,CP2024,163363.2,T1 Approaching,0.005,96859.99,484.29995,0,0.0052438078559460975,3 80-99%
64,202402,20240201,6,63,0,UAE Enterprise,AE,ENT,117572.0,73814.22,73814.22,0.0,83400.0,9585.779999999999,38624.219999999994,2.0,0.0,47457.299999999996,REP-056,Youssef Rizk,2024,0.6278214200660022,-43757.78,0.11493741007194243,36907.11,-0.0,0.0,0.6429289640939103,0.5232625908666378,-0.2007688897830084,166170.76,226480.8,0.7337079346240388,0.7337079346240388,Below Target (<80%),8.0,59.0,85678.545,0.0,0.0,85678.545,CP2024,176358.0,T0 Below Gate,0.0,85678.545,0.0,0,0.0,2 60-79%
64,202403,20240301,6,64,0,UAE Enterprise,AE,ENT,123760.0,260106.77,260106.77,0.0,292800.0,32693.23,117624.76999999999,11.0,134976.94,132875.46,REP-056,Youssef Rizk,2024,2.1017030542986426,136346.77,0.111657206284153,23646.07,-0.0,0.5189289767428968,0.5108496791529109,0.45221725678266655,2.5238030016438566,426277.53,350240.8,1.2170984362758424,1.2170984362758424,Exceeding (>=120%),1.0,3.0,293325.635,0.0,0.0,293325.635,CP2024,185640.0,T3 Accelerator,0.015,185640.0,2784.6,1,0.010705603702664102,6 150%+
64,202404,20240401,6,65,0,UAE Enterprise,AE,ENT,123760.0,228360.74,228360.74,0.0,260000.0,31639.260000000002,113820.74,6.0,137146.5,115424.45999999999,REP-056,Youssef Rizk,2024,1.8451902068519714,104600.73999999999,0.12168946153846155,38060.12333333333,-0.0,0.6005695199621441,0.5054479154341504,0.49842516712811497,-0.12204999508471079,654638.27,474000.8,1.3810910656690876,1.5401096983773952,Exceeding (>=120%),2.0,3.0,257216.85499999998,0.0,0.0,257216.85499999998,CP2024,185640.0,T3 Accelerator,0.015,185640.0,2784.6,1,0.012193864847346352,6 150%+
64,202405,20240501,6,66,0,UAE Enterprise,AE,ENT,123760.0,116621.34,116621.34,0.0,129600.0,12978.66,65831.34,5.0,15970.32,64452.479999999996,REP-056,Youssef Rizk,2024,0.9423185197155786,-7138.6600000000035,0.10014398148148149,23324.268,-0.0,0.13694166093443963,0.5526645466430071,0.5644879402003098,-0.48931090344163364,771259.61,597760.8,1.29024788845304,1.6297372602887308,Near Target (80-99%),4.0,36.0,132734.46,0.0,0.0,132734.46,CP2024,185640.0,T1 Approaching,0.005,132734.46,663.6723,0,0.005690830683303759,3 80-99%
64,202406,20240601,6,67,0,UAE Enterprise,AE,ENT,128710.4,175558.22,175558.22,0.0,196449.99,20891.77,93505.72,7.0,14620.43,84965.45999999999,REP-056,Youssef Rizk,2024,1.3639785130028343,46847.82000000001,0.10634650579518992,25079.745714285713,-0.0,0.08327966642632854,0.48397312299019657,0.5326194353075578,0.5053696004521986,946817.83,726471.2,1.3033108951875862,1.3835678881876634,Exceeding (>=120%),5.0,16.0,196799.585,0.0,0.0,196799.585,CP2024,193065.59999999998,T3 Accelerator,0.015,193065.59999999998,2895.9839999999995,1,0.016495861031172447,5 120-149%
64,202407,20240701,6,68,0,UAE Enterprise,AE,ENT,117572.0,63561.28,63561.28,0.0,71000.0,7438.72,31151.28,4.0,14205.36,29114.82,REP-056,Youssef Rizk,2024,0.5406157928758548,-54010.72,0.10477070422535212,15890.32,-0.0,0.223490779292047,0.45805905733805236,0.49009837435621184,-0.6379475708969936,1010379.11,844043.2,1.1970703750708496,0.9613515640369859,Below Target (<80%),7.0,50.0,70839.985,0.0,0.0,70839.985,CP2024,176358.0,T0 Below Gate,0.0,70839.985,0.0,0,0.0,1 <60%
64,202408,20240801,6,69,0,UAE Enterprise,AE,ENT,113859.2,151220.14,151220.14,0.0,166400.0,15179.86,71126.14,7.0,9562.68,54621.36,REP-056,Youssef Rizk,2024,1.3281328166718194,37360.94000000002,0.09122512019230769,21602.877142857145,-0.0,0.0632368148845782,0.36120426816163503,0.470348327940974,1.3791235796384216,1161599.25,957902.4,1.2126488565014557,1.0838504632622281,Exceeding (>=120%),1.0,10.0,164875.48,0.0,0.0,164875.48,CP2024,170788.8,T3 Accelerator,0.015,164875.48,2473.1322,0,0.01635451600560613,5 120-149%
64,202409,20240901,6,70,0,UAE Enterprise,AE,ENT,123760.0,88035.48,88035.48,0.0,97800.0,9764.52,47955.48,3.0,0.0,69620.52,REP-056,Youssef Rizk,2024,0.7113403361344538,-35724.520000000004,0.09984171779141104,29345.16,-0.0,0.0,0.7908234271000738,0.5447290115303512,-0.41783230725748577,1249634.73,1081662.4,1.1552909022260551,0.8525461779458502,Below Target (<80%),5.0,48.0,105440.61,0.0,0.0,105440.61,CP2024,185640.0,T0 Below Gate,0.0,105440.61,0.0,0,0.0,2 60-79%
64,202410,20241001,6,71,0,UAE Enterprise,AE,ENT,128710.4,245817.23,245817.23,0.0,270400.0,24582.77,115081.23,10.0,41560.840000000004,26595.239999999998,REP-056,Youssef Rizk,2024,1.9098474559942322,117106.83000000002,0.09091261094674556,24581.723,-0.0,0.16907211915128978,0.1081911141867476,0.46815770399821033,1.7922518284673408,1495451.96,1210372.8,1.2355300449580493,1.3241432032792326,Exceeding (>=120%),2.0,7.0,252466.04,0.0,0.0,252466.04,CP2024,193065.59999999998,T3 Accelerator,0.015,193065.59999999998,2895.9839999999995,1,0.011781045616696597,6 150%+
64,202411,20241101,6,72,0,UAE Enterprise,AE,ENT,133660.8,302679.45,302679.45,0.0,337800.0,35120.55,159819.45,13.0,84036.48,180724.32,REP-056,Youssef Rizk,2024,2.264534179056238,169018.65000000002,0.10396847246891652,23283.034615384615,-0.0,0.2776418418891669,0.5970815659933306,0.5280155293000566,0.23131909833985193,1798131.4100000001,1344033.6,1.3378619477965432,1.6484867319708951,Exceeding (>=120%),1.0,3.0,347860.53,0.0,0.0,347860.53,CP2024,200491.19999999998,T3 Accelerator,0.015,200491.19999999998,3007.3679999999995,1,0.009935818239394843,6 150%+
64,202412,20241201,6,73,0,UAE Enterprise,AE,ENT,141086.4,156384.68,156384.68,0.0,173200.0,16815.32,75474.68,5.0,65376.600000000006,23294.22,REP-056,Youssef Rizk,2024,1.1084319962802935,15298.279999999999,0.09708614318706697,31276.935999999998,-0.0,0.41804990105168877,0.14895461627059634,0.48262195504060884,-0.4833323504453309,1954516.09,1485120.0,1.3160661024024995,1.7471014550227835,On Target (100-119%),7.0,35.0,162208.23500000002,0.0,0.0,162208.23500000002,CP2024,211629.59999999998,T2 On Target,0.01,162208.23500000002,1622.0823500000001,0,0.010372386540676492,4 100-119%
64,202501,20250101,6,74,0,UAE Enterprise,AE,ENT,125245.12,81356.42,81356.42,0.0,91600.0,10243.58,31671.42,5.0,27800.379999999997,39301.44,REP-056,Youssef Rizk,2025,0.6495775643793547,-43888.7,0.11182947598253275,16271.284,-0.0,0.34171095532473034,0.48307730354900086,0.38929220336883064,-0.479767327592447,81356.42,125245.12,0.6495775643793547,1.3510773156844613,Below Target (<80%),6.0,50.0,91181.78,0.0,0.0,91181.78,CP2025,187867.68,T0 Below Gate,0.0,91181.78,0.0,0,0.0,2 60-79%
64,202502,20250201,6,75,0,UAE Enterprise,AE,ENT,135207.8,82077.12,82077.12,0.0,91200.0,9122.88,32741.12,6.0,13559.3,25473.66,REP-056,Youssef Rizk,2025,0.6070442681561271,-53130.67999999999,0.10003157894736842,13679.519999999999,-0.0,0.16520194665699772,0.3103624980993485,0.3989067842536385,0.008858551052270947,163433.53999999998,260452.91999999998,0.6274974379246736,0.796480454267841,Below Target (<80%),7.0,50.0,88445.535,0.0,0.0,88445.535,CP2025,202811.69999999998,T0 Below Gate,0.0,88445.535,0.0,0,0.0,2 60-79%
64,202503,20250301,6,76,0,UAE Enterprise,AE,ENT,142324.0,93736.65000000001,93736.65000000001,0.0,105900.0,12163.35,42460.65,4.0,65714.36,41549.28,REP-056,Youssef Rizk,2025,0.6586144993114303,-48587.34999999999,0.11485694050991502,23434.162500000002,-0.0,0.7010530032810005,0.44325543957459534,0.45297810408202127,0.14205578850719924,257170.19,402776.92,0.6384928659765312,0.6384928659765312,Below Target (<80%),5.0,41.0,104123.97,0.0,0.0,104123.97,CP2025,213486.0,T0 Below Gate,0.0,104123.97,0.0,0,0.0,2 60-79%
64,202504,20250401,6,77,0,UAE Enterprise,AE,ENT,142324.0,56353.53,56353.53,0.0,63000.0,6646.469999999999,26713.53,3.0,22762.29,33591.240000000005,REP-056,Youssef Rizk,2025,0.39595240437312046,-85970.47,0.10549952380952379,18784.51,-0.0,0.4039195060185227,0.5960804939814774,0.4740347232906261,-0.398810070554047,313523.72,545100.9199999999,0.5751663746962673,0.5529691384518209,Below Target (<80%),6.0,59.0,64751.340000000004,0.0,0.0,64751.340000000004,CP2025,213486.0,T0 Below Gate,0.0,64751.340000000004,0.0,0,0.0,1 <60%
64,202505,20250501,6,78,0,UAE Enterprise,AE,ENT,142324.0,64260.84,64260.84,0.0,70800.0,6539.16,33360.84,3.0,0.0,58812.240000000005,REP-056,Youssef Rizk,2025,0.45151091874877036,-78063.16,0.09236101694915254,21420.28,-0.0,0.0,0.9152111923840399,0.5191472753857559,0.14031614346075566,377784.56,687424.9199999999,0.5495648310218373,0.5020259408111071,Below Target (<80%),8.0,67.0,78963.9,0.0,0.0,78963.9,CP2025,213486.0,T0 Below Gate,0.0,78963.9,0.0,0,0.0,1 <60%
64,202506,20250601,6,79,0,UAE Enterprise,AE,ENT,148016.96,107527.70999999999,107527.70999999999,0.0,118950.0,11422.289999999999,54780.21,6.0,14911.11,19473.660000000003,REP-056,Youssef Rizk,2025,0.7264553332266789,-40489.25,0.09602597730138714,17921.285,-0.0,0.13867225480762124,0.18110364295863834,0.509452028691023,0.6733007224928899,485312.27,835441.88,0.580904885926954,0.5272950229202753,Below Target (<80%),8.0,58.0,112396.125,0.0,0.0,112396.125,CP2025,222025.44,T0 Below Gate,0.0,112396.125,0.0,0,0.0,2 60-79%
64,202507,20250701,6,80,0,UAE Enterprise,AE,ENT,135207.8,116492.51,116492.51,0.0,129700.0,13207.49,46207.51,5.0,79469.64,32710.98,REP-056,Youssef Rizk,2025,0.8615812845116924,-18715.289999999994,0.10183107170393214,23298.502,-0.0,0.6821866916594037,0.2807989972917572,0.3966564889021621,0.0833719977855011,601804.78,970649.6799999999,0.6200020382224821,0.6774336741105766,Near Target (80-99%),6.0,35.0,124670.255,0.0,0.0,124670.255,CP2025,202811.69999999998,T1 Approaching,0.005,124670.255,623.351275,0,0.005350998746614696,3 80-99%
64,202508,20250801,6,81,0,UAE Enterprise,AE,ENT,130938.08,151591.16,151591.16,0.0,169500.0,17908.84,79807.16,8.0,20140.44,63224.82,REP-056,Youssef Rizk,2025,1.1577316545347236,20653.08,0.10565687315634219,18948.895,-0.0,0.13286025385649136,0.4170745840324726,0.526463152600719,0.30129533649845824,753395.94,1101587.76,0.683918220006366,0.9069171439909964,On Target (100-119%),4.0,10.0,167397.365,0.0,0.0,167397.365,CP2025,196407.12,T2 On Target,0.01,167397.365,1673.97365,0,0.011042686460081181,4 100-119%
64,202509,20250901,6,82,0,UAE Enterprise,AE,ENT,142324.0,148809.71,148809.71,0.0,166049.98,17240.27,75122.20999999999,7.0,50329.68,87622.26,REP-056,Youssef Rizk,2025,1.0455700373795003,6485.709999999992,0.10382578787422919,21258.53,-0.0,0.33821502642535894,0.5888208504673519,0.5048206195684408,-0.018348365432390726,902205.65,1243911.76,0.7252971464792648,1.0206220835670918,On Target (100-119%),5.0,27.0,170715.275,0.0,0.0,170715.275,CP2025,213486.0,T2 On Target,0.01,170715.275,1707.15275,0,0.01147205212616838,4 100-119%
64,202510,20251001,6,83,0,UAE Enterprise,AE,ENT,148016.96,235995.71,235995.71,0.0,264250.0,28254.29,111963.20999999999,13.0,22620.78,69748.14,REP-056,Youssef Rizk,2025,1.594382900446003,87978.75,0.10692257332071901,18153.516153846154,-0.0,0.09585250511545315,0.29554833856937485,0.47442900551031203,0.5858891869354493,1138201.3599999999,1391928.72,0.8177152634655027,1.273257221626787,Exceeding (>=120%),1.0,6.0,253432.745,0.0,0.0,253432.745,CP2025,222025.44,T3 Accelerator,0.015,222025.44,3330.3815999999997,1,0.01411204296891668,6 150%+
64,202511,20251101,6,84,0,UAE Enterprise,AE,ENT,153709.92,122495.73,122495.73,0.0,137099.99,14604.26,62285.73,5.0,0.0,25656.54,REP-056,Youssef Rizk,2025,0.7969279406299866,-31214.190000000017,0.10652269194184479,24499.146,-0.0,0.0,0.20944844363146373,0.5084726626797522,-0.4809408611707391,1260697.09,1545638.64,0.8156480158907001,1.1424392402960668,Below Target (<80%),7.0,52.0,128909.86499999999,0.0,0.0,128909.86499999999,CP2025,230564.88,T0 Below Gate,0.0,128909.86499999999,0.0,0,0.0,2 60-79%
64,202512,20251201,6,85,0,UAE Enterprise,AE,ENT,162249.36,369546.56,369546.56,0.0,412799.93,43253.37,185076.56,18.0,111596.42000000001,153832.92,REP-056,Youssef Rizk,2025,2.277645717678024,207297.2,0.10478046834940113,20530.364444444444,-0.0,0.30198202900332777,0.4162747990402076,0.5008206814318608,2.016811769683727,1630243.65,1707888.0,0.9545377975604957,1.569127763956189,Exceeding (>=120%),1.0,1.0,408004.79000000004,0.0,0.0,408004.79000000004,CP2025,243374.03999999998,T3 Accelerator,0.015,243374.03999999998,3650.6105999999995,1,0.009878621519301923,6 150%+
65,202401,20240101,7,39,0,UAE Channel,AE,CHN,63879.2,37264.979999999996,37264.979999999996,0.0,45000.0,7735.02,9472.980000000001,5.0,0.0,0.0,REP-057,Muna Al-Maamari,2024,0.5833664166113539,-26614.22,0.17188933333333334,7452.995999999999,-0.0,0.0,0.0,0.25420595958994213,,37264.979999999996,63879.2,0.5833664166113539,0.5833664166113539,Below Target (<80%),6.0,47.0,37264.979999999996,0.0,0.0,37264.979999999996,CP2024,95818.79999999999,T0 Below Gate,0.0,37264.979999999996,0.0,0,0.0,1 <60%
65,202402,20240201,7,40,0,UAE Channel,AE,CHN,68960.5,43841.270000000004,43841.270000000004,0.0,51900.0,8058.73,12103.27,5.0,2775.63,8921.16,REP-057,Muna Al-Maamari,2024,0.6357446654244097,-25119.229999999996,0.15527418111753372,8768.254,-0.0,0.0633108940502864,0.2034877183074304,0.27607024157831195,0.17647372949079831,81106.25,132839.7,0.6105573108039237,0.6105573108039237,Below Target (<80%),6.0,58.0,46071.56,0.0,0.0,46071.56,CP2024,103440.75,T0 Below Gate,0.0,46071.56,0.0,0,0.0,2 60-79%
65,202403,20240301,7,41,0,UAE Channel,AE,CHN,72590.0,47738.78,47738.78,0.0,57700.0,9961.22,12109.78,6.0,20316.71,0.0,REP-057,Muna Al-Maamari,2024,0.6576495385039262,-24851.22,0.1726381282495667,7956.463333333333,-0.0,0.42558083805241775,0.0,0.25366756335205887,0.0889004812132494,128845.03,205429.7,0.6271976739488009,0.6271976739488009,Below Target (<80%),6.0,54.0,47738.78,0.0,0.0,47738.78,CP2024,108885.0,T0 Below Gate,0.0,47738.78,0.0,0,0.0,2 60-79%
65,202404,20240401,7,42,0,UAE Channel,AE,CHN,72590.0,94505.85,94505.85,0.0,114650.0,20144.149999999998,33582.35,12.0,29366.77,22524.3,REP-057,Muna Al-Maamari,2024,1.3019127979060476,21915.850000000006,0.1757012647187091,7875.4875,-0.0,0.3107402345992338,0.238337626718346,0.3553467854106386,0.9796452695272063,223350.88,278019.7,0.8033635026582648,0.8689897520553096,Exceeding (>=120%),3.0,18.0,100136.925,0.0,0.0,100136.925,CP2024,108885.0,T3 Accelerator,0.015,100136.925,1502.053875,0,0.015893766100193798,5 120-149%
65,202405,20240501,7,43,0,UAE Channel,AE,CHN,72590.0,31045.72,31045.72,0.0,37299.99,6254.27,12256.72,4.0,5833.8,2475.6,REP-057,Muna Al-Maamari,2024,0.42768590714974514,-41544.28,0.1676748438806552,7761.43,-0.0,0.18790995989141177,0.07974046019870049,0.39479580438140904,-0.6714941985072882,254396.6,350609.7,0.7255834621803104,0.7957494145199062,Below Target (<80%),6.0,62.0,31664.62,0.0,0.0,31664.62,CP2024,108885.0,T0 Below Gate,0.0,31664.62,0.0,0,0.0,1 <60%
65,202406,20240601,7,44,0,UAE Channel,AE,CHN,75493.6,77252.41,77252.41,0.0,92699.97,15447.56,28600.41,8.0,6741.04,18923.22,REP-057,Muna Al-Maamari,2024,1.0232974715737493,1758.8099999999977,0.16664039912850026,9656.55125,-0.0,0.08725993143773766,0.2449531347954064,0.3702202947454972,1.4883433207540364,331649.01,426103.3,0.7783300669110049,0.9190223932541094,On Target (100-119%),5.0,41.0,81983.215,0.0,0.0,81983.215,CP2024,113240.40000000001,T2 On Target,0.01,81983.215,819.83215,0,0.010612382836988515,4 100-119%
65,202407,20240701,7,45,0,UAE Channel,AE,CHN,68960.5,86408.87,86408.87,0.0,103299.97,16891.1,33061.87,7.0,10839.64,6562.4400000000005,REP-057,Muna Al-Maamari,2024,1.2530197721884266,17448.369999999995,0.16351505232770153,12344.124285714284,-0.0,0.12544591776284078,0.07594636985763152,0.38262125173029116,0.11852652881638244,418057.88,495063.8,0.8444525331886517,0.8970849702894482,Exceeding (>=120%),5.0,16.0,88049.48,0.0,0.0,88049.48,CP2024,103440.75,T3 Accelerator,0.015,88049.48,1320.7422,0,0.015284798886966117,5 120-149%
65,202408,20240801,7,46,0,UAE Channel,AE,CHN,66782.8,-233.46000000000004,5957.82,-6191.28,7500.0,1542.18,-188.46000000000026,1.0,5957.82,2325.6,REP-057,Muna Al-Maamari,2024,-0.003495810298460083,-67016.26000000001,0.205624,5957.82,1.0391854738813862,1.0,0.39034411915767847,0.8072474942174258,-1.0027018059604298,417824.42,561846.6,0.7436628076062043,0.7736707933131002,Below Target (<80%),8.0,68.0,6539.219999999999,-6191.28,0.0,347.9399999999996,CP2024,100174.20000000001,T0 Below Gate,0.0,347.9399999999996,0.0,0,-0.0,1 <60%
65,202409,20240901,7,47,0,UAE Channel,AE,CHN,72590.0,31552.58,31552.58,0.0,37600.0,6047.42,9632.58,3.0,0.0,0.0,REP-057,Muna Al-Maamari,2024,0.43466841162694586,-41037.42,0.16083563829787234,10517.526666666667,-0.0,0.0,0.0,0.3052866041382353,-136.151974642337,449377.0,634436.6,0.708308757722994,0.5650944424151108,Below Target (<80%),8.0,60.0,31552.58,0.0,0.0,31552.58,CP2024,108885.0,T0 Below Gate,0.0,31552.58,0.0,0,0.0,1 <60%
65,202410,20241001,7,48,0,UAE Channel,AE,CHN,75493.6,37948.04,37948.04,0.0,45949.979999999996,8001.9400000000005,10941.54,5.0,0.0,12112.800000000001,REP-057,Muna Al-Maamari,2024,0.502665656426505,-37545.560000000005,0.1741445806940504,7589.608,-0.0,0.0,0.31919435101259513,0.2883295158327018,0.2026921411814818,487325.04000000004,709930.2,0.6864407796710157,0.32237315839051617,Below Target (<80%),7.0,57.0,40976.240000000005,0.0,0.0,40976.240000000005,CP2024,113240.40000000001,T0 Below Gate,0.0,40976.240000000005,0.0,0,0.0,1 <60%
65,202411,20241101,7,49,0,UAE Channel,AE,CHN,78397.2,68534.12,68534.12,0.0,83000.0,14465.88,17545.12,8.0,9182.13,11386.74,REP-057,Muna Al-Maamari,2024,0.8741909149816575,-9863.080000000002,0.1742877108433735,8566.765,-0.0,0.13397895821818387,0.16614702282600258,0.25600562172535374,0.8059989396026777,555859.16,788327.4,0.7051120638455546,0.6094765649008658,Near Target (80-99%),5.0,41.0,71380.80500000001,0.0,0.0,71380.80500000001,CP2024,117595.79999999999,T1 Approaching,0.005,71380.80500000001,356.90402500000005,0,0.005207683778532504,3 80-99%
65,202412,20241201,7,50,0,UAE Channel,AE,CHN,82752.6,103536.45,103536.45,0.0,124899.95999999999,21363.510000000002,25376.45,13.0,10139.25,10215.06,REP-057,Muna Al-Maamari,2024,1.2511564591324018,20783.84999999999,0.17104497071095942,7964.342307692307,-0.0,0.09792927997821058,0.09866148588250805,0.24509677509707936,0.5107285247114869,659395.61,871080.0,0.756986281397805,0.8874898264646297,Exceeding (>=120%),6.0,26.0,106090.215,0.0,0.0,106090.215,CP2024,124128.90000000001,T3 Accelerator,0.015,106090.215,1591.3532249999998,0,0.015369980572059403,5 120-149%
65,202501,20250101,7,51,0,UAE Channel,AE,CHN,73461.08,46037.020000000004,60535.44,-14498.42,71749.99,11214.55,17917.02,6.0,0.0,20613.24,REP-057,Muna Al-Maamari,2025,0.6266858586887097,-27424.059999999998,0.15630037021607945,10089.24,0.23950300848560777,0.0,0.34051524198056543,0.3891872236734697,-0.5553544669534255,46037.020000000004,73461.08,0.6266858586887097,0.9296567576064675,Below Target (<80%),3.0,52.0,65688.75,-14498.42,0.0,51190.33,CP2025,110191.62,T0 Below Gate,0.0,51190.33,0.0,0,0.0,2 60-79%
65,202502,20250201,7,52,0,UAE Channel,AE,CHN,79304.57,61016.35,61686.35,-670.0,74599.94,12913.59,21836.350000000002,8.0,24145.44,10841.34,REP-057,Muna Al-Maamari,2025,0.7693926087739962,-18288.22000000001,0.17310456281868322,7710.79375,0.010861398024036111,0.39142273776937686,0.1757494161998562,0.3578770280424837,0.32537575194919205,107053.37,152765.65000000002,0.7007685955579672,0.8941549964811645,Below Target (<80%),3.0,41.0,64396.685,-670.0,0.0,63726.685,CP2025,118956.85500000001,T0 Below Gate,0.0,63726.685,0.0,0,0.0,2 60-79%
65,202503,20250301,7,53,0,UAE Channel,AE,CHN,83478.5,33265.58,53584.31,-20318.73,64049.99,10465.68,9310.08,5.0,18258.24,12360.0,REP-057,Muna Al-Maamari,2025,0.39849278556754136,-50212.92,0.16339862035887906,10716.862,0.3791917820720282,0.3407385482802709,0.23066453594345063,0.27987126633595444,-0.45480875208038496,140318.95,236244.15000000002,0.5939573530180535,0.5939573530180535,Below Target (<80%),6.0,60.0,56674.31,-21304.649999999998,0.0,35369.66,CP2025,125217.75,T0 Below Gate,0.0,35369.66,0.0,0,0.0,1 <60%
65,202504,20250401,7,54,0,UAE Channel,AE,CHN,83478.5,17574.79,27714.04,-10139.25,33550.0,5835.96,8117.29,3.0,0.0,10381.74,REP-057,Muna Al-Maamari,2025,0.21053073545883072,-65903.70999999999,0.17394813710879284,9238.013333333334,0.3658524704445833,0.0,0.3746021871946493,0.4618712371527625,-0.47168244173106255,157893.74,319722.65,0.4938459630557922,0.45421914592682894,Below Target (<80%),7.0,69.0,30309.475,0.0,-10139.25,30309.475,CP2025,125217.75,T0 Below Gate,0.0,30309.475,0.0,0,0.0,1 <60%
65,202505,20250501,7,55,0,UAE Channel,AE,CHN,83478.5,128372.73,128372.73,0.0,154499.97,26127.24,40523.73,14.0,9635.04,25586.7,REP-057,Muna Al-Maamari,2025,1.5377939229861581,44894.229999999996,0.1691083823511422,9169.480714285713,-0.0,0.07505519279678792,0.19931569578679212,0.31567241734284224,6.304367790454395,286266.47,403201.15,0.7099842597175131,0.7156058146708434,Exceeding (>=120%),1.0,8.0,134769.405,0.0,0.0,134769.405,CP2025,125217.75,T3 Accelerator,0.015,125217.75,1878.26625,1,0.014631349274881043,6 150%+
65,202506,20250601,7,56,0,UAE Channel,AE,CHN,86817.64,33454.99,33454.99,0.0,41549.99,8095.0,11556.49,4.0,5418.8,12087.3,REP-057,Muna Al-Maamari,2025,0.3853478394482964,-53362.65,0.19482555832143403,8363.7475,-0.0,0.16197284769775752,0.36130036206855837,0.34543396964100126,-0.7393917695759838,319721.46,490018.79000000004,0.6524677553691359,0.7069363195629004,Below Target (<80%),7.0,73.0,36476.815,0.0,0.0,36476.815,CP2025,130226.45999999999,T0 Below Gate,0.0,36476.815,0.0,0,0.0,1 <60%
65,202507,20250701,7,57,0,UAE Channel,AE,CHN,79304.57,46256.07,46256.07,0.0,57100.0,10843.93,18726.07,6.0,6553.2,9882.599999999999,REP-057,Muna Al-Maamari,2025,0.5832711784453278,-33048.50000000001,0.18991120840630474,7709.345,-0.0,0.14167221728953627,0.21364979774546344,0.4048348681589249,0.3826358937784768,365977.53,569323.36,0.6428289364413222,0.833666659041154,Below Target (<80%),7.0,57.0,48726.72,0.0,0.0,48726.72,CP2025,118956.85500000001,T0 Below Gate,0.0,48726.72,0.0,0,0.0,1 <60%
65,202508,20250801,7,58,0,UAE Channel,AE,CHN,76800.22,63630.5,63630.5,0.0,78699.98,15069.48,22897.5,8.0,8789.18,12007.800000000001,REP-057,Muna Al-Maamari,2025,0.8285197620527649,-13169.720000000001,0.19148009948668349,7953.8125,-0.0,0.1381284132609362,0.1887113884065032,0.35985101484351056,0.37561405454462515,429608.03,646123.5800000001,0.664900714504182,0.590071324414135,Near Target (80-99%),1.0,32.0,66632.45,0.0,0.0,66632.45,CP2025,115200.33,T0 Below Gate,0.0,66632.45,0.0,0,0.0,3 80-99%
65,202509,20250901,7,59,0,UAE Channel,AE,CHN,83478.5,52523.29,52523.29,0.0,65099.979999999996,12576.689999999999,16514.29,5.0,26586.300000000003,8736.240000000002,REP-057,Muna Al-Maamari,2025,0.6291834424432639,-30955.21,0.193190381932529,10504.658,-0.0,0.5061811626804034,0.1663307839246171,0.3144184227606458,-0.1745579556973464,482131.32,729602.0800000001,0.6608140700476073,0.6778847556521993,Below Target (<80%),8.0,61.0,54707.350000000006,0.0,0.0,54707.350000000006,CP2025,125217.75,T0 Below Gate,0.0,54707.350000000006,0.0,0,0.0,2 60-79%
65,202510,20251001,7,60,0,UAE Channel,AE,CHN,86817.64,56095.5,56095.5,0.0,70149.97,14054.47,16482.0,8.0,11502.68,13759.92,REP-057,Muna Al-Maamari,2025,0.646130210404245,-30722.14,0.20034890962889934,7011.9375,-0.0,0.20505530746673084,0.24529454234296869,0.29382035992191885,0.06801192385320871,538226.82,816419.72,0.6592525962013754,0.6970935953892643,Below Target (<80%),9.0,57.0,59535.48,0.0,0.0,59535.48,CP2025,130226.45999999999,T0 Below Gate,0.0,59535.48,0.0,0,0.0,2 60-79%
65,202511,20251101,7,61,0,UAE Channel,AE,CHN,90156.78,26327.22,26327.22,0.0,32249.98,5922.76,7521.72,5.0,9360.65,6399.0,REP-057,Muna Al-Maamari,2025,0.292015974838498,-63829.56,0.18365158676067397,5265.444,-0.0,0.3555502631876818,0.24305642601079794,0.28570126279949043,-0.5306714442334947,564554.04,906576.5,0.622731826823219,0.5181205493875821,Below Target (<80%),9.0,75.0,27926.97,0.0,0.0,27926.97,CP2025,135235.16999999998,T0 Below Gate,0.0,27926.97,0.0,0,0.0,1 <60%
65,202512,20251201,7,62,0,UAE Channel,AE,CHN,95165.49,60113.39,60113.39,0.0,74200.0,14086.609999999999,27069.39,7.0,0.0,17856.6,REP-057,Muna Al-Maamari,2025,0.6316721534245239,-35052.100000000006,0.1898464959568733,8587.627142857144,-0.0,0.0,0.2970486276019369,0.4503054976603382,1.2833170384111956,624667.43,1001741.99,0.6235811578588216,0.5237604069171625,Below Target (<80%),9.0,66.0,64577.54,0.0,0.0,64577.54,CP2025,142748.23500000002,T0 Below Gate,0.0,64577.54,0.0,0,0.0,2 60-79%
66,202401,20240101,7,58,0,UAE Channel,AE,CHN,63879.2,59658.56,59658.56,0.0,73150.0,13491.44,19296.06,7.0,6568.07,17151.6,REP-058,Muna Shawky,2024,0.9339277887011734,-4220.639999999999,0.18443526999316473,8522.651428571427,-0.0,0.11009434354432959,0.2874960441552729,0.3234415983221855,,59658.56,63879.2,0.9339277887011734,0.9339277887011734,Near Target (80-99%),4.0,28.0,63946.46,0.0,0.0,63946.46,CP2024,95818.79999999999,T1 Approaching,0.005,63946.46,319.7323,0,0.005359370055194092,3 80-99%
66,202402,20240201,7,59,0,UAE Channel,AE,CHN,68960.5,101243.08,101243.08,0.0,124449.99,23206.91,33827.58,11.0,16419.97,14958.0,REP-058,Muna Shawky,2024,1.4681314665641925,32282.58,0.1864757883869657,9203.916363636365,-0.0,0.1621836277600405,0.1477434309584418,0.33412239137726746,0.6970419668191791,160901.64,132839.7,1.2112466378650357,1.2112466378650357,Exceeding (>=120%),2.0,18.0,104982.58,0.0,0.0,104982.58,CP2024,103440.75,T3 Accelerator,0.015,103440.75,1551.61125,1,0.015325602994298474,5 120-149%
66,202403,20240301,7,60,0,UAE Channel,AE,CHN,72590.0,83317.3,83317.3,0.0,101549.95999999999,18232.66,20123.8,9.0,13049.85,10569.36,REP-058,Muna Shawky,2024,1.1477793084446895,10727.300000000003,0.17954374378877158,9257.477777777778,-0.0,0.15662833529171014,0.1268567272343199,0.24153207077041622,-0.17705684181081807,244218.94,205429.7,1.188820019695302,1.188820019695302,On Target (100-119%),2.0,19.0,85959.64,0.0,0.0,85959.64,CP2024,108885.0,T2 On Target,0.01,85959.64,859.5964,0,0.010317141818085799,4 100-119%
66,202404,20240401,7,61,0,UAE Channel,AE,CHN,72590.0,58764.03,65577.83,-6813.8,80749.95,15172.12,21207.53,7.0,4606.7699999999995,16427.4,REP-058,Muna Shawky,2024,0.809533406805345,-13825.970000000001,0.18789014730040082,9368.261428571428,0.10390401756203278,0.07024889356662152,0.25050234202626104,0.360893049710852,-0.2946959394987596,302982.97,278019.7,1.0897895724655482,1.1362839350800058,Near Target (80-99%),5.0,40.0,69684.68,-8064.05,0.0,61620.62999999999,CP2024,108885.0,T1 Approaching,0.005,61620.62999999999,308.10314999999997,0,0.005243056849572774,3 80-99%
66,202405,20240501,7,62,0,UAE Channel,AE,CHN,72590.0,138945.77,150387.61,-11441.84,183449.91,33062.3,42772.27,13.0,4324.65,23407.62,REP-058,Muna Shawky,2024,1.9141172337787573,66355.76999999999,0.18022521788100088,11568.27769230769,0.07608233151653918,0.028756690793875904,0.15564859365741635,0.30783427232077665,1.3644697274846533,441928.74,350609.7,1.260457825325426,1.2904766496762639,Exceeding (>=120%),1.0,6.0,156239.51499999998,-11441.84,0.0,144797.675,CP2024,108885.0,T3 Accelerator,0.015,108885.0,1633.2749999999999,1,0.01175476590615173,6 150%+
66,202406,20240601,7,63,0,UAE Channel,AE,CHN,75493.6,88626.41,88626.41,0.0,108200.0,19573.59,42182.41,7.0,0.0,58754.7,REP-058,Muna Shawky,2024,1.1739592495257876,13132.809999999998,0.18090194085027728,12660.915714285715,-0.0,0.0,0.6629479858204794,0.4759575616342804,-0.3621510752000582,530555.15,426103.3,1.2451326943489995,1.297555348714119,On Target (100-119%),3.0,27.0,103315.08499999999,0.0,0.0,103315.08499999999,CP2024,113240.40000000001,T2 On Target,0.01,103315.08499999999,1033.15085,0,0.011657369964551198,4 100-119%
66,202407,20240701,7,64,0,UAE Channel,AE,CHN,68960.5,120059.92,123621.28,-3561.36,152349.93,28728.65,45269.42,12.0,29584.34,49529.7,REP-058,Muna Shawky,2024,1.7409954974224375,51099.42,0.1885701555622638,10301.773333333333,0.02880863230019945,0.23931429928568934,0.40065674777028676,0.37705688959312983,0.35467430080943135,650615.07,495063.8,1.3142044924310765,1.6016657444270543,Exceeding (>=120%),2.0,6.0,136003.70500000002,-3561.36,0.0,132442.34500000003,CP2024,103440.75,T3 Accelerator,0.015,103440.75,1551.61125,1,0.012923640545487619,6 150%+
66,202408,20240801,7,65,0,UAE Channel,AE,CHN,66782.8,58528.66,58528.66,0.0,71550.0,13021.34,21861.16,6.0,8941.46,17294.4,REP-058,Muna Shawky,2024,0.8764032056158173,-8254.14,0.1819893780573026,9754.776666666667,-0.0,0.1527706255362757,0.2954860063428755,0.373512053752811,-0.5125045893750387,709143.73,561846.6,1.2621660965822343,1.2650014746476586,Near Target (80-99%),5.0,31.0,62852.26,0.0,0.0,62852.26,CP2024,100174.20000000001,T1 Approaching,0.005,62852.26,314.2613,0,0.005369357507928594,3 80-99%
66,202409,20240901,7,66,0,UAE Channel,AE,CHN,72590.0,97379.15,97379.15,0.0,118849.88,21470.73,28059.649999999998,9.0,14817.15,31965.0,REP-058,Muna Shawky,2024,1.3414953850392615,24789.149999999994,0.18065420007155245,10819.905555555555,-0.0,0.1521593688176576,0.3282530192551486,0.28814843834640164,0.6637857418912374,806522.88,634436.6,1.2712426742088965,1.3246453159432505,Exceeding (>=120%),5.0,20.0,105370.4,0.0,0.0,105370.4,CP2024,108885.0,T3 Accelerator,0.015,105370.4,1580.5559999999998,0,0.016230948822206805,5 120-149%
66,202410,20241001,7,67,0,UAE Channel,AE,CHN,75493.6,74188.06,83129.52,-8941.46,101899.95,18770.43,19409.06,8.0,43468.6,16096.08,REP-058,Muna Shawky,2024,0.9827066135407504,-1305.5400000000081,0.1842045064791494,10391.19,0.10756058738219586,0.5229020930230319,0.19362652400735622,0.2616197269479752,-0.23815252032904372,880710.94,709930.2,1.2405599029313024,1.0708787879352006,Near Target (80-99%),2.0,31.0,87153.54,-8941.46,0.0,78212.07999999999,CP2024,113240.40000000001,T1 Approaching,0.005,78212.07999999999,391.06039999999996,0,0.005271204018544223,3 80-99%
66,202411,20241101,7,68,0,UAE Channel,AE,CHN,78397.2,62695.6,62695.6,0.0,78149.98,15454.38,14416.1,4.0,8436.02,2501.7,REP-058,Muna Shawky,2024,0.7997173368436628,-15701.599999999999,0.1977528337179357,15673.9,-0.0,0.13455521599601886,0.039902321694026376,0.2299379860787679,-0.15490983319957416,943406.54,788327.4,1.196719205751316,1.0343605727284608,Below Target (<80%),7.0,46.0,63321.025,0.0,0.0,63321.025,CP2024,117595.79999999999,T0 Below Gate,0.0,63321.025,0.0,0,0.0,2 60-79%
66,202412,20241201,7,69,0,UAE Channel,AE,CHN,82752.6,123107.47,123107.47,0.0,152099.94,28992.47,37220.47,15.0,51461.35,26914.800000000003,REP-058,Muna Shawky,2024,1.487656822867197,40354.869999999995,0.19061460510766803,8207.164666666667,-0.0,0.4180197188684001,0.21862848777576213,0.30234127953405265,0.9635743178149664,1066514.01,871080.0,1.2243582793773247,1.0986620797368527,Exceeding (>=120%),2.0,14.0,129836.17,0.0,0.0,129836.17,CP2024,124128.90000000001,T3 Accelerator,0.015,124128.90000000001,1861.9335,1,0.015124455892075436,5 120-149%
66,202501,20250101,7,70,0,UAE Channel,AE,CHN,73461.08,39187.4,39187.4,0.0,47099.97,7912.57,3897.4,5.0,0.0,0.0,REP-058,Muna Shawky,2025,0.5334443762601911,-34273.68,0.167995223776151,7837.4800000000005,-0.0,0.0,0.0,0.0994554372068573,-0.6816813796920691,39187.4,73461.08,0.5334443762601911,0.9589941864588718,Below Target (<80%),4.0,57.0,39187.4,0.0,0.0,39187.4,CP2025,110191.62,T0 Below Gate,0.0,39187.4,0.0,0,0.0,1 <60%
67,202401,20240101,7,72,0,UAE Channel,AE,CHN,63879.2,80515.97,87275.45,-6759.48,105949.99,18674.54,38463.47,9.0,11682.72,14905.5,REP-059,Noura Al-Mutairi,2024,1.2604411138523965,16636.770000000004,0.1762580628841966,9697.272222222222,0.07744995872264193,0.13386032383677196,0.17078685930579562,0.47771230974426565,,80515.97,63879.2,1.2604411138523965,1.2604411138523965,Exceeding (>=120%),2.0,16.0,91001.825,-6759.48,0.0,84242.345,CP2024,95818.79999999999,T3 Accelerator,0.015,84242.345,1263.635175,0,0.01569421786758577,5 120-149%
67,202402,20240201,7,73,0,UAE Channel,AE,CHN,68960.5,10901.76,10901.76,0.0,13200.0,2298.24,6941.759999999999,1.0,0.0,9926.4,REP-059,Noura Al-Mutairi,2024,0.15808702083076545,-58058.74,0.17410909090909088,10901.76,-0.0,0.0,0.9105318774216273,0.6367558999647762,-0.8646012710273503,91417.73,132839.7,0.6881807923384349,0.6881807923384349,Below Target (<80%),8.0,68.0,13383.36,0.0,0.0,13383.36,CP2024,103440.75,T0 Below Gate,0.0,13383.36,0.0,0,0.0,1 <60%
67,202403,20240301,7,74,0,UAE Channel,AE,CHN,72590.0,37697.67,37697.67,0.0,45699.979999999996,8002.31,4017.67,5.0,11966.24,0.0,REP-059,Noura Al-Mutairi,2024,0.5193231850117096,-34892.33,0.17510532827366668,7539.534,-0.0,0.31742651468910416,0.0,0.10657608281891162,2.4579434880239517,129115.4,205429.7,0.6285137932830549,0.6285137932830549,Below Target (<80%),7.0,57.0,37697.67,0.0,0.0,37697.67,CP2024,108885.0,T0 Below Gate,0.0,37697.67,0.0,0,0.0,1 <60%
67,202404,20240401,7,75,0,UAE Channel,AE,CHN,72590.0,97681.65,97681.65,0.0,119899.97,22218.32,27388.65,11.0,14263.35,7321.8,REP-059,Noura Al-Mutairi,2024,1.34566262570602,25091.649999999994,0.18530713560645595,8880.15,-0.0,0.14601872511367284,0.074955736312808,0.280386848502252,1.5911853438156787,226797.05,278019.7,0.8157589192420537,0.6831079594938836,Exceeding (>=120%),2.0,15.0,99512.1,0.0,0.0,99512.1,CP2024,108885.0,T3 Accelerator,0.015,99512.1,1492.6815000000001,0,0.015281084011173032,5 120-149%
67,202405,20240501,7,76,0,UAE Channel,AE,CHN,72590.0,106766.48,117668.23999999999,-10901.76,142749.96,25081.72,32529.98,11.0,9152.92,24228.239999999998,REP-059,Noura Al-Mutairi,2024,1.4708152638104421,34176.479999999996,0.17570386709740585,10697.112727272726,0.09264827960374016,0.07778581544178786,0.20590296922941995,0.304683454957024,0.09300446910960249,333563.52999999997,350609.7,0.9513813508297116,1.1119336915093907,Exceeding (>=120%),2.0,13.0,123725.3,0.0,-10901.76,123725.3,CP2024,108885.0,T3 Accelerator,0.015,108885.0,1633.2749999999999,1,0.015297638359904718,5 120-149%
67,202406,20240601,7,77,0,UAE Channel,AE,CHN,,120608.92,120608.92,0.0,147000.0,26391.08,41864.92,13.0,11890.12,32115.0,REP-059,Noura Al-Mutairi,2024,,,0.17953115646258505,9277.60923076923,-0.0,0.09858408482556681,0.2662738377891121,0.34711296643730827,0.12965155355875743,454172.44999999995,,,2.238993318638931,No Target,,,128637.67,0.0,0.0,128637.67,CP2024,,No Target,0.0,0.0,0.0,0,0.0,No Target
67,202407,20240701,7,78,0,UAE Channel,AE,CHN,68960.5,151701.59,151701.59,0.0,184999.95,33298.36,53058.59,16.0,6117.75,37279.5,REP-059,Noura Al-Mutairi,2024,2.199833092857505,82741.09,0.17999118378140103,9481.349375,-0.0,0.0403275272197213,0.24574231555516327,0.3497563209456143,0.2577974332246736,605874.04,419570.2,1.4440349672116848,2.6780335639930626,Exceeding (>=120%),1.0,4.0,161021.465,0.0,0.0,161021.465,CP2024,103440.75,T3 Accelerator,0.015,103440.75,1551.61125,1,0.010228048697446085,6 150%+
67,202408,20240801,7,79,0,UAE Channel,AE,CHN,66782.8,158384.73,158384.73,0.0,194799.93,36415.2,62149.729999999996,13.0,46604.770000000004,53042.22,REP-059,Noura Al-Mutairi,2024,2.3716395538971113,91601.93000000001,0.1869364121434746,12183.44076923077,-0.0,0.2942503990125816,0.33489478436462905,0.3923972342535798,0.04405451518339402,764258.77,486353.0,1.5714075373237135,3.1728655484285415,Exceeding (>=120%),2.0,2.0,171645.285,0.0,0.0,171645.285,CP2024,100174.20000000001,T3 Accelerator,0.015,100174.20000000001,1502.613,1,0.009487107753380013,6 150%+
67,202409,20240901,7,80,0,UAE Channel,AE,CHN,72590.0,129563.26000000001,136952.45,-7389.1900000000005,164599.96,27647.510000000002,28587.76,12.0,0.0,17653.08,REP-059,Noura Al-Mutairi,2024,1.784863755338201,56973.26000000001,0.16796790230082684,11412.704166666668,0.053954419946485074,0.0,0.12889933695965278,0.22064711863532915,-0.18197126705333272,893822.03,558943.0,1.5991291240788417,2.1103183216509316,Exceeding (>=120%),1.0,3.0,141365.72,-8366.95,0.0,132998.77,CP2024,108885.0,T3 Accelerator,0.015,108885.0,1633.2749999999999,1,0.012606004202117172,6 150%+
67,202410,20241001,7,81,0,UAE Channel,AE,CHN,75493.6,39022.51,39022.51,0.0,47499.96,8477.45,10181.51,6.0,6141.51,4975.799999999999,REP-059,Noura Al-Mutairi,2024,0.5168982536267975,-36471.090000000004,0.17847278187181634,6503.751666666667,-0.0,0.15738377669709097,0.12751101864026684,0.26091376490133517,-0.6988150035743157,932844.54,634436.6,1.4703510799975916,1.5217386245592608,Below Target (<80%),6.0,56.0,40266.46,0.0,0.0,40266.46,CP2024,113240.40000000001,T0 Below Gate,0.0,40266.46,0.0,0,0.0,1 <60%
67,202411,20241101,7,82,0,UAE Channel,AE,CHN,78397.2,109180.16,117599.4,-8419.24,144049.95,26450.550000000003,44256.66,9.0,16761.94,23451.42,REP-059,Noura Al-Mutairi,2024,1.3926538192690556,30782.960000000006,0.1836206815760783,13066.599999999999,0.07159254213882044,0.14253423061682288,0.19941785417272537,0.4053544160404235,1.7978764051825469,1042024.7,712833.8,1.4618059637463878,1.2264436102309777,Exceeding (>=120%),3.0,17.0,123462.255,-3665.25,-4753.99,119797.005,CP2024,117595.79999999999,T3 Accelerator,0.015,117595.79999999999,1763.9369999999997,1,0.016156204570500717,5 120-149%
67,202412,20241201,7,83,0,UAE Channel,AE,CHN,82752.6,77346.43,77346.43,0.0,94200.0,16853.57,28986.43,7.0,22330.0,8550.24,REP-059,Noura Al-Mutairi,2024,0.9346706931262582,-5406.170000000013,0.17891263269639066,11049.49,-0.0,0.2887011074719286,0.11054472714513133,0.37476105878448435,-0.2915706480005159,1119371.13,795586.4,1.4069762001964838,0.9531180671001178,Near Target (80-99%),7.0,40.0,79483.99,0.0,0.0,79483.99,CP2024,124128.90000000001,T1 Approaching,0.005,79483.99,397.41995000000003,0,0.005138180908931415,3 80-99%
67,202501,20250101,7,84,0,UAE Channel,AE,CHN,73461.08,19735.32,19735.32,0.0,24900.0,5164.68,6913.32,2.0,11889.24,2347.5,REP-059,Noura Al-Mutairi,2025,0.268650011679654,-53725.76,0.20741686746987953,9867.66,-0.0,0.6024346197578757,0.11894917336024954,0.35030189528216416,-0.7448451079125435,19735.32,73461.08,0.268650011679654,0.8791660045774519,Below Target (<80%),8.0,70.0,20322.195,0.0,0.0,20322.195,CP2025,110191.62,T0 Below Gate,0.0,20322.195,0.0,0,0.0,1 <60%
67,202502,20250201,7,85,0,UAE Channel,AE,CHN,79304.57,86752.84,102007.07,-15254.23,123599.92,21592.85,28811.84,10.0,0.0,29406.3,REP-059,Noura Al-Mutairi,2025,1.0939198081522916,7448.2699999999895,0.1746995467310982,10200.707,0.14954090927226907,0.0,0.2882770772653307,0.3321140841037596,3.395816232014479,106488.16,152765.65000000002,0.6970687454935058,0.7805534815242555,On Target (100-119%),2.0,28.0,109358.645,0.0,-15254.23,109358.645,CP2025,118956.85500000001,T2 On Target,0.01,109358.645,1093.58645,0,0.012605771177058873,4 100-119%
68,202401,20240101,7,22,0,UAE Channel,AE,CHN,63879.2,16461.510000000002,16461.510000000002,0.0,20100.0,3638.49,8286.51,2.0,0.0,7541.4,REP-060,Samir Lotfy,2024,0.25769749777705425,-47417.689999999995,0.18101940298507463,8230.755000000001,-0.0,0.0,0.4581232219887482,0.5033869918373223,,16461.510000000002,63879.2,0.25769749777705425,0.25769749777705425,Below Target (<80%),8.0,65.0,18346.86,0.0,0.0,18346.86,CP2024,95818.79999999999,T0 Below Gate,0.0,18346.86,0.0,0,0.0,1 <60%
68,202402,20240201,7,23,0,UAE Channel,AE,CHN,68960.5,30149.15,30149.15,0.0,37899.99,7750.84,9997.15,4.0,16931.05,7186.799999999999,REP-060,Samir Lotfy,2024,0.4371944808984854,-38811.35,0.2045077056748564,7537.2875,-0.0,0.5615763628493672,0.23837487955713507,0.3315897794796868,0.8314935871618094,46610.66,132839.7,0.35087899174719606,0.35087899174719606,Below Target (<80%),7.0,62.0,31945.85,0.0,0.0,31945.85,CP2024,103440.75,T0 Below Gate,0.0,31945.85,0.0,0,0.0,1 <60%
68,202403,20240301,7,24,0,UAE Channel,AE,CHN,72590.0,53456.21,53456.21,0.0,68000.0,14543.79,11730.210000000001,6.0,22611.68,0.0,REP-060,Samir Lotfy,2024,0.7364128667860587,-19133.79,0.21387926470588237,8909.368333333334,-0.0,0.4229944472307334,0.0,0.2194358709680316,0.7730586102759115,100066.87,205429.7,0.4871100429976775,0.4871100429976775,Below Target (<80%),5.0,51.0,53456.21,0.0,0.0,53456.21,CP2024,108885.0,T0 Below Gate,0.0,53456.21,0.0,0,0.0,2 60-79%
68,202404,20240401,7,25,0,UAE Channel,AE,CHN,72590.0,52281.9,52281.9,0.0,64449.97,12168.07,5705.4,4.0,0.0,0.0,REP-060,Samir Lotfy,2024,0.7202355696376912,-20308.1,0.1887986914501279,13070.475,-0.0,0.0,0.0,0.1091276330814297,-0.021967700291509587,152348.77000000002,278019.7,0.5479783267156968,0.6345705739923089,Below Target (<80%),6.0,45.0,52281.9,0.0,0.0,52281.9,CP2024,108885.0,T0 Below Gate,0.0,52281.9,0.0,0,0.0,2 60-79%
68,202405,20240501,7,26,0,UAE Channel,AE,CHN,72590.0,64302.83,64302.83,0.0,81549.98999999999,17247.16,25155.33,6.0,20773.440000000002,27830.82,REP-060,Samir Lotfy,2024,0.8858359278137484,-8287.169999999998,0.2114918714275747,10717.138333333334,-0.0,0.3230563880314444,0.43280863377241713,0.3912009782462141,0.2299252705047062,216651.6,350609.7,0.6179281406076329,0.7808281214124995,Near Target (80-99%),5.0,42.0,71260.535,0.0,0.0,71260.535,CP2024,108885.0,T1 Approaching,0.005,71260.535,356.302675,0,0.005541010792215521,3 80-99%
68,202406,20240601,7,27,0,UAE Channel,AE,CHN,75493.6,83427.33,83427.33,0.0,103899.93,20472.600000000002,13568.33,10.0,0.0,7190.400000000001,REP-060,Samir Lotfy,2024,1.105091424968474,7933.729999999996,0.19704151869977202,8342.733,-0.0,0.0,0.08618758385291726,0.1626365125193387,0.2974130376532417,300078.93,426103.3,0.7042398639015469,0.9063705853350832,On Target (100-119%),4.0,35.0,85224.93000000001,0.0,0.0,85224.93000000001,CP2024,113240.40000000001,T2 On Target,0.01,85224.93000000001,852.2493000000001,0,0.010215468959632294,4 100-119%
68,202407,20240701,7,28,0,UAE Channel,AE,CHN,68960.5,91349.51,91349.51,0.0,115000.0,23650.49,25025.51,7.0,23548.469999999998,6272.46,REP-060,Samir Lotfy,2024,1.3246642643252295,22389.009999999995,0.2056564347826087,13049.929999999998,-0.0,0.2577843055753665,0.0686644077236977,0.27395341255798744,0.09495904998997322,391428.44,495063.8,0.7906626176262534,1.1015257728728862,Exceeding (>=120%),4.0,14.0,92917.625,0.0,0.0,92917.625,CP2024,103440.75,T3 Accelerator,0.015,92917.625,1393.764375,0,0.015257491528963867,5 120-149%
68,202408,20240801,7,29,0,UAE Channel,AE,CHN,66782.8,67063.51000000001,67063.51000000001,0.0,84650.0,17586.49,18142.01,7.0,20730.510000000002,14655.0,REP-060,Samir Lotfy,2024,1.0042033278029674,280.7100000000064,0.20775534554046074,9580.50142857143,-0.0,0.3091175812300907,0.21852420190950336,0.27051984007398355,-0.265858021570121,458491.95,561846.6,0.8160447175438991,1.144877386479351,On Target (100-119%),3.0,22.0,70727.26000000001,0.0,0.0,70727.26000000001,CP2024,100174.20000000001,T2 On Target,0.01,70727.26000000001,707.2726000000001,0,0.010546310504773759,4 100-119%
68,202409,20240901,7,30,0,UAE Channel,AE,CHN,72590.0,94060.87,94060.87,0.0,117149.95999999999,23089.09,20897.37,9.0,12534.46,4794.0,REP-060,Samir Lotfy,2024,1.2957827524452403,21470.869999999995,0.1970900374187068,10451.207777777778,-0.0,0.13325902684081065,0.05096699615897663,0.22216858083494231,0.402564076947359,552552.8200000001,634436.6,0.870934652887302,1.2118748658999787,Exceeding (>=120%),6.0,22.0,95259.37,0.0,0.0,95259.37,CP2024,108885.0,T3 Accelerator,0.015,95259.37,1428.8905499999998,0,0.015191126235596162,5 120-149%
68,202410,20241001,7,31,0,UAE Channel,AE,CHN,75493.6,17192.58,17192.58,0.0,21199.97,4007.39,4670.58,2.0,0.0,2358.6,REP-060,Samir Lotfy,2024,0.22773559613000308,-58301.020000000004,0.1890280976812703,8596.29,-0.0,0.0,0.13718708884879405,0.27166254279462415,-0.8172185734620571,569745.4,709930.2,0.8025372071789594,0.8298969033780993,Below Target (<80%),8.0,64.0,17782.23,0.0,0.0,17782.23,CP2024,113240.40000000001,T0 Below Gate,0.0,17782.23,0.0,0,0.0,1 <60%
68,202411,20241101,7,32,0,UAE Channel,AE,CHN,78397.2,98294.97,98294.97,0.0,122449.97,24155.0,30127.47,12.0,31234.36,14511.9,REP-060,Samir Lotfy,2024,1.2538071512758109,19897.770000000004,0.1972642377944233,8191.2475,-0.0,0.31776152940481084,0.1476362422207362,0.3065006276516489,4.717290249630945,668040.37,788327.4,0.8474148811775412,0.9252370178840766,Exceeding (>=120%),4.0,23.0,101922.945,0.0,0.0,101922.945,CP2024,117595.79999999999,T3 Accelerator,0.015,101922.945,1528.844175,0,0.01555363590832776,5 120-149%
68,202412,20241201,7,33,0,UAE Channel,AE,CHN,82752.6,111484.83,111484.83,0.0,140349.93,28865.1,41603.33,9.0,67785.17,43737.36,REP-060,Samir Lotfy,2024,1.3472063717635456,28732.229999999996,0.20566522548319047,12387.203333333333,-0.0,0.6080214680329153,0.39231669456732365,0.3731748077294462,0.13418652042927529,779525.2,871080.0,0.8948950727832116,0.9591325175348223,Exceeding (>=120%),5.0,23.0,122419.17,0.0,0.0,122419.17,CP2024,124128.90000000001,T3 Accelerator,0.015,122419.17,1836.28755,0,0.016471187604627464,5 120-149%
68,202501,20250101,7,34,0,UAE Channel,AE,CHN,73461.08,30565.53,30565.53,0.0,38700.0,8134.47,13135.529999999999,5.0,12381.84,11483.7,REP-060,Samir Lotfy,2025,0.41607787416139264,-42895.55,0.21019302325581396,6113.106,-0.0,0.4050916179107642,0.3757075372159423,0.4297497867696061,-0.7258323845495391,30565.53,73461.08,0.41607787416139264,1.0244423873266235,Below Target (<80%),6.0,64.0,33436.455,0.0,0.0,33436.455,CP2025,110191.62,T0 Below Gate,0.0,33436.455,0.0,0,0.0,1 <60%
68,202502,20250201,7,35,0,UAE Channel,AE,CHN,79304.57,43063.2,43063.2,0.0,54549.99,11486.789999999999,17480.7,5.0,18891.6,21338.399999999998,REP-060,Samir Lotfy,2025,0.5430103208427962,-36241.37000000001,0.21057364080176733,8612.64,-0.0,0.43869475561500304,0.4955135707518252,0.40593128239424847,0.40888118085961533,73628.73,152765.65000000002,0.4819717652495832,0.7859839311815539,Below Target (<80%),5.0,55.0,48397.8,0.0,0.0,48397.8,CP2025,118956.85500000001,T0 Below Gate,0.0,48397.8,0.0,0,0.0,1 <60%
68,202503,20250301,7,36,0,UAE Channel,AE,CHN,83478.5,45767.86,45767.86,0.0,57249.99,11482.130000000001,13900.36,4.0,0.0,19657.559999999998,REP-060,Samir Lotfy,2025,0.54825925238235,-37710.64,0.2005612577399577,11441.965,-0.0,0.0,0.4295057710804044,0.3037144406577017,0.06280675843875987,119396.59,236244.15000000002,0.5053949060749229,0.5053949060749229,Below Target (<80%),4.0,48.0,50682.25,0.0,0.0,50682.25,CP2025,125217.75,T0 Below Gate,0.0,50682.25,0.0,0,0.0,1 <60%
68,202504,20250401,7,37,0,UAE Channel,AE,CHN,83478.5,125845.12,125845.12,0.0,157949.96,32104.84,46496.619999999995,10.0,23097.71,32929.92,REP-060,Samir Lotfy,2025,1.5075153482633252,42366.619999999995,0.20325956397836378,12584.511999999999,-0.0,0.18354076820777795,0.2616702181220853,0.36947495461087404,1.7496395942480159,245241.71,319722.65,0.7670451561689482,0.8717404830968957,Exceeding (>=120%),1.0,12.0,134077.6,0.0,0.0,134077.6,CP2025,125217.75,T3 Accelerator,0.015,125217.75,1878.26625,1,0.014925221176633627,6 150%+
68,202505,20250501,7,38,0,UAE Channel,AE,CHN,83478.5,114497.08,114497.08,0.0,143399.97,28902.89,29337.08,12.0,30089.309999999998,8712.12,REP-060,Samir Lotfy,2025,1.3715756751738473,31018.58,0.20155436573661764,9541.423333333334,-0.0,0.2627954354818481,0.07609032474889317,0.2562255736128817,-0.09017465277954356,359738.79,403201.15,0.8922067558587071,1.1424500919398408,Exceeding (>=120%),2.0,15.0,116675.11,0.0,0.0,116675.11,CP2025,125217.75,T3 Accelerator,0.015,116675.11,1750.12665,0,0.015285338717808348,5 120-149%
68,202506,20250601,7,39,0,UAE Channel,AE,CHN,86817.64,65735.31,65735.31,0.0,86099.99,20364.68,26720.31,7.0,15570.78,26159.760000000002,REP-060,Samir Lotfy,2025,0.757165364089602,-21082.33,0.2365236047065743,9390.75857142857,-0.0,0.23687086894395115,0.3979559843864736,0.4064833648765025,-0.42587784771454434,425474.1,490018.79000000004,0.868281193870137,1.2060996717402495,Below Target (<80%),3.0,56.0,72275.25,0.0,0.0,72275.25,CP2025,130226.45999999999,T0 Below Gate,0.0,72275.25,0.0,0,0.0,2 60-79%
68,202507,20250701,7,40,0,UAE Channel,AE,CHN,79304.57,106149.34,106149.34,0.0,137899.88,31750.54,18783.34,11.0,24597.190000000002,15355.92,REP-060,Samir Lotfy,2025,1.3385021821567153,26844.76999999999,0.23024342008129375,9649.94,-0.0,0.23172249587232482,0.14466335824603338,0.17695201873134586,0.6147994129791128,531623.44,569323.36,0.9337811819279643,1.1473594365977564,Exceeding (>=120%),2.0,12.0,109988.32,0.0,0.0,109988.32,CP2025,118956.85500000001,T3 Accelerator,0.015,109988.32,1649.8248,0,0.015542487593422626,5 120-149%
68,202508,20250801,7,41,0,UAE Channel,AE,CHN,76800.22,27281.46,27281.46,0.0,35849.99,8568.53,6412.96,4.0,16672.26,2167.2,REP-060,Samir Lotfy,2025,0.35522632617458644,-49518.76,0.23901066639070195,6820.365,-0.0,0.611120519209749,0.07943856377188024,0.2350665983418776,-0.7429898292349252,558904.9,646123.5800000001,0.8650123866397198,0.819875340453329,Below Target (<80%),8.0,65.0,27823.26,0.0,0.0,27823.26,CP2025,115200.33,T0 Below Gate,0.0,27823.26,0.0,0,0.0,1 <60%
68,202509,20250901,7,42,0,UAE Channel,AE,CHN,83478.5,67157.95,67157.95,0.0,85549.98999999999,18392.04,23203.45,7.0,0.0,15170.279999999999,REP-060,Samir Lotfy,2025,0.8044939715016441,-16320.550000000003,0.2149858813542819,9593.992857142857,-0.0,0.0,0.22588956333539068,0.34550563261683837,1.461669939951894,626062.85,729602.0800000001,0.8580880827532728,0.8372401514312621,Near Target (80-99%),6.0,50.0,70950.52,0.0,0.0,70950.52,CP2025,125217.75,T0 Below Gate,0.0,70950.52,0.0,0,0.0,3 80-99%
68,202510,20251001,7,43,0,UAE Channel,AE,CHN,86817.64,64611.63,64611.63,0.0,83100.0,18488.37,12938.63,8.0,11711.189999999999,4498.8,REP-060,Samir Lotfy,2025,0.7442223723197267,-22206.010000000002,0.22248339350180504,8076.45375,-0.0,0.18125513936113358,0.06962833161769794,0.20025233847219145,-0.03791539199752226,690674.48,816419.72,0.8459796634995539,0.6436802225658038,Below Target (<80%),8.0,48.0,65736.33,0.0,0.0,65736.33,CP2025,130226.45999999999,T0 Below Gate,0.0,65736.33,0.0,0,0.0,2 60-79%
68,202511,20251101,7,44,0,UAE Channel,AE,CHN,90156.78,124998.31,124998.31,0.0,162299.99,37301.68,27805.31,13.0,26509.42,19507.86,REP-060,Samir Lotfy,2025,1.3864549066637029,34841.53,0.22983168390829847,9615.254615384616,-0.0,0.21207822729763307,0.15606498999866478,0.2224454874629905,0.9346100694255818,815672.79,906576.5,0.8997285833021262,0.9858514544586406,Exceeding (>=120%),3.0,15.0,129875.275,0.0,0.0,129875.275,CP2025,135235.16999999998,T3 Accelerator,0.015,129875.275,1948.129125,0,0.015585243712494992,5 120-149%
68,202512,20251201,7,45,0,UAE Channel,AE,CHN,95165.49,36334.09,43444.81,-7110.72,56649.93,13205.119999999999,10885.59,5.0,5813.25,2289.0,REP-060,Samir Lotfy,2025,0.3817990113853246,-58831.40000000001,0.2331003762934923,8688.962,0.1636724846995533,0.1338076976283243,0.05268753620973369,0.29959715517851143,-0.7093233500516927,852006.88,1001741.99,0.8505252734788525,0.830249521284842,Below Target (<80%),10.0,72.0,44017.06,-7667.67,0.0,36349.39,CP2025,142748.23500000002,T0 Below Gate,0.0,36349.39,0.0,0,0.0,1 <60%
69,202401,20240101,7,32,0,UAE Channel,AE,CHN,63879.2,38888.479999999996,38888.479999999996,0.0,48100.0,9211.52,7616.4800000000005,4.0,25037.899999999998,7194.6,REP-061,Hussein Mansour,2024,0.6087815752232338,-24990.72,0.19150769230769232,9722.119999999999,-0.0,0.6438384837874866,0.18500594520536676,0.19585440212628524,,38888.479999999996,63879.2,0.6087815752232338,0.6087815752232338,Below Target (<80%),5.0,45.0,40687.13,0.0,0.0,40687.13,CP2024,95818.79999999999,T0 Below Gate,0.0,40687.13,0.0,0,0.0,2 60-79%
69,202402,20240201,7,33,0,UAE Channel,AE,CHN,68960.5,99131.49,108647.05,-9515.56,134149.95,25502.9,16030.99,9.0,14170.18,4572.6,REP-061,Hussein Mansour,2024,1.4375111839386316,30170.990000000005,0.19010741338330725,12071.894444444444,0.08758231355568329,0.13042397377563403,0.04208673866432637,0.16171440578568927,1.5491222593426128,138019.97,132839.7,1.0389963994197517,1.0389963994197517,Exceeding (>=120%),3.0,19.0,109790.2,-9515.56,0.0,100274.64,CP2024,103440.75,T3 Accelerator,0.015,100274.64,1504.1196,0,0.015172974803465578,5 120-149%
69,202403,20240301,7,34,0,UAE Channel,AE,CHN,72590.0,98172.48000000001,105231.98000000001,-7059.5,129899.95,24667.97,25044.48,11.0,31770.260000000002,8826.06,REP-061,Hussein Mansour,2024,1.3524243008678882,25582.48000000001,0.18989976516542156,9566.543636363638,0.06708511994167551,0.3019068918022829,0.08387241216976055,0.25510693017024727,-0.009674120705741382,236192.45,205429.7,1.1497483080586692,1.1497483080586692,Exceeding (>=120%),1.0,13.0,107438.495,-7680.65,0.0,99757.845,CP2024,108885.0,T3 Accelerator,0.015,99757.845,1496.367675,0,0.01524223158058144,5 120-149%
69,202404,20240401,7,35,0,UAE Channel,AE,CHN,72590.0,117367.34,117367.34,0.0,143349.98,25982.64,34238.840000000004,10.0,22016.88,50091.53999999999,REP-061,Hussein Mansour,2024,1.6168527345364374,44777.34,0.1812531818978977,11736.734,-0.0,0.18758949465839475,0.42679283691698217,0.2917237452940486,0.19552179999934793,353559.79000000004,278019.7,1.2717076883400709,1.4694619186935682,Exceeding (>=120%),1.0,6.0,129890.22499999999,0.0,0.0,129890.22499999999,CP2024,108885.0,T3 Accelerator,0.015,108885.0,1633.2749999999999,1,0.013915924140395445,6 150%+
69,202405,20240501,7,36,0,UAE Channel,AE,CHN,72590.0,84698.3,84698.3,0.0,103999.94,19301.64,34218.3,10.0,20139.75,41394.3,REP-061,Hussein Mansour,2024,1.1668039674886348,12108.300000000003,0.18559279938046117,8469.83,-0.0,0.23778222231142773,0.48872645613902527,0.40400220547519844,-0.2783486445206988,438258.09,350609.7,1.2499884914764194,1.3786936676309869,On Target (100-119%),3.0,22.0,95046.875,0.0,0.0,95046.875,CP2024,108885.0,T2 On Target,0.01,95046.875,950.46875,0,0.011221816140347562,4 100-119%
69,202406,20240601,7,37,0,UAE Channel,AE,CHN,75493.6,44064.18,51546.78,-7482.6,63050.0,11503.22,9361.68,7.0,7811.95,4821.6,REP-061,Hussein Mansour,2024,0.5836810007735754,-31429.420000000006,0.18244599524187152,7363.825714285714,0.1451613466447371,0.15155068852021406,0.09353833546925726,0.21245555914123446,-0.4797513055161674,482322.27,426103.3,1.131937419869783,1.1153568890886814,Below Target (<80%),6.0,59.0,52752.18,-7482.6,0.0,45269.58,CP2024,113240.40000000001,T0 Below Gate,0.0,45269.58,0.0,0,0.0,1 <60%
69,202407,20240701,7,38,0,UAE Channel,AE,CHN,68960.5,60936.229999999996,60936.229999999996,0.0,73500.0,12563.77,21566.23,5.0,23652.37,16845.48,REP-061,Hussein Mansour,2024,0.8836396197823391,-8024.270000000004,0.1709356462585034,12187.246,-0.0,0.3881495458448939,0.276444407538832,0.3539147400487362,0.38289717407654006,543258.5,495063.8,1.0973504829074556,0.8740099823031356,Near Target (80-99%),7.0,32.0,65147.6,0.0,0.0,65147.6,CP2024,103440.75,T1 Approaching,0.005,65147.6,325.738,0,0.00534555550942354,3 80-99%
69,202408,20240801,7,39,0,UAE Channel,AE,CHN,66782.8,26524.14,26524.14,0.0,32700.0,6175.86,14014.14,1.0,0.0,0.0,REP-061,Hussein Mansour,2024,0.3971702294602802,-40258.66,0.18886422018348623,26524.14,-0.0,0.0,0.0,0.5283541709552129,-0.5647229899191335,569782.64,561846.6,1.0141249230661893,0.6226400311687967,Below Target (<80%),7.0,58.0,26524.14,0.0,0.0,26524.14,CP2024,100174.20000000001,T0 Below Gate,0.0,26524.14,0.0,0,0.0,1 <60%
69,202409,20240901,7,40,0,UAE Channel,AE,CHN,72590.0,121310.76,121310.76,0.0,148749.96,27439.2,41424.26,14.0,33984.76,22645.920000000002,REP-061,Hussein Mansour,2024,1.6711772971483674,48720.759999999995,0.18446525968813707,8665.054285714285,-0.0,0.2801462953492337,0.18667692791636953,0.34147226511481754,3.5735982391889047,691093.4,634436.6,1.0893025402380632,1.0021015843362535,Exceeding (>=120%),4.0,9.0,126972.23999999999,0.0,0.0,126972.23999999999,CP2024,108885.0,T3 Accelerator,0.015,108885.0,1633.2749999999999,1,0.01346356250673889,6 150%+
69,202410,20241001,7,41,0,UAE Channel,AE,CHN,75493.6,131757.84,131757.84,0.0,161999.97,30242.13,39659.84,13.0,37210.17,7531.2,REP-061,Hussein Mansour,2024,1.7452848983225067,56264.23999999999,0.1866798493851573,10135.218461538461,-0.0,0.2824133273587363,0.057159406984813955,0.3010055416816183,0.08611832948701337,822851.24,709930.2,1.1590593554126871,1.3012399332794704,Exceeding (>=120%),1.0,9.0,133640.64,0.0,0.0,133640.64,CP2024,113240.40000000001,T3 Accelerator,0.015,113240.40000000001,1698.606,1,0.012891878008929108,6 150%+
69,202411,20241101,7,42,0,UAE Channel,AE,CHN,78397.2,159701.06,159701.06,0.0,196099.98,36398.92,53089.06,14.0,39521.09,36831.12,REP-061,Hussein Mansour,2024,2.037076069043282,81303.86,0.18561409338236545,11407.218571428572,-0.0,0.2474691777249318,0.23062539472186347,0.332427724650043,0.21208013124683892,982552.3,788327.4,1.2463759346687684,1.8225370980674744,Exceeding (>=120%),1.0,4.0,168908.84,0.0,0.0,168908.84,CP2024,117595.79999999999,T3 Accelerator,0.015,117595.79999999999,1763.9369999999997,1,0.01104524290571396,6 150%+
69,202412,20241201,7,43,0,UAE Channel,AE,CHN,82752.6,128787.03,128787.03,0.0,155749.93,26962.9,42165.53,13.0,21955.53,22412.46,REP-061,Hussein Mansour,2024,1.5562898325853205,46034.42999999999,0.17311661071051526,9906.694615384615,-0.0,0.1704793565004178,0.17402730694232174,0.3274050966157073,-0.19357435698923978,1111339.33,871080.0,1.275817754970841,1.775861612874054,Exceeding (>=120%),1.0,12.0,134390.145,0.0,0.0,134390.145,CP2024,124128.90000000001,T3 Accelerator,0.015,124128.90000000001,1861.9335,1,0.014457461283174246,6 150%+
69,202501,20250101,7,44,0,UAE Channel,AE,CHN,73461.08,59473.46,69671.78,-10198.32,84799.95999999999,15128.18,24470.46,5.0,34820.15,2595.0,REP-061,Hussein Mansour,2025,0.809591419020793,-13987.620000000003,0.17839843320680815,13934.356,0.1463766247970125,0.49977408356726355,0.037246070073134345,0.41145176352611734,-0.5382030317804518,59473.46,73461.08,0.809591419020793,1.4831432796296573,Near Target (80-99%),2.0,36.0,70320.53,-10198.32,0.0,60122.21,CP2025,110191.62,T0 Below Gate,0.0,60122.21,0.0,0,0.0,3 80-99%
69,202502,20250201,7,45,0,UAE Channel,AE,CHN,79304.57,29550.97,43329.61,-13778.64,52949.99,9620.38,6422.469999999999,5.0,7573.44,8089.4400000000005,REP-061,Hussein Mansour,2025,0.3726263190128892,-49753.600000000006,0.18168804186742998,8665.922,0.3179959385741067,0.1747867105196654,0.18669542606083925,0.21733533620046988,-0.5031234100050678,89024.43,152765.65000000002,0.5827516198831346,0.9248177582841245,Below Target (<80%),6.0,62.0,45351.97,-13778.64,0.0,31573.33,CP2025,118956.85500000001,T0 Below Gate,0.0,31573.33,0.0,0,0.0,1 <60%
69,202503,20250301,7,46,0,UAE Channel,AE,CHN,83478.5,65364.83,68945.03,-3580.2,85199.98,16254.95,23709.83,6.0,0.0,26174.46,REP-061,Hussein Mansour,2025,0.7830139496996232,-18113.67,0.19078584290747488,11490.838333333333,0.05192832608818938,0.0,0.3796424484839589,0.3627306917190789,1.2119351750551675,154389.26,236244.15000000002,0.6535156955209261,0.6535156955209261,Below Target (<80%),2.0,27.0,75488.645,0.0,-3580.2,75488.645,CP2025,125217.75,T0 Below Gate,0.0,75488.645,0.0,0,0.0,2 60-79%
69,202504,20250401,7,47,0,UAE Channel,AE,CHN,83478.5,111247.5,113705.09999999999,-2457.6,139899.93,26194.83,25828.5,12.0,35184.97,9888.6,REP-061,Hussein Mansour,2025,1.3326485262672425,27769.0,0.1872397648805114,9475.425,0.021613806240881016,0.3094405615931036,0.086967075355459,0.23217150947212298,0.701947362212982,265636.76,319722.65,0.830834975251206,0.8371720362214861,Exceeding (>=120%),4.0,18.0,116177.25,0.0,-2457.6,116177.25,CP2025,125217.75,T3 Accelerator,0.015,116177.25,1742.6587499999998,0,0.015664700330344502,5 120-149%
69,202505,20250501,7,48,0,UAE Channel,AE,CHN,83478.5,109174.26999999999,116626.39,-7452.12,141999.89,25373.5,32700.27,10.0,57216.21,27075.6,REP-061,Hussein Mansour,2025,1.3078130297022585,25695.76999999999,0.17868675813762952,11662.639,0.06389737348468044,0.49059402421698894,0.23215671856086773,0.29952359653973415,-0.01863619407177699,374811.03,403201.15,0.9295881968590616,1.1411585018897081,Exceeding (>=120%),4.0,19.0,123395.29,0.0,-7452.12,123395.29,CP2025,125217.75,T3 Accelerator,0.015,123395.29,1850.9293499999999,0,0.016953897195740354,5 120-149%
69,202506,20250601,7,49,0,UAE Channel,AE,CHN,86817.64,95665.35,95665.35,0.0,120999.94,25334.59,20558.350000000002,10.0,15617.86,4878.0,REP-061,Hussein Mansour,2025,1.1019114318242238,8847.710000000006,0.20937688068275076,9566.535,-0.0,0.1632551388773469,0.0509902488204977,0.21489860226299282,-0.12373721390580386,470476.38,490018.79000000004,0.9601190599242122,1.2455425806140439,On Target (100-119%),2.0,30.0,96884.85,0.0,0.0,96884.85,CP2025,130226.45999999999,T2 On Target,0.01,96884.85,968.8485000000001,0,0.010127475622051244,4 100-119%
69,202507,20250701,7,50,0,UAE Channel,AE,CHN,79304.57,72911.35,72911.35,0.0,91549.97,18638.62,29483.85,10.0,9974.7,18057.18,REP-061,Hussein Mansour,2025,0.9193839648837387,-6393.220000000001,0.20358958064104224,7291.135,-0.0,0.13680586081590862,0.24765938362134288,0.40437942789428527,-0.23784996344026335,543387.73,569323.36,0.9544448167382417,1.1127811695727947,Near Target (80-99%),4.0,32.0,77425.645,0.0,0.0,77425.645,CP2025,118956.85500000001,T1 Approaching,0.005,77425.645,387.12822500000004,0,0.005309574229526679,3 80-99%
69,202508,20250801,7,51,0,UAE Channel,AE,CHN,76800.22,46818.840000000004,46818.840000000004,0.0,60049.979999999996,13231.14,17958.34,6.0,7185.24,16402.8,REP-061,Hussein Mansour,2025,0.6096185661968156,-29981.379999999997,0.2203354605613524,7803.14,-0.0,0.15346898812529314,0.35034614270665393,0.3835708018396013,-0.35786623070345014,590206.5700000001,646123.5800000001,0.9134577165563281,0.8866844449069606,Below Target (<80%),3.0,49.0,50919.54,0.0,0.0,50919.54,CP2025,115200.33,T0 Below Gate,0.0,50919.54,0.0,0,0.0,2 60-79%
69,202509,20250901,7,52,0,UAE Channel,AE,CHN,83478.5,69826.72,69826.72,0.0,89000.0,19173.28,22266.72,7.0,6345.3,15363.78,REP-061,Hussein Mansour,2025,0.8364635205472067,-13651.779999999999,0.21543011235955054,9975.245714285715,-0.0,0.09087209022563282,0.22002723312794872,0.31888537797565175,0.49142353804579514,660033.29,729602.0800000001,0.9046483118578829,0.7911942022333862,Near Target (80-99%),5.0,45.0,73667.665,0.0,0.0,73667.665,CP2025,125217.75,T0 Below Gate,0.0,73667.665,0.0,0,0.0,3 80-99%
69,202510,20251001,7,53,0,UAE Channel,AE,CHN,86817.64,98495.13,101943.93,-3448.8,129349.95,27406.02,29172.63,8.0,22645.41,18128.22,REP-061,Hussein Mansour,2025,1.1345059598487128,11677.490000000005,0.2118749949265539,12742.99125,0.03383036145457606,0.222135932958441,0.1778253987265353,0.2961834762794871,0.4105650387129741,758528.42,816419.72,0.9290912522299193,0.8706752701658577,On Target (100-119%),4.0,21.0,106475.985,-3448.8,0.0,103027.185,CP2025,130226.45999999999,T2 On Target,0.01,103027.185,1030.27185,0,0.010460129856166494,4 100-119%
69,202511,20251101,7,54,0,UAE Channel,AE,CHN,90156.78,64448.99,64448.99,0.0,81449.97,17000.98,15595.49,9.0,0.0,7225.5,REP-061,Hussein Mansour,2025,0.7148546121545157,-25707.79,0.20872911309850697,7160.998888888888,-0.0,0.0,0.11211191982993061,0.24198191468943114,-0.34566318151973613,822977.41,906576.5,0.9077859507719426,0.8937156089476747,Below Target (<80%),5.0,56.0,66255.365,0.0,0.0,66255.365,CP2025,135235.16999999998,T0 Below Gate,0.0,66255.365,0.0,0,0.0,2 60-79%
69,202512,20251201,7,55,0,UAE Channel,AE,CHN,95165.49,66260.73,66260.73,0.0,86200.0,19939.27,15795.73,7.0,36097.43,6170.639999999999,REP-061,Hussein Mansour,2025,0.6962684687484927,-28904.76000000001,0.23131403712296983,9465.81857142857,-0.0,0.544778634343449,0.09312665284550894,0.23838750342774673,0.028111224085901082,889238.14,1001741.99,0.8876917897791227,0.8422316667922761,Below Target (<80%),5.0,59.0,67803.39,0.0,0.0,67803.39,CP2025,142748.23500000002,T0 Below Gate,0.0,67803.39,0.0,0,0.0,2 60-79%
70,202401,20240101,7,33,0,UAE Channel,AE,CHN,63879.2,76594.16,76594.16,0.0,88100.0,11505.84,27058.16,8.0,12781.380000000001,22038.96,REP-062,Hussein Barakat,2024,1.1990469511202395,12714.960000000006,0.13059977298524406,9574.27,-0.0,0.1668714690519486,0.287736819621757,0.3532666198049564,,76594.16,63879.2,1.1990469511202395,1.1990469511202395,On Target (100-119%),3.0,20.0,82103.9,0.0,0.0,82103.9,CP2024,95818.79999999999,T2 On Target,0.01,82103.9,821.039,0,0.010719342049054392,4 100-119%
70,202402,20240201,7,34,0,UAE Channel,AE,CHN,68960.5,137525.72,137525.72,0.0,154599.93,17074.21,53391.72,14.0,15169.140000000001,40553.4,REP-062,Hussein Barakat,2024,1.9942680229986731,68565.22,0.11044125311052858,9823.265714285715,-0.0,0.11030038599325276,0.29487865978814726,0.3882307978463956,0.7955118249224222,214119.88,132839.7,1.6118666332429235,1.6118666332429235,Exceeding (>=120%),1.0,2.0,147664.07,0.0,0.0,147664.07,CP2024,103440.75,T3 Accelerator,0.015,103440.75,1551.61125,1,0.011282335042492415,6 150%+
70,202403,20240301,7,35,0,UAE Channel,AE,CHN,72590.0,77296.6,77296.6,0.0,87800.0,10503.4,25918.6,8.0,17535.43,28938.9,REP-062,Hussein Barakat,2024,1.0648381319741012,4706.600000000006,0.11962870159453302,9662.075,-0.0,0.22685900802881367,0.3743877479733908,0.3353135842973688,-0.4379480434641607,291416.48,205429.7,1.418570343041926,1.418570343041926,On Target (100-119%),3.0,28.0,84531.325,0.0,0.0,84531.325,CP2024,108885.0,T2 On Target,0.01,84531.325,845.31325,0,0.010935969369933476,4 100-119%
70,202404,20240401,7,36,0,UAE Channel,AE,CHN,72590.0,44269.57,44269.57,0.0,51849.97,7580.4,18279.07,5.0,0.0,22827.3,REP-062,Hussein Barakat,2024,0.609857693897231,-28320.43,0.14619873454121574,8853.914,-0.0,0.0,0.515643138164658,0.41290371693242106,-0.42727662018769264,335686.05,278019.7,1.2074182153279065,1.209915406006804,Below Target (<80%),7.0,49.0,49976.395000000004,0.0,0.0,49976.395000000004,CP2024,108885.0,T0 Below Gate,0.0,49976.395000000004,0.0,0,0.0,2 60-79%
71,202401,20240101,7,12,0,UAE Channel,AE,CHN,63879.2,90469.53,90469.53,0.0,108599.97,18130.440000000002,27546.53,10.0,9468.56,22994.760000000002,REP-063,Aisha Al-Mazrouei,2024,1.416259596237899,26590.33,0.16694700744392474,9046.953,-0.0,0.10466020990713669,0.2541713215488132,0.30448406220304225,,90469.53,63879.2,1.416259596237899,1.416259596237899,Exceeding (>=120%),1.0,11.0,96218.22,0.0,0.0,96218.22,CP2024,95818.79999999999,T3 Accelerator,0.015,95818.79999999999,1437.2819999999997,1,0.01588691794905975,5 120-149%
71,202402,20240201,7,13,0,UAE Channel,AE,CHN,68960.5,76716.11,82328.09,-5611.98,98950.0,16621.91,24751.61,9.0,24287.81,2426.1,REP-063,Aisha Al-Mazrouei,2024,1.1124645267943243,7755.610000000001,0.16798292066700354,9147.565555555555,0.06816604150539628,0.2950124313584829,0.029468678308946557,0.3226390128488006,-0.15202267547979964,167185.64,132839.7,1.2585517733027098,1.2585517733027098,On Target (100-119%),4.0,30.0,82934.615,-5611.98,0.0,77322.63500000001,CP2024,103440.75,T2 On Target,0.01,77322.63500000001,773.2263500000001,0,0.010079060969071556,4 100-119%
71,202403,20240301,7,14,0,UAE Channel,AE,CHN,72590.0,77240.0,77240.0,0.0,92949.97,15709.970000000001,32280.5,8.0,31870.14,21382.38,REP-063,Aisha Al-Mazrouei,2024,1.0640584102493456,4650.0,0.16901533158106452,9655.0,-0.0,0.41261185914034176,0.2768303987571207,0.41792465044018645,0.006828943751188628,244425.64,205429.7,1.189826203319189,1.189826203319189,On Target (100-119%),4.0,30.0,82585.595,0.0,0.0,82585.595,CP2024,108885.0,T2 On Target,0.01,82585.595,825.85595,0,0.010692075996892801,4 100-119%
71,202404,20240401,7,15,0,UAE Channel,AE,CHN,72590.0,82272.98,82272.98,0.0,98899.93,16626.95,25039.98,8.0,16879.74,19910.7,REP-063,Aisha Al-Mazrouei,2024,1.1333927538228405,9682.979999999996,0.16811892586779387,10284.1225,-0.0,0.20516748025901094,0.24200776488222503,0.3043524131494933,0.0651602796478508,326698.62,278019.7,1.1750916212052598,1.1031499879751845,On Target (100-119%),4.0,21.0,87250.655,0.0,0.0,87250.655,CP2024,108885.0,T2 On Target,0.01,87250.655,872.5065500000001,0,0.010605019412205563,4 100-119%
71,202405,20240501,7,16,0,UAE Channel,AE,CHN,72590.0,83497.69,83497.69,0.0,100999.94,17502.25,12698.69,8.0,32917.03,3995.52,REP-063,Aisha Al-Mazrouei,2024,1.1502643614822978,10907.690000000002,0.17328970690477638,10437.21125,-0.0,0.39422683429924826,0.047851862728178464,0.15208432712330125,0.014885932173600694,410196.31,350609.7,1.1699514018009198,1.115905175184828,On Target (100-119%),4.0,24.0,84496.57,0.0,0.0,84496.57,CP2024,108885.0,T2 On Target,0.01,84496.57,844.9657000000001,0,0.010119629656820447,4 100-119%
71,202406,20240601,7,17,0,UAE Channel,AE,CHN,75493.6,193720.87,193720.87,0.0,233099.94,39379.07,54622.87,17.0,9115.7,22232.4,REP-063,Aisha Al-Mazrouei,2024,2.5660568577998664,118227.26999999999,0.16893642272065792,11395.345294117647,-0.0,0.04705584896454368,0.1147651257192888,0.28196688358874294,1.3200746032614794,603917.1799999999,426103.3,1.417302283272624,1.6290645550713816,Exceeding (>=120%),1.0,2.0,199278.97,0.0,0.0,199278.97,CP2024,113240.40000000001,T3 Accelerator,0.015,113240.40000000001,1698.606,1,0.008768317011997727,6 150%+
71,202407,20240701,7,18,0,UAE Channel,AE,CHN,68960.5,113183.32,113183.32,0.0,135449.91,22266.59,29766.82,13.0,11917.060000000001,18685.199999999997,REP-063,Aisha Al-Mazrouei,2024,1.6412775429412492,44222.82000000001,0.16438984713980245,8706.409230769232,-0.0,0.10528989607302561,0.16508792991758853,0.26299652634328097,-0.41574018328536305,717100.5,495063.8,1.4485011830798373,1.7987214579894135,Exceeding (>=120%),3.0,9.0,117854.62,0.0,0.0,117854.62,CP2024,103440.75,T3 Accelerator,0.015,103440.75,1551.61125,1,0.013708833156687751,6 150%+
71,202408,20240801,7,19,0,UAE Channel,AE,CHN,66782.8,163569.08000000002,163569.08000000002,0.0,196599.97999999998,33030.9,52447.08,15.0,23007.370000000003,38462.520000000004,REP-063,Aisha Al-Mazrouei,2024,2.4492695724048708,96786.28000000001,0.16801069867860619,10904.605333333335,-0.0,0.14065843006514434,0.2351454199045443,0.32064177410547273,0.4451694825704,880669.5800000001,561846.6,1.5674555652735107,2.2272305170166766,Exceeding (>=120%),1.0,1.0,173184.71,0.0,0.0,173184.71,CP2024,100174.20000000001,T3 Accelerator,0.015,100174.20000000001,1502.613,1,0.00918641224857412,6 150%+
71,202409,20240901,7,20,0,UAE Channel,AE,CHN,72590.0,125875.01,125875.01,0.0,151499.97,25624.96,52770.01,14.0,40394.770000000004,29681.7,REP-063,Aisha Al-Mazrouei,2024,1.7340544152087063,53285.009999999995,0.1691416836584192,8991.072142857143,-0.0,0.3209117520626215,0.23580296041287307,0.4192254681846699,-0.23044740485182175,1006544.59,634436.6,1.5865172185841738,1.9326118772179006,Exceeding (>=120%),2.0,7.0,133295.435,0.0,0.0,133295.435,CP2024,108885.0,T3 Accelerator,0.015,108885.0,1633.2749999999999,1,0.012975371362433258,6 150%+
71,202410,20241001,7,21,0,UAE Channel,AE,CHN,75493.6,55700.42,55700.42,0.0,66799.99,11099.57,20895.42,7.0,16062.849999999999,2613.9,REP-063,Aisha Al-Mazrouei,2024,0.7378164506660166,-19793.180000000008,0.16616125241934915,7957.202857142857,-0.0,0.2883793335849173,0.0469278328601472,0.37513936160625,-0.5574942158892381,1062245.01,709930.2,1.4962668301756992,1.6063214630114342,Below Target (<80%),4.0,46.0,56353.895,0.0,0.0,56353.895,CP2024,113240.40000000001,T0 Below Gate,0.0,56353.895,0.0,0,0.0,2 60-79%
71,202411,20241101,7,22,0,UAE Channel,AE,CHN,78397.2,155144.13,155144.13,0.0,188099.96,32955.83,55498.13,14.0,33934.2,50817.6,REP-063,Aisha Al-Mazrouei,2024,1.9789498859653152,76746.93000000001,0.17520381184557404,11081.723571428573,-0.0,0.21872693475415406,0.32755090379507107,0.3577198183392436,1.7853314211993376,1217389.1400000001,788327.4,1.54426846003323,1.4867466028025333,Exceeding (>=120%),2.0,5.0,167848.53,0.0,0.0,167848.53,CP2024,117595.79999999999,T3 Accelerator,0.015,117595.79999999999,1763.9369999999997,1,0.011369666386991242,6 150%+
71,202412,20241201,7,23,0,UAE Channel,AE,CHN,82752.6,118552.78,118552.78,0.0,141500.0,22947.22,34392.78,11.0,32161.34,19566.24,REP-063,Aisha Al-Mazrouei,2024,1.4326169812187168,35800.17999999999,0.16217116607773852,10777.525454545454,-0.0,0.2712828834549472,0.1650424393253368,0.29010521727115973,-0.2358539121009606,1335941.92,871080.0,1.533661569545851,1.3919565472774644,Exceeding (>=120%),4.0,18.0,123444.34,0.0,0.0,123444.34,CP2024,124128.90000000001,T3 Accelerator,0.015,123444.34,1851.6651,0,0.015618909147470012,5 120-149%
71,202501,20250101,7,24,0,UAE Channel,AE,CHN,73461.08,96166.62,96166.62,0.0,115849.88,19683.26,32433.12,10.0,19920.32,22245.9,REP-063,Aisha Al-Mazrouei,2025,1.3090825781488646,22705.539999999994,0.16990315397823458,9616.662,-0.0,0.20714380935921425,0.23132662872002782,0.33725964373084966,-0.1888286381812388,96166.62,73461.08,1.3090825781488646,1.5764977736752874,Exceeding (>=120%),1.0,17.0,101728.095,0.0,0.0,101728.095,CP2025,110191.62,T3 Accelerator,0.015,101728.095,1525.921425,0,0.015867474857700105,5 120-149%
71,202502,20250201,7,25,0,UAE Channel,AE,CHN,79304.57,96823.19,104504.03,-7680.84,126300.0,21795.97,30089.190000000002,9.0,11432.16,20154.6,REP-063,Aisha Al-Mazrouei,2025,1.220903032448193,17518.619999999995,0.17257300079176566,11611.558888888889,0.07349802682250628,0.1093944415349341,0.1928595480958964,0.31076429107530956,0.006827420990776291,192989.81,152765.65000000002,1.2633063126429271,1.32279596167176,Exceeding (>=120%),1.0,21.0,109542.68,-7680.84,0.0,101861.84,CP2025,118956.85500000001,T3 Accelerator,0.015,101861.84,1527.9276,0,0.01578059553708156,5 120-149%
71,202503,20250301,7,26,0,UAE Channel,AE,CHN,83478.5,119906.64,122453.04,-2546.4,148699.9,26246.86,32998.64,9.0,57251.14,17299.8,REP-063,Aisha Al-Mazrouei,2025,1.4363775103769234,36428.14,0.17650892838529145,13605.893333333333,0.020794910440769785,0.4675354731903757,0.14127701525417416,0.27520277442516944,0.23840827801686762,312896.45,236244.15000000002,1.3244622141966267,1.3244622141966267,Exceeding (>=120%),1.0,9.0,126777.99,-3183.0,0.0,123594.99,CP2025,125217.75,T3 Accelerator,0.015,123594.99,1853.92485,0,0.015461402721317186,5 120-149%
71,202504,20250401,7,27,0,UAE Channel,AE,CHN,83478.5,118409.55,118409.55,0.0,143649.88,25240.33,37772.05,9.0,48906.0,21332.7,REP-063,Aisha Al-Mazrouei,2025,1.4184436711249004,34931.05,0.17570728217802897,13156.616666666667,-0.0,0.41302411840936815,0.18016029957043161,0.3189949628218332,-0.012485463690751375,431306.0,319722.65,1.3490004539872291,1.3609081595638328,Exceeding (>=120%),2.0,15.0,123742.725,0.0,0.0,123742.725,CP2025,125217.75,T3 Accelerator,0.015,123742.725,1856.140875,0,0.01567560112338912,5 120-149%
71,202505,20250501,7,28,0,UAE Channel,AE,CHN,83478.5,90330.75,90330.75,0.0,110049.95999999999,19719.21,29711.25,9.0,9667.92,27609.36,REP-063,Aisha Al-Mazrouei,2025,1.0820840096551807,6852.25,0.17918416326548414,10036.75,-0.0,0.10702800541343895,0.30564741242600113,0.3289162328442972,-0.23713290017570376,521636.75,403201.15,1.2937382495064806,1.312301730385668,On Target (100-119%),5.0,31.0,97233.09,0.0,0.0,97233.09,CP2025,125217.75,T2 On Target,0.01,97233.09,972.3308999999999,0,0.010764118531065002,4 100-119%
71,202506,20250601,7,29,0,UAE Channel,AE,CHN,86817.64,54057.77,58659.17,-4601.4,74349.98,15690.81,6816.2699999999995,7.0,4204.969999999999,8585.88,REP-063,Aisha Al-Mazrouei,2025,0.6226588283210647,-32759.870000000003,0.2110398684707111,8379.881428571429,0.0784429783101261,0.07168478517510561,0.1463689308934988,0.1260923267829953,-0.4015573877112722,575694.52,490018.79000000004,1.1748417239265456,1.0355568625769698,Below Target (<80%),6.0,63.0,60805.64,-5751.75,0.0,55053.89,CP2025,130226.45999999999,T0 Below Gate,0.0,55053.89,0.0,0,0.0,2 60-79%
71,202507,20250701,7,30,0,UAE Channel,AE,CHN,79304.57,121886.41,125307.94,-3421.5299999999997,154349.99,29042.05,37510.91,9.0,33422.71,13205.519999999999,REP-063,Aisha Al-Mazrouei,2025,1.5369405571456978,42581.84,0.1881571226535227,13923.104444444445,0.027304973651310523,0.26672459861681547,0.10538454307045506,0.30775301364606605,1.254743582652411,697580.9299999999,569323.36,1.2252807086644046,1.0668035759994432,Exceeding (>=120%),1.0,6.0,128609.31999999999,0.0,-3421.5299999999997,128609.31999999999,CP2025,118956.85500000001,T3 Accelerator,0.015,118956.85500000001,1784.3528250000002,1,0.014639473137325155,6 150%+
71,202508,20250801,7,31,0,UAE Channel,AE,CHN,76800.22,39741.240000000005,39741.240000000005,0.0,48749.99,9008.75,13948.740000000002,4.0,0.0,9747.6,REP-063,Aisha Al-Mazrouei,2025,0.5174625801853172,-37058.979999999996,0.18479490970151993,9935.310000000001,-0.0,0.0,0.24527669493956403,0.3509890481524985,-0.6739485558726358,737322.17,646123.5800000001,1.1411472864061083,0.8878777476415002,Below Target (<80%),6.0,57.0,42178.14,0.0,0.0,42178.14,CP2025,115200.33,T0 Below Gate,0.0,42178.14,0.0,0,0.0,1 <60%
71,202509,20250901,7,32,0,UAE Channel,AE,CHN,83478.5,155869.63,155869.63,0.0,195799.96,39930.33,45577.63,15.0,6130.68,23258.7,REP-063,Aisha Al-Mazrouei,2025,1.8671829273405727,72391.13,0.20393431132468057,10391.308666666668,-0.0,0.03933210080757874,0.1492189337974306,0.2924086622904025,2.922112898339357,893191.8,729602.0800000001,1.2242177270108658,1.325206277950353,Exceeding (>=120%),1.0,2.0,161684.305,0.0,0.0,161684.305,CP2025,125217.75,T3 Accelerator,0.015,125217.75,1878.26625,1,0.012050238715521425,6 150%+
71,202510,20251001,7,33,0,UAE Channel,AE,CHN,86817.64,108709.93,108709.93,0.0,136300.0,27590.07,29055.93,8.0,18252.519999999997,14579.7,REP-063,Aisha Al-Mazrouei,2025,1.2521640763328743,21892.289999999994,0.20242164343360233,13588.74125,-0.0,0.16790112917927552,0.134115623108211,0.2672794472409282,-0.3025586190202672,1001901.73,816419.72,1.2271895269751691,1.2315875474652884,Exceeding (>=120%),3.0,14.0,112354.855,0.0,0.0,112354.855,CP2025,130226.45999999999,T3 Accelerator,0.015,112354.855,1685.322825,0,0.015502933586655792,5 120-149%
71,202511,20251101,7,34,0,UAE Channel,AE,CHN,90156.78,79786.23999999999,92043.1,-12256.86,116150.0,24106.9,35609.74,10.0,24807.16,30021.420000000002,REP-063,Aisha Al-Mazrouei,2025,0.8849721562815352,-10370.540000000008,0.20754972018941026,9204.310000000001,0.133164354525217,0.2695167807255514,0.3261669804689325,0.44631430181444826,-0.2660629990286996,1081687.97,906576.5,1.193156859900957,1.3221806075355191,Near Target (80-99%),4.0,44.0,99548.455,-12256.86,0.0,87291.595,CP2025,135235.16999999998,T1 Approaching,0.005,87291.595,436.45797500000003,0,0.005470341439827219,3 80-99%
71,202512,20251201,7,35,0,UAE Channel,AE,CHN,95165.49,83146.31,91371.94,-8225.63,113999.97,22628.03,29875.309999999998,11.0,31222.11,32730.659999999996,REP-063,Aisha Al-Mazrouei,2025,0.8737023263369945,-12019.180000000008,0.19849154346268685,8306.54,0.09002358929885913,0.34170348139702406,0.35821347341426696,0.35931011249927985,0.04211340201017127,1164834.28,1001741.99,1.1628086789094265,0.9981721534338716,Near Target (80-99%),4.0,42.0,99554.605,-9734.915,0.0,89819.69,CP2025,142748.23500000002,T1 Approaching,0.005,89819.69,449.09845,0,0.005401303437278215,3 80-99%
72,202401,20240101,7,63,0,UAE Channel,AE,CHN,63879.2,30743.670000000002,30743.670000000002,0.0,35800.0,5056.33,6162.67,2.0,0.0,5191.8,REP-064,Youssef Mansour,2024,0.4812782564590665,-33135.53,0.14123826815642457,15371.835000000001,-0.0,0.0,0.16887378767726818,0.20045329656478877,,30743.670000000002,63879.2,0.4812782564590665,0.4812782564590665,Below Target (<80%),7.0,51.0,32041.620000000003,0.0,0.0,32041.620000000003,CP2024,95818.79999999999,T0 Below Gate,0.0,32041.620000000003,0.0,0,0.0,1 <60%
72,202402,20240201,7,64,0,UAE Channel,AE,CHN,68960.5,75774.27,75774.27,0.0,89849.99,14075.72,29352.77,7.0,24765.96,10192.5,REP-064,Youssef Mansour,2024,1.0988068531985702,6813.770000000004,0.1566580029669452,10824.895714285714,-0.0,0.3268386485280557,0.1345113585389869,0.3873712013325895,1.464711272271658,106517.94,132839.7,0.801853211050612,0.801853211050612,On Target (100-119%),5.0,32.0,78322.395,0.0,0.0,78322.395,CP2024,103440.75,T2 On Target,0.01,78322.395,783.2239500000001,0,0.010336278396347468,4 100-119%
73,202401,20240101,8,24,0,Oman SME,OM,SME,38016.0,35311.39,35311.39,0.0,35900.0,588.61,16145.39,8.0,16452.58,6000.0,REP-065,Lama Al-Rawahi,2024,0.9288560079966329,-2704.6100000000006,0.016395821727019498,4413.92375,-0.0,0.46592841573214766,0.16991684552774616,0.4572289564358695,,35311.39,38016.0,0.9288560079966329,0.9288560079966329,Near Target (80-99%),3.0,29.0,36811.39,0.0,0.0,36811.39,CP2024,57024.0,T1 Approaching,0.005,36811.39,184.05695,0,0.005212396056909683,3 80-99%
73,202402,20240201,8,25,0,Oman SME,OM,SME,41040.0,72359.93,72359.93,0.0,73399.98,1040.05,35234.93,14.0,5363.59,23146.45,REP-065,Lama Al-Rawahi,2024,1.7631561890838205,31319.929999999993,0.014169622389542886,5168.566428571428,-0.0,0.07412375882619014,0.3198793862846468,0.48693980218057153,1.0491951747014205,107671.31999999999,79056.0,1.3619626593806922,1.3619626593806922,Exceeding (>=120%),1.0,9.0,78146.5425,0.0,0.0,78146.5425,CP2024,61560.0,T3 Accelerator,0.015,61560.0,923.4,1,0.01276120637485415,6 150%+
73,202403,20240301,8,26,0,Oman SME,OM,SME,43200.0,33430.25,33430.25,0.0,34049.91,619.66,16517.75,7.0,5891.290000000001,0.0,REP-065,Lama Al-Rawahi,2024,0.7738483796296296,-9769.75,0.0181985796731915,4775.75,-0.0,0.17622632196887553,0.0,0.4940959161238698,-0.5380005204537925,141101.57,122256.0,1.1541484262531083,1.1541484262531083,Below Target (<80%),2.0,43.0,33430.25,0.0,0.0,33430.25,CP2024,64800.0,T0 Below Gate,0.0,33430.25,0.0,0,0.0,2 60-79%
73,202404,20240401,8,27,0,Oman SME,OM,SME,43200.0,40191.43,40191.43,0.0,41049.96,858.53,18324.93,10.0,12559.07,0.0,REP-065,Lama Al-Rawahi,2024,0.9303571759259259,-3008.5699999999997,0.02091427129283439,4019.143,-0.0,0.31248129265368263,0.0,0.4559412292620591,0.20224736578398309,181293.0,165456.0,1.095717290397447,1.1454928593848084,Near Target (80-99%),4.0,32.0,40191.43,0.0,0.0,40191.43,CP2024,64800.0,T1 Approaching,0.005,40191.43,200.95715,0,0.005,3 80-99%
73,202405,20240501,8,28,0,Oman SME,OM,SME,43200.0,95919.92,95919.92,0.0,97649.86,1729.94,51073.42,23.0,14376.46,34602.65,REP-065,Lama Al-Rawahi,2024,2.2203685185185185,52719.92,0.01771574480495927,4170.431304347826,-0.0,0.14987981641352494,0.36074519244803377,0.5324589511751052,1.3865764417936859,277212.92,208656.0,1.328564335557089,1.3081913580246913,Exceeding (>=120%),1.0,2.0,104570.5825,0.0,0.0,104570.5825,CP2024,64800.0,T3 Accelerator,0.015,64800.0,972.0,1,0.010133452988701408,6 150%+
73,202406,20240601,8,29,0,Oman SME,OM,SME,44928.0,47057.5,47057.5,0.0,47499.97,442.47,23842.5,10.0,6796.46,9000.0,REP-065,Lama Al-Rawahi,2024,1.047398059116809,2129.5,0.009315163777998176,4705.75,-0.0,0.14442883706104234,0.191255379057536,0.5066673750199224,-0.5094084732347567,324270.42,253584.0,1.278749526784024,1.3947433144493178,On Target (100-119%),4.0,37.0,49307.5,0.0,0.0,49307.5,CP2024,67392.0,T2 On Target,0.01,49307.5,493.075,0,0.01047813844764384,4 100-119%
73,202407,20240701,8,30,0,Oman SME,OM,SME,41040.0,68194.74,68194.74,0.0,69399.89,1205.1499999999999,33174.74,15.0,9991.78,8888.4,REP-065,Lama Al-Rawahi,2024,1.6616652046783627,27154.740000000005,0.017365301299468918,4546.316000000001,-0.0,0.14651833851115204,0.13033849824781205,0.4864706574143401,0.4491789831589015,392465.16,294624.0,1.332088220918866,1.63486436269045,Exceeding (>=120%),1.0,8.0,70416.84,0.0,0.0,70416.84,CP2024,61560.0,T3 Accelerator,0.015,61560.0,923.4,1,0.013540633779086186,6 150%+
73,202408,20240801,8,31,0,Oman SME,OM,SME,39744.0,69883.20999999999,71071.81999999999,-1188.61,72199.97,1128.1499999999999,33526.21,15.0,12826.24,10547.28,REP-065,Lama Al-Rawahi,2024,1.758333584943639,30139.209999999992,0.015625352752916655,4738.121333333333,0.016724068695581455,0.1804687146044663,0.148403122362703,0.47974627954268273,0.024759534239737355,462348.37,334368.0,1.3827530445497176,1.4726951285477918,Exceeding (>=120%),1.0,5.0,73708.64,-1188.61,0.0,72520.03,CP2024,59616.0,T3 Accelerator,0.015,59616.0,894.24,1,0.012796206699720864,6 150%+
73,202409,20240901,8,32,0,Oman SME,OM,SME,43200.0,60955.45,60955.45,0.0,61800.0,844.55,31021.45,14.0,11809.31,18412.38,REP-065,Lama Al-Rawahi,2024,1.411005787037037,17755.449999999997,0.013665857605177993,4353.960714285714,-0.0,0.19373673724006632,0.30206290003600994,0.5089200391433416,-0.12775257461699308,523303.81999999995,377568.0,1.3859856237816763,1.6053152019615433,Exceeding (>=120%),2.0,18.0,65558.545,0.0,0.0,65558.545,CP2024,64800.0,T3 Accelerator,0.015,64800.0,972.0,1,0.015946072090354514,5 120-149%
73,202410,20241001,8,33,0,Oman SME,OM,SME,44928.0,115426.17,115426.17,0.0,118199.79,2773.62,50578.17,22.0,15902.810000000001,24089.32,REP-065,Lama Al-Rawahi,2024,2.5691366185897437,70498.17,0.023465523923519662,5246.644090909091,-0.0,0.13777473514021996,0.20869894582831605,0.43818633157454673,0.8936152550756332,638729.99,422496.0,1.5118012714913278,1.9258698542292292,Exceeding (>=120%),1.0,3.0,121448.5,0.0,0.0,121448.5,CP2024,67392.0,T3 Accelerator,0.015,67392.0,1010.88,1,0.008757805963760211,6 150%+
73,202411,20241101,8,34,0,Oman SME,OM,SME,46656.0,41670.02,41670.02,0.0,42249.9,579.88,21001.52,9.0,2365.93,16446.129999999997,REP-065,Lama Al-Rawahi,2024,0.8931331447187928,-4985.980000000003,0.013725002899415147,4630.0022222222215,-0.0,0.05677775052663762,0.3946753565273067,0.5039959184084866,-0.6389898408653774,680400.01,469152.0,1.4502762644089762,1.6177857905982904,Near Target (80-99%),4.0,36.0,45781.5525,0.0,0.0,45781.5525,CP2024,69984.0,T1 Approaching,0.005,45781.5525,228.9077625,0,0.005493344195659134,3 80-99%
73,202412,20241201,8,35,0,Oman SME,OM,SME,49248.0,71315.11,71315.11,0.0,72799.69,1484.58,33107.11,15.0,10226.16,15294.18,REP-065,Lama Al-Rawahi,2024,1.4480813434048083,22067.11,0.0203926692544982,4754.340666666667,-0.0,0.14339401565811227,0.21445917982879084,0.4642369618444114,0.7114249045236841,751715.12,518400.0,1.4500677469135803,1.6218707396046355,Exceeding (>=120%),1.0,16.0,75138.655,0.0,0.0,75138.655,CP2024,73872.0,T3 Accelerator,0.015,73872.0,1108.08,1,0.01553780117565548,5 120-149%
73,202501,20250101,8,36,0,Oman SME,OM,SME,43718.4,80539.2,80539.2,0.0,81899.87,1360.67,40864.2,18.0,27152.44,18159.53,REP-065,Lama Al-Rawahi,2025,1.8422266139657442,36820.799999999996,0.016613823684946023,4474.4,-0.0,0.3371332220831595,0.2254744273595963,0.5073827403301746,0.1293427157302288,80539.2,43718.4,1.8422266139657442,1.3860550312843787,Exceeding (>=120%),1.0,6.0,85079.0825,0.0,0.0,85079.0825,CP2025,65577.6,T3 Accelerator,0.015,65577.6,983.6640000000001,1,0.012213481137135707,6 150%+
73,202502,20250201,8,37,0,Oman SME,OM,SME,47196.0,48409.49,48409.49,0.0,49349.88,940.39,20517.989999999998,13.0,14927.82,4693.91,REP-065,Lama Al-Rawahi,2025,1.0257117128570217,1213.489999999998,0.019055568118909308,3723.806923076923,-0.0,0.3083655704697571,0.09696259968861477,0.4238423086051929,-0.39893256948169337,128948.69,90914.4,1.4183527581989213,1.4287983082481466,On Target (100-119%),5.0,29.0,49582.9675,0.0,0.0,49582.9675,CP2025,70794.0,T2 On Target,0.01,49582.9675,495.829675,0,0.010242406499221538,4 100-119%
73,202503,20250301,8,38,0,Oman SME,OM,SME,49680.0,21864.81,21864.81,0.0,22349.96,485.15,9968.31,7.0,7976.3099999999995,0.0,REP-065,Lama Al-Rawahi,2025,0.44011292270531405,-27815.19,0.021706973972212926,3123.5442857142857,-0.0,0.36480124913045203,0.0,0.45590654572347067,-0.5483362869553056,150813.5,140594.4,1.0726849718054206,1.0726849718054206,Below Target (<80%),7.0,57.0,21864.81,0.0,0.0,21864.81,CP2025,74520.0,T0 Below Gate,0.0,21864.81,0.0,0,0.0,1 <60%
73,202504,20250401,8,39,0,Oman SME,OM,SME,49680.0,38146.88,38146.88,0.0,38849.94,703.0600000000001,21039.38,9.0,13671.39,8943.91,REP-065,Lama Al-Rawahi,2025,0.7678518518518518,-11533.120000000003,0.018096810445524497,4238.542222222222,-0.0,0.35838815651502826,0.23445980378998232,0.5515360627133858,0.7446700886035595,188960.38,190274.4,0.993094078867152,0.7397935260241818,Below Target (<80%),4.0,40.0,40382.8575,0.0,0.0,40382.8575,CP2025,74520.0,T0 Below Gate,0.0,40382.8575,0.0,0,0.0,2 60-79%
73,202505,20250501,8,40,0,Oman SME,OM,SME,49680.0,83142.57,83142.57,0.0,84749.88,1607.31,37883.07,15.0,24098.33,35304.26,REP-065,Lama Al-Rawahi,2025,1.673562198067633,33462.57000000001,0.018965336588087203,5542.838000000001,-0.0,0.2898434580504307,0.42462315033081127,0.4556398725706939,1.1795378809485864,272102.95,239954.4,1.13397774743868,0.960508990874933,Exceeding (>=120%),2.0,7.0,91968.635,0.0,0.0,91968.635,CP2025,74520.0,T3 Accelerator,0.015,74520.0,1117.8,1,0.013444376328516184,6 150%+
73,202506,20250601,8,41,0,Oman SME,OM,SME,51667.2,26445.93,26445.93,0.0,26699.89,253.96,12915.93,6.0,3865.23,5981.09,REP-065,Lama Al-Rawahi,2025,0.5118514260497956,-25221.269999999997,0.009511649673463074,4407.655,-0.0,0.14615594913848748,0.22616296723163073,0.4883900849771591,-0.6819207056024369,298548.88,291621.6,1.023754344671314,0.9782037937537079,Below Target (<80%),7.0,68.0,27941.2025,0.0,0.0,27941.2025,CP2025,77500.79999999999,T0 Below Gate,0.0,27941.2025,0.0,0,0.0,1 <60%
73,202507,20250701,8,42,0,Oman SME,OM,SME,47196.0,67489.78,67489.78,0.0,68899.98,1410.2,33606.78,13.0,7930.969999999999,24050.53,REP-065,Lama Al-Rawahi,2025,1.4299894058818543,20293.78,0.020467349917953535,5191.5215384615385,-0.0,0.1175136442880685,0.35635810340469326,0.4979536160882433,1.5519911759578884,366038.66000000003,338817.6,1.080341340001228,1.1920995373736394,Exceeding (>=120%),2.0,8.0,73502.4125,0.0,0.0,73502.4125,CP2025,70794.0,T3 Accelerator,0.015,70794.0,1061.9099999999999,1,0.015734382302031506,5 120-149%
73,202508,20250801,8,43,0,Oman SME,OM,SME,45705.6,44610.32,44610.32,0.0,45449.9,839.5799999999999,22873.82,11.0,9125.57,5826.610000000001,REP-065,Lama Al-Rawahi,2025,0.9760361968774067,-1095.2799999999988,0.01847264790461585,4055.4836363636364,-0.0,0.20456185922898557,0.13061125766414589,0.512747274621657,-0.3390062910265821,410648.98,384523.2,1.0679433126531765,0.9583397662566198,Near Target (80-99%),2.0,19.0,46066.972499999996,0.0,0.0,46066.972499999996,CP2025,68558.4,T1 Approaching,0.005,46066.972499999996,230.33486249999999,0,0.005163264072080182,3 80-99%
73,202509,20250901,8,44,0,Oman SME,OM,SME,49680.0,91429.2,91429.2,0.0,93249.91,1820.71,45724.7,18.0,6448.92,36437.5,REP-065,Lama Al-Rawahi,2025,1.8403623188405795,41749.2,0.019525059059038233,5079.4,-0.0,0.07053457757477917,0.39853241633963765,0.5001104679905326,1.0495078268884868,502078.18,434203.2,1.1563207733153509,1.4274583817266746,Exceeding (>=120%),1.0,3.0,100538.575,0.0,0.0,100538.575,CP2025,74520.0,T3 Accelerator,0.015,74520.0,1117.8,1,0.01222585344725755,6 150%+
73,202510,20251001,8,45,0,Oman SME,OM,SME,51667.2,47843.51,47843.51,0.0,48749.99,906.4799999999999,27292.01,11.0,2942.11,19948.510000000002,REP-065,Lama Al-Rawahi,2025,0.9259938607085347,-3823.689999999995,0.01859446535271084,4349.41,-0.0,0.061494443028950005,0.4169533129989836,0.5704433056855569,-0.4767152069579521,549921.69,485870.4,1.1318279318929492,1.2504558226704967,Near Target (80-99%),4.0,36.0,52830.637500000004,0.0,0.0,52830.637500000004,CP2025,77500.79999999999,T1 Approaching,0.005,52830.637500000004,264.1531875,0,0.005521191641248729,3 80-99%
73,202511,20251101,8,46,0,Oman SME,OM,SME,53654.4,53415.55,53415.55,0.0,54699.77,1284.22,24896.55,14.0,5396.54,5885.09,REP-065,Lama Al-Rawahi,2025,0.9955483613645852,-238.84999999999854,0.02347761242871771,3815.3964285714287,-0.0,0.10102938189347484,0.11017559493443388,0.46609180285516105,0.11646386312375494,603337.24,539524.8,1.1182752674205152,1.2431372321317973,Near Target (80-99%),6.0,37.0,54886.8225,0.0,0.0,54886.8225,CP2025,80481.6,T1 Approaching,0.005,54886.8225,274.4341125,0,0.005137719493668043,3 80-99%
73,202512,20251201,8,47,0,Oman SME,OM,SME,56635.2,72503.5,72503.5,0.0,74149.73,1646.23,32414.0,16.0,40057.94,15437.630000000001,REP-065,Lama Al-Rawahi,2025,1.280184408283188,15868.300000000003,0.02220142945901489,4531.46875,-0.0,0.5524966380933335,0.21292254856662093,0.44706807257580666,0.3573481879340379,675840.74,596160.0,1.1336566358024691,1.0728945002617982,Exceeding (>=120%),5.0,24.0,76362.9075,0.0,0.0,76362.9075,CP2025,84952.79999999999,T3 Accelerator,0.015,76362.9075,1145.4436125,0,0.01579845955712483,5 120-149%
74,202401,20240101,8,35,0,Oman SME,OM,SME,38016.0,43870.51,43870.51,0.0,45900.0,2029.49,23792.510000000002,10.0,14642.17,20816.12,REP-066,Faisal Al-Otaibi,2024,1.154001210016835,5854.510000000002,0.04421546840958605,4387.051,-0.0,0.3337588279689477,0.47449003898062725,0.5423349306857842,,43870.51,38016.0,1.154001210016835,1.154001210016835,On Target (100-119%),2.0,21.0,49074.54,0.0,0.0,49074.54,CP2024,57024.0,T2 On Target,0.01,49074.54,490.7454,0,0.011186225097451569,4 100-119%
74,202402,20240201,8,36,0,Oman SME,OM,SME,41040.0,70759.27,70759.27,0.0,74749.99,3990.72,30971.77,14.0,11644.75,7572.3,REP-066,Faisal Al-Otaibi,2024,1.7241537524366473,29719.270000000004,0.05338756567057734,5054.233571428572,-0.0,0.1645685434572742,0.10701495365907533,0.4377061832322464,0.6129119538386949,114629.78,79056.0,1.4499820380489779,1.4499820380489779,Exceeding (>=120%),2.0,11.0,72652.345,0.0,0.0,72652.345,CP2024,61560.0,T3 Accelerator,0.015,61560.0,923.4,1,0.013049880248905903,6 150%+
74,202403,20240301,8,37,0,Oman SME,OM,SME,43200.0,29053.8,31317.0,-2263.2,32400.0,1083.0,16093.8,8.0,2858.39,5896.49,REP-066,Faisal Al-Otaibi,2024,0.6725416666666667,-14146.2,0.03342592592592593,3914.625,0.07226745856882842,0.09127279113580483,0.1882839991059169,0.5539309832104579,-0.5893993818760425,143683.58000000002,122256.0,1.1752681258997515,1.1752681258997515,Below Target (<80%),4.0,53.0,32791.1225,-2263.2,0.0,30527.922499999997,CP2024,64800.0,T0 Below Gate,0.0,30527.922499999997,0.0,0,0.0,2 60-79%
74,202404,20240401,8,38,0,Oman SME,OM,SME,43200.0,48032.68,48032.68,0.0,50599.92,2567.24,23345.68,10.0,12450.74,11752.02,REP-066,Faisal Al-Otaibi,2024,1.1118675925925925,4832.68,0.05073604859454323,4803.268,-0.0,0.2592139351791322,0.24466717243343492,0.4860374228546065,0.6532322794264435,191716.26,165456.0,1.158714461850885,1.1601204488386692,On Target (100-119%),1.0,23.0,50970.685,0.0,0.0,50970.685,CP2024,64800.0,T2 On Target,0.01,50970.685,509.70685,0,0.010611667931083587,4 100-119%
74,202405,20240501,8,39,0,Oman SME,OM,SME,43200.0,20839.7,20839.7,0.0,21799.95,960.25,9637.7,6.0,0.0,0.0,REP-066,Faisal Al-Otaibi,2024,0.48240046296296296,-22360.3,0.044048266165748085,3473.2833333333333,-0.0,0.0,0.0,0.4624682696967807,-0.5661349731058104,212555.96000000002,208656.0,1.0186908595966568,0.7556032407407408,Below Target (<80%),4.0,61.0,20839.7,0.0,0.0,20839.7,CP2024,64800.0,T0 Below Gate,0.0,20839.7,0.0,0,0.0,1 <60%
74,202406,20240601,8,40,0,Oman SME,OM,SME,44928.0,52888.53,52888.53,0.0,56049.99,3161.46,24803.03,11.0,9032.51,11829.36,REP-066,Faisal Al-Otaibi,2024,1.1771841613247862,7960.529999999999,0.056404291954378585,4808.048181818182,-0.0,0.17078391099166493,0.2236658874807071,0.4689680352242726,1.5378738657466278,265444.49,253584.0,1.0467714445706353,0.9271511787280702,On Target (100-119%),2.0,26.0,55845.87,0.0,0.0,55845.87,CP2024,67392.0,T2 On Target,0.01,55845.87,558.4587,0,0.010559164718701768,4 100-119%
74,202407,20240701,8,41,0,Oman SME,OM,SME,41040.0,48441.71,48441.71,0.0,50499.84,2058.13,21705.71,12.0,0.0,5715.889999999999,REP-066,Faisal Al-Otaibi,2024,1.1803535575048734,7401.709999999999,0.04075517863026893,4036.8091666666664,-0.0,0.0,0.11799521528038542,0.4480789385841251,-0.08407909994851435,313886.2,294624.0,1.0653789236450528,0.9458220302242042,On Target (100-119%),2.0,20.0,49870.6825,0.0,0.0,49870.6825,CP2024,61560.0,T2 On Target,0.01,49870.6825,498.70682500000004,0,0.010294988038200965,4 100-119%
74,202408,20240801,8,42,0,Oman SME,OM,SME,39744.0,24623.47,24623.47,0.0,25749.96,1126.49,11026.97,5.0,4354.05,5735.42,REP-066,Faisal Al-Otaibi,2024,0.6195518820450886,-15120.529999999999,0.04374725242291639,4924.694,-0.0,0.17682519969768679,0.2329249289397473,0.4478235602049589,-0.49168867077566003,338509.67,334368.0,1.0123865621112067,1.0019227281405119,Below Target (<80%),3.0,50.0,26057.325,0.0,0.0,26057.325,CP2024,59616.0,T0 Below Gate,0.0,26057.325,0.0,0,0.0,2 60-79%
74,202409,20240901,8,43,0,Oman SME,OM,SME,43200.0,77067.81,77067.81,0.0,80699.69,3631.88,34977.81,17.0,16211.630000000001,16784.73,REP-066,Faisal Al-Otaibi,2024,1.7839770833333333,33867.81,0.045004881679223306,4533.400588235294,-0.0,0.21035540000423006,0.21779170836695633,0.453857583341216,2.1298517227669373,415577.48,377568.0,1.100669230443258,1.2109061653116533,Exceeding (>=120%),1.0,4.0,81263.99250000001,0.0,0.0,81263.99250000001,CP2024,64800.0,T3 Accelerator,0.015,64800.0,972.0,1,0.012612269636311192,6 150%+
74,202410,20241001,8,44,0,Oman SME,OM,SME,44928.0,4828.51,4828.51,0.0,5149.99,321.48,2193.01,2.0,1436.6,0.0,REP-066,Faisal Al-Otaibi,2024,0.10747217770655271,-40099.49,0.0624234221814023,2414.255,-0.0,0.29752449513410967,0.0,0.45417944666159954,-0.9373472530230197,420405.99,422496.0,0.9950531839354692,0.8330188782532534,Below Target (<80%),5.0,65.0,4828.51,0.0,0.0,4828.51,CP2024,67392.0,T0 Below Gate,0.0,4828.51,0.0,0,0.0,1 <60%
74,202411,20241101,8,45,0,Oman SME,OM,SME,46656.0,49835.979999999996,55482.1,-5646.12,58449.94,2967.84,22372.48,12.0,11929.11,17641.93,REP-066,Faisal Al-Otaibi,2024,1.0681580075445816,3179.979999999996,0.05077575785364365,4623.508333333333,0.10176471330393046,0.21500826392656372,0.31797516676549736,0.4489222445309594,9.32119225185409,470241.97000000003,469152.0,1.0023232768910717,0.9773585885565054,On Target (100-119%),2.0,31.0,59892.5825,-6781.679999999999,0.0,53110.9025,CP2024,69984.0,T2 On Target,0.01,53110.9025,531.109025,0,0.010657140182655182,4 100-119%
74,202412,20241201,8,46,0,Oman SME,OM,SME,49248.0,57905.88,57905.88,0.0,61149.83,3243.95,28108.38,13.0,12347.52,10322.19,REP-066,Faisal Al-Otaibi,2024,1.175801656920078,8657.879999999997,0.053049207168687135,4454.298461538461,-0.0,0.21323430366657067,0.17825806291174576,0.48541495267838086,0.161929192523153,528147.85,518400.0,1.0188037229938272,0.7993238042490344,On Target (100-119%),3.0,31.0,60486.4275,0.0,0.0,60486.4275,CP2024,73872.0,T2 On Target,0.01,60486.4275,604.864275,0,0.010445645157279365,4 100-119%
74,202501,20250101,8,47,0,Oman SME,OM,SME,43718.4,67512.71,67512.71,0.0,71399.97,3887.2599999999998,30787.71,13.0,10086.66,17229.88,REP-066,Faisal Al-Otaibi,2025,1.5442630562875128,23794.310000000005,0.05444344024234184,5193.285384615385,-0.0,0.14940386780503995,0.2552094264916932,0.45602835377220075,0.16590422250728268,67512.71,43718.4,1.5442630562875128,1.2552038211633665,Exceeding (>=120%),2.0,10.0,71820.18,0.0,0.0,71820.18,CP2025,65577.6,T3 Accelerator,0.015,65577.6,983.6640000000001,1,0.014570056512321902,6 150%+
74,202502,20250201,8,48,0,Oman SME,OM,SME,47196.0,57940.97,57940.97,0.0,60999.97,3059.0,29799.97,12.0,18053.47,11242.78,REP-066,Faisal Al-Otaibi,2025,1.2276669633019748,10744.970000000001,0.05014756564634376,4828.4141666666665,-0.0,0.3115838412784598,0.19403851885807227,0.5143160357860768,-0.14177685949801164,125453.68000000001,90914.4,1.3799098932622336,1.3081936382367882,Exceeding (>=120%),3.0,20.0,60751.665,0.0,0.0,60751.665,CP2025,70794.0,T3 Accelerator,0.015,60751.665,911.2749749999999,0,0.01572764444571777,5 120-149%
74,202503,20250301,8,49,0,Oman SME,OM,SME,49680.0,35351.42,35351.42,0.0,36900.0,1548.58,18196.42,6.0,3310.92,7648.5,REP-066,Faisal Al-Otaibi,2025,0.7115825281803543,-14328.580000000002,0.04196693766937669,5891.903333333333,-0.0,0.09365734106296156,0.2163562312348415,0.5147295356169568,-0.38987179538071254,160805.1,140594.4,1.1437518137280007,1.143751813728001,Below Target (<80%),2.0,32.0,37263.545,0.0,0.0,37263.545,CP2025,74520.0,T0 Below Gate,0.0,37263.545,0.0,0,0.0,2 60-79%
74,202504,20250401,8,50,0,Oman SME,OM,SME,49680.0,27877.25,27877.25,0.0,29900.0,2022.75,14927.25,6.0,7854.52,10926.01,REP-066,Faisal Al-Otaibi,2025,0.5611362721417069,-21802.75,0.0676505016722408,4646.208333333333,-0.0,0.2817537597862056,0.3919328484696303,0.5354635051879221,-0.21142488759998887,188682.35,190274.4,0.991632873366044,0.826780479816589,Below Target (<80%),7.0,50.0,30608.752500000002,0.0,0.0,30608.752500000002,CP2025,74520.0,T0 Below Gate,0.0,30608.752500000002,0.0,0,0.0,1 <60%
74,202505,20250501,8,51,0,Oman SME,OM,SME,49680.0,41371.65,41371.65,0.0,43799.979999999996,2428.33,21526.65,11.0,14542.880000000001,11897.029999999999,REP-066,Faisal Al-Otaibi,2025,0.8327626811594203,-8308.349999999999,0.05544134951659796,3761.059090909091,-0.0,0.3515180081045837,0.2875647937657792,0.5203236999249486,0.48406496336618576,230054.0,239954.4,0.9587404940271985,0.7018271604938272,Near Target (80-99%),7.0,46.0,44345.9075,0.0,0.0,44345.9075,CP2025,74520.0,T0 Below Gate,0.0,44345.9075,0.0,0,0.0,3 80-99%
74,202506,20250601,8,52,0,Oman SME,OM,SME,51667.2,21879.88,21879.88,0.0,23200.0,1320.1200000000001,10739.880000000001,7.0,10617.59,5593.1900000000005,REP-066,Faisal Al-Otaibi,2025,0.42347717700978577,-29787.319999999996,0.05690172413793104,3125.697142857143,-0.0,0.48526728665787927,0.2556316579432794,0.49085643979765886,-0.4711383278162703,251933.88,291621.6,0.8639067887975377,0.6033931636155607,Below Target (<80%),8.0,71.0,23278.177499999998,0.0,0.0,23278.177499999998,CP2025,77500.79999999999,T0 Below Gate,0.0,23278.177499999998,0.0,0,0.0,1 <60%
74,202507,20250701,8,53,0,Oman SME,OM,SME,47196.0,50991.99,50991.99,0.0,54200.0,3208.01,26311.989999999998,9.0,21061.12,11917.27,REP-066,Faisal Al-Otaibi,2025,1.0804303330790745,3795.989999999998,0.05918837638376384,5665.776666666667,-0.0,0.4130280069477579,0.2337086667925688,0.516002415281302,1.3305424892641091,302925.87,338817.6,0.8940676930596286,0.7690928968811768,On Target (100-119%),6.0,25.0,53971.3075,0.0,0.0,53971.3075,CP2025,70794.0,T2 On Target,0.01,53971.3075,539.713075,0,0.010584271666981422,4 100-119%
74,202508,20250801,8,54,0,Oman SME,OM,SME,45705.6,37093.31,37093.31,0.0,38749.96,1656.6499999999999,16920.81,8.0,0.0,2827.8,REP-066,Faisal Al-Otaibi,2025,0.8115703546173773,-8612.29,0.042752302195924845,4636.66375,-0.0,0.0,0.07623477117571875,0.456168780839456,-0.2725659461417372,340019.18,384523.2,0.8842618078701102,0.7606425452794796,Near Target (80-99%),3.0,33.0,37800.26,0.0,0.0,37800.26,CP2025,68558.4,T0 Below Gate,0.0,37800.26,0.0,0,0.0,3 80-99%
74,202509,20250901,8,55,0,Oman SME,OM,SME,49680.0,46387.69,46387.69,0.0,48799.95,2412.26,25457.690000000002,11.0,14656.0,13422.57,REP-066,Faisal Al-Otaibi,2025,0.9337296698872787,-3292.3099999999977,0.049431608024188556,4217.062727272728,-0.0,0.31594588995485656,0.289356292585382,0.5488027103742394,0.2505675551736959,386406.87,434203.2,0.8899217463160105,0.9431300392196471,Near Target (80-99%),6.0,32.0,49743.3325,0.0,0.0,49743.3325,CP2025,74520.0,T1 Approaching,0.005,49743.3325,248.71666249999998,0,0.005361695365731727,3 80-99%
74,202510,20251001,8,56,0,Oman SME,OM,SME,51667.2,30427.67,30427.67,0.0,32149.989999999998,1722.32,16000.17,8.0,11250.79,2833.81,REP-066,Faisal Al-Otaibi,2025,0.5889165660225443,-21239.53,0.05357140079981362,3803.45875,-0.0,0.3697552260820497,0.09313266510383476,0.5258427608817895,-0.34405722725145405,416834.54000000004,485870.4,0.8579130154872575,0.774610684053619,Below Target (<80%),7.0,62.0,31136.122499999998,0.0,0.0,31136.122499999998,CP2025,77500.79999999999,T0 Below Gate,0.0,31136.122499999998,0.0,0,0.0,1 <60%
74,202511,20251101,8,57,0,Oman SME,OM,SME,53654.4,59878.64,59878.64,0.0,63399.979999999996,3521.34,27713.64,15.0,18789.89,12903.02,REP-066,Faisal Al-Otaibi,2025,1.1160061430190253,6224.239999999998,0.05554165789957663,3991.9093333333335,-0.0,0.3137995452134517,0.2154861900671091,0.46283015111899667,0.9679009270180728,476713.18,539524.8,0.8835797353522952,0.8818876708369462,On Target (100-119%),4.0,27.0,63104.395,0.0,0.0,63104.395,CP2025,80481.6,T2 On Target,0.01,63104.395,631.04395,0,0.010538715475167772,4 100-119%
74,202512,20251201,8,58,0,Oman SME,OM,SME,56635.2,36598.01,36598.01,0.0,38100.0,1501.99,13816.01,9.0,9561.1,0.0,REP-066,Faisal Al-Otaibi,2025,0.646206069723423,-20037.189999999995,0.03942230971128609,4066.445555555556,-0.0,0.26124644482036047,0.0,0.37750713768316907,-0.38879690654296756,513311.19,596160.0,0.8610292371175523,0.7835689517204589,Below Target (<80%),8.0,64.0,36598.01,0.0,0.0,36598.01,CP2025,84952.79999999999,T0 Below Gate,0.0,36598.01,0.0,0,0.0,2 60-79%
75,202401,20240101,8,38,0,Oman SME,OM,SME,38016.0,32862.380000000005,32862.380000000005,0.0,35099.92,2237.54,16197.38,8.0,0.0,8464.810000000001,REP-067,Nasser Naguib,2024,0.8644355008417509,-5153.619999999995,0.06374772364153537,4107.797500000001,-0.0,0.0,0.2575835955886336,0.4928851775190962,,32862.380000000005,38016.0,0.8644355008417509,0.8644355008417509,Near Target (80-99%),4.0,30.0,34978.582500000004,0.0,0.0,34978.582500000004,CP2024,57024.0,T1 Approaching,0.005,34978.582500000004,174.89291250000002,0,0.005321979494485792,3 80-99%
75,202402,20240201,8,39,0,Oman SME,OM,SME,41040.0,38373.62,38373.62,0.0,41600.0,3226.38,19513.62,9.0,12618.73,5586.889999999999,REP-067,Nasser Naguib,2024,0.9350297270955167,-2666.3799999999974,0.07755721153846154,4263.735555555556,-0.0,0.32883866572921705,0.14559194571687525,0.5085165277604771,0.16770666032101136,71236.0,79056.0,0.9010827767658369,0.9010827767658369,Near Target (80-99%),4.0,41.0,39770.3425,0.0,0.0,39770.3425,CP2024,61560.0,T1 Approaching,0.005,39770.3425,198.8517125,0,0.0051819899321460935,3 80-99%
75,202403,20240301,8,40,0,Oman SME,OM,SME,43200.0,45982.8,45982.8,0.0,49700.0,3717.2,16556.8,12.0,17111.04,11007.57,REP-067,Nasser Naguib,2024,1.0644166666666668,2782.800000000003,0.07479275653923541,3831.9,-0.0,0.372118270309768,0.2393845089903181,0.36006506780796294,0.1982919516063379,117218.80000000002,122256.0,0.9587979322078264,0.9587979322078264,On Target (100-119%),1.0,29.0,48734.6925,0.0,0.0,48734.6925,CP2024,64800.0,T2 On Target,0.01,48734.6925,487.346925,0,0.010598461272475795,4 100-119%
75,202404,20240401,8,41,0,Oman SME,OM,SME,43200.0,18045.12,18045.12,0.0,19399.98,1354.8600000000001,9312.12,6.0,0.0,0.0,REP-067,Nasser Naguib,2024,0.4177111111111111,-25154.88,0.06983821632805808,3007.52,-0.0,0.0,0.0,0.5160464435814226,-0.6075680471828597,135263.92,165456.0,0.8175219998065952,0.8035274639045826,Below Target (<80%),5.0,60.0,18045.12,0.0,0.0,18045.12,CP2024,64800.0,T0 Below Gate,0.0,18045.12,0.0,0,0.0,1 <60%
75,202405,20240501,8,42,0,Oman SME,OM,SME,43200.0,50397.68,50397.68,0.0,53899.85,3502.17,21685.68,13.0,8027.33,13867.8,REP-067,Nasser Naguib,2024,1.166612962962963,7197.68,0.06497550549769619,3876.7446153846154,-0.0,0.15927975256003848,0.2751674283419395,0.4302912356283067,1.792870316185207,185661.6,208656.0,0.889797561536692,0.8829135802469136,On Target (100-119%),2.0,23.0,53864.630000000005,0.0,0.0,53864.630000000005,CP2024,64800.0,T2 On Target,0.01,53864.630000000005,538.6463000000001,0,0.01068791857085485,4 100-119%
75,202406,20240601,8,43,0,Oman SME,OM,SME,44928.0,88583.18000000001,88583.18000000001,0.0,95249.81,6666.63,36990.68,19.0,35862.7,25547.9,REP-067,Nasser Naguib,2024,1.971669782763533,43655.18000000001,0.06999100575633695,4662.272631578948,-0.0,0.40484773745986535,0.28840576732512874,0.4175813060673595,0.7576836870268633,274244.78,253584.0,1.0814750930658086,1.195677844785575,Exceeding (>=120%),1.0,4.0,94970.155,0.0,0.0,94970.155,CP2024,67392.0,T3 Accelerator,0.015,67392.0,1010.88,1,0.011411647222418522,6 150%+
75,202407,20240701,8,44,0,Oman SME,OM,SME,41040.0,44951.85,44951.85,0.0,48300.0,3348.15,19429.85,10.0,10629.369999999999,12931.86,REP-067,Nasser Naguib,2024,1.0953179824561403,3911.8499999999985,0.06931987577639752,4495.1849999999995,-0.0,0.23646123574446878,0.2876824869276793,0.4322369379680703,-0.4925464405319385,319196.63,294624.0,1.083403354784403,1.4239804750402576,On Target (100-119%),3.0,22.0,48184.815,0.0,0.0,48184.815,CP2024,61560.0,T2 On Target,0.01,48184.815,481.84815000000003,0,0.0107192062173192,4 100-119%
75,202408,20240801,8,45,0,Oman SME,OM,SME,39744.0,42987.43,42987.43,0.0,46899.9,3912.4700000000003,17637.43,10.0,13969.23,9818.1,REP-067,Nasser Naguib,2024,1.0816080414653784,3243.4300000000003,0.08342171305269308,4298.743,-0.0,0.3249608083107085,0.2283946725821944,0.41029272975844333,-0.04370053735274518,362184.06,334368.0,1.083189958369222,1.404181462390225,On Target (100-119%),2.0,18.0,45441.955,0.0,0.0,45441.955,CP2024,59616.0,T2 On Target,0.01,45441.955,454.41955,0,0.010570986681455487,4 100-119%
75,202409,20240901,8,46,0,Oman SME,OM,SME,43200.0,38462.56,38462.56,0.0,41449.78,2987.2200000000003,17205.06,9.0,11390.67,8682.0,REP-067,Nasser Naguib,2024,0.890337037037037,-4737.440000000002,0.07206841628592481,4273.6177777777775,-0.0,0.2961495542678387,0.22572600471731472,0.4473196791893208,-0.1052603051636258,400646.62,377568.0,1.061124406729384,1.0195012259646405,Near Target (80-99%),3.0,37.0,40633.06,0.0,0.0,40633.06,CP2024,64800.0,T1 Approaching,0.005,40633.06,203.1653,0,0.005282157505896644,3 80-99%
75,202410,20241001,8,47,0,Oman SME,OM,SME,44928.0,109283.4,109283.4,0.0,118199.84,8916.44,46525.4,21.0,30245.26,24294.67,REP-067,Nasser Naguib,2024,2.432411858974359,64355.399999999994,0.07543529669752515,5203.971428571428,-0.0,0.2767598738692244,0.22230887765204962,0.42573162987242347,1.8412929352596394,509930.02,422496.0,1.2069463852912217,1.4915962055805805,Exceeding (>=120%),2.0,4.0,115357.0675,0.0,0.0,115357.0675,CP2024,67392.0,T3 Accelerator,0.015,67392.0,1010.88,1,0.0092500782369509,6 150%+
75,202411,20241101,8,48,0,Oman SME,OM,SME,46656.0,64226.12,69749.61,-5523.49,75049.93,5300.32,30518.62,16.0,18560.78,15679.86,REP-067,Nasser Naguib,2024,1.3765886488340193,17570.120000000003,0.07062391663789694,4359.350625,0.0791902635727999,0.26610586066359365,0.22480211717312829,0.47517458628981474,-0.4122975676086212,574156.14,469152.0,1.2238168866380192,1.572679843304843,Exceeding (>=120%),1.0,18.0,73669.575,-5523.49,0.0,68146.08499999999,CP2024,69984.0,T3 Accelerator,0.015,68146.08499999999,1022.1912749999998,0,0.015915507195514843,5 120-149%
75,202412,20241201,8,49,0,Oman SME,OM,SME,49248.0,55665.26,62120.32,-6455.0599999999995,67099.92,4979.6,25379.26,15.0,6366.63,11180.39,REP-067,Nasser Naguib,2024,1.1303049870045485,6417.260000000002,0.07421171292007503,4141.354666666667,0.10391221423199365,0.10248868647167304,0.17997959443866354,0.45592637131309544,-0.13329249844144408,629821.4,518400.0,1.2149332561728396,1.6272919506930241,On Target (100-119%),4.0,32.0,64915.4175,0.0,-6455.0599999999995,64915.4175,CP2024,73872.0,T2 On Target,0.01,64915.4175,649.154175,0,0.011661746931569168,4 100-119%
75,202501,20250101,8,50,0,Oman SME,OM,SME,43718.4,45411.09,45411.09,0.0,48949.81,3538.7200000000003,15648.59,13.0,16336.619999999999,0.0,REP-067,Nasser Naguib,2025,1.038718022617479,1692.689999999995,0.07229282401709017,3493.160769230769,-0.0,0.35974956778179074,0.0,0.3445984229843415,-0.18421130162690347,45411.09,43718.4,1.038718022617479,1.1839251438164649,On Target (100-119%),3.0,23.0,45411.09,0.0,0.0,45411.09,CP2025,65577.6,T2 On Target,0.01,45411.09,454.11089999999996,0,0.01,4 100-119%
75,202502,20250201,8,51,0,Oman SME,OM,SME,47196.0,32803.76,39559.520000000004,-6755.76,42749.78,3190.2599999999998,12428.26,9.0,8248.16,8406.3,REP-067,Nasser Naguib,2025,0.6950538181201797,-14392.239999999998,0.0746263489543104,4395.502222222222,0.17077456955999465,0.2085000020222692,0.21249752272019473,0.37886693476601463,-0.277626676655416,78214.85,90914.4,0.8603131077145096,0.95517849294818,Below Target (<80%),7.0,44.0,41661.095,-4496.88,-2258.88,37164.215000000004,CP2025,70794.0,T0 Below Gate,0.0,37164.215000000004,0.0,0,0.0,2 60-79%
75,202503,20250301,8,52,0,Oman SME,OM,SME,49680.0,34191.51,34191.51,0.0,37199.83,3008.3199999999997,12876.51,8.0,9373.779999999999,4309.44,REP-067,Nasser Naguib,2025,0.6882349033816425,-15488.489999999998,0.08086918676778898,4273.93875,-0.0,0.27415519232698404,0.12603830600052468,0.376599629557162,0.04230460166761371,112406.36,140594.4,0.7995080885156166,0.7995080885156165,Below Target (<80%),4.0,39.0,35268.87,0.0,0.0,35268.87,CP2025,74520.0,T0 Below Gate,0.0,35268.87,0.0,0,0.0,2 60-79%
75,202504,20250401,8,53,0,Oman SME,OM,SME,49680.0,81949.18000000001,84229.65,-2280.47,90649.83,6420.18,39093.68,19.0,4737.11,10130.75,REP-067,Nasser Naguib,2025,1.649540660225443,32269.180000000008,0.07082396072888389,4433.13947368421,0.0270744328155228,0.05624040940452679,0.12027534247144564,0.47704784843484704,1.3967698414021492,194355.54,190274.4,1.0214487077610022,1.0162971833292394,Exceeding (>=120%),2.0,7.0,86762.3375,0.0,-2280.47,86762.3375,CP2025,74520.0,T3 Accelerator,0.015,74520.0,1117.8,1,0.013640160889956432,6 150%+
75,202505,20250501,8,54,0,Oman SME,OM,SME,49680.0,68823.29,68823.29,0.0,74049.94,5226.65,36167.79,14.0,14668.92,18636.25,REP-067,Nasser Naguib,2025,1.38533192431562,19143.289999999994,0.07058277157280612,4915.949285714285,-0.0,0.21313889527803745,0.2707840616163511,0.5255167255154469,-0.16017109628186654,263178.83,239954.4,1.096786847834422,1.2410358293075683,Exceeding (>=120%),3.0,13.0,73482.3525,0.0,0.0,73482.3525,CP2025,74520.0,T3 Accelerator,0.015,73482.3525,1102.2352875,0,0.016015440231061318,5 120-149%
75,202506,20250601,8,55,0,Oman SME,OM,SME,51667.2,49677.15,49677.15,0.0,54099.9,4422.75,25731.149999999998,9.0,9830.59,23734.96,REP-067,Nasser Naguib,2025,0.9614833008175401,-1990.0499999999956,0.08175153743352576,5519.683333333333,-0.0,0.1978895729726846,0.4777842529211116,0.517967516252442,-0.2781927455080975,312855.98,291621.6,1.072814839504344,1.3272418478260866,Near Target (80-99%),6.0,36.0,55610.89,0.0,0.0,55610.89,CP2025,77500.79999999999,T1 Approaching,0.005,55610.89,278.05445000000003,0,0.00559723031615139,3 80-99%
75,202507,20250701,8,56,0,Oman SME,OM,SME,47196.0,64674.62,64674.62,0.0,68999.87,4325.25,32920.62,18.0,22526.4,12763.82,REP-067,Nasser Naguib,2025,1.3703411306042885,17478.620000000003,0.0626849007106825,3593.0344444444445,-0.0,0.34830355400619284,0.19735438723876536,0.5090191484696779,0.3018987602952263,377530.6,338817.6,1.1142591175901133,1.2331433549297441,Exceeding (>=120%),3.0,10.0,67865.575,0.0,0.0,67865.575,CP2025,70794.0,T3 Accelerator,0.015,67865.575,1017.983625,0,0.01574007895214537,5 120-149%
75,202508,20250801,8,57,0,Oman SME,OM,SME,45705.6,25218.7,25218.7,0.0,27299.87,2081.17,11883.7,6.0,11016.7,4415.03,REP-067,Nasser Naguib,2025,0.5517638976405518,-20486.899999999998,0.076233696350935,4203.116666666667,-0.0,0.43684646710575886,0.17506969034882844,0.47122571742397507,-0.6100680607014003,402749.3,384523.2,1.047399220645204,0.9654259425270184,Below Target (<80%),6.0,55.0,26322.4575,0.0,0.0,26322.4575,CP2025,68558.4,T0 Below Gate,0.0,26322.4575,0.0,0,0.0,1 <60%
75,202509,20250901,8,58,0,Oman SME,OM,SME,49680.0,66465.25,70777.58,-4312.33,75999.98,5222.4,30120.25,17.0,9035.07,15638.82,REP-067,Nasser Naguib,2025,1.337867351046699,16785.25,0.06871580755679146,4163.3870588235295,0.060927909657267174,0.12765440694638047,0.22095725793393897,0.4531728986199555,1.6355541721024478,469214.55,434203.2,1.0806335605080755,1.0966251606097843,Exceeding (>=120%),3.0,15.0,74687.285,-4312.33,0.0,70374.955,CP2025,74520.0,T3 Accelerator,0.015,70374.955,1055.624325,0,0.015882349423194827,5 120-149%
75,202510,20251001,8,59,0,Oman SME,OM,SME,51667.2,59132.38,59132.38,0.0,63649.99,4517.61,31446.88,13.0,4015.81,18314.78,REP-067,Nasser Naguib,2025,1.144485863371733,7465.18,0.07097581633555637,4548.6446153846155,-0.0,0.06791219971190066,0.3097250609564506,0.5318047404822874,-0.11032637355610643,528346.93,485870.4,1.0874235804444972,1.0255930522914218,On Target (100-119%),2.0,20.0,63711.075,0.0,0.0,63711.075,CP2025,77500.79999999999,T2 On Target,0.01,63711.075,637.1107499999999,0,0.010774312652391127,4 100-119%
75,202511,20251101,8,60,0,Oman SME,OM,SME,53654.4,56230.69,56230.69,0.0,60949.83,4719.14,21269.19,13.0,18284.670000000002,7065.95,REP-067,Nasser Naguib,2025,1.0480163788990278,2576.290000000001,0.07742663105048858,4325.4376923076925,-0.0,0.3251724280815334,0.1256600265797912,0.3782487819374082,-0.04907108423506707,584577.62,539524.8,1.0835046322245057,1.1730738263346958,On Target (100-119%),5.0,32.0,57997.1775,0.0,0.0,57997.1775,CP2025,80481.6,T2 On Target,0.01,57997.1775,579.971775,0,0.010314150066449477,4 100-119%
75,202512,20251201,8,61,0,Oman SME,OM,SME,56635.2,82144.65,82144.65,0.0,88299.74,6155.09,32888.65,20.0,12091.44,10999.81,REP-067,Nasser Naguib,2025,1.4504168785490295,25509.449999999997,0.06970677376852978,4107.2325,-0.0,0.14719692639751952,0.13390780775132646,0.4003748266016107,0.46085082719063186,666722.27,596160.0,1.1183612956253355,1.2195086590992166,Exceeding (>=120%),4.0,16.0,84894.6025,0.0,0.0,84894.6025,CP2025,84952.79999999999,T3 Accelerator,0.015,84894.6025,1273.4190374999998,0,0.015502154279067473,5 120-149%
76,202401,20240101,8,38,0,Oman SME,OM,SME,38016.0,11642.28,11642.28,0.0,13200.0,1557.72,5522.280000000001,3.0,5244.83,0.0,REP-068,Hassan Al-Rawahi,2024,0.30624684343434344,-26373.72,0.11800909090909091,3880.76,-0.0,0.45049852777978194,0.0,0.47432977045733316,,11642.28,38016.0,0.30624684343434344,0.30624684343434344,Below Target (<80%),5.0,63.0,11642.28,0.0,0.0,11642.28,CP2024,57024.0,T0 Below Gate,0.0,11642.28,0.0,0,0.0,1 <60%
76,202402,20240201,8,39,0,Oman SME,OM,SME,41040.0,13634.85,13634.85,0.0,15299.98,1665.13,8279.85,4.0,0.0,5394.9,REP-068,Hassan Al-Rawahi,2024,0.33223318713450295,-27405.15,0.10883216840806328,3408.7125,-0.0,0.0,0.39566991936104906,0.6072564054610062,0.17114946556859992,25277.13,79056.0,0.3197370218579235,0.3197370218579235,Below Target (<80%),5.0,65.0,14983.575,0.0,0.0,14983.575,CP2024,61560.0,T0 Below Gate,0.0,14983.575,0.0,0,0.0,1 <60%
76,202403,20240301,8,40,0,Oman SME,OM,SME,43200.0,14188.06,14188.06,0.0,15600.0,1411.94,7708.0599999999995,4.0,0.0,5459.4,REP-068,Hassan Al-Rawahi,2024,0.3284273148148148,-29011.940000000002,0.09050897435897436,3547.015,-0.0,0.0,0.3847883361079668,0.5432779393377248,0.04057323696263612,39465.19,122256.0,0.32280779675435156,0.32280779675435156,Below Target (<80%),5.0,64.0,15552.91,0.0,0.0,15552.91,CP2024,64800.0,T0 Below Gate,0.0,15552.91,0.0,0,0.0,1 <60%
76,202404,20240401,8,41,0,Oman SME,OM,SME,43200.0,43250.91,43250.91,0.0,47749.99,4499.08,19215.41,12.0,17967.0,5346.299999999999,REP-068,Hassan Al-Rawahi,2024,1.0011784722222223,50.91000000000349,0.09422159041289851,3604.2425000000003,-0.0,0.41541322483157,0.12361127199404588,0.4442775886102743,2.048401966160279,82716.1,165456.0,0.49992807755536217,0.5577041745134966,On Target (100-119%),2.0,29.0,44587.485,0.0,0.0,44587.485,CP2024,64800.0,T2 On Target,0.01,44587.485,445.87485000000004,0,0.010309028179985115,4 100-119%
76,202405,20240501,8,42,0,Oman SME,OM,SME,43200.0,37627.44,37627.44,0.0,41749.78,4122.34,15471.939999999999,11.0,0.0,9749.52,REP-068,Hassan Al-Rawahi,2024,0.8710055555555556,-5572.559999999998,0.09873920293711728,3420.676363636364,-0.0,0.0,0.2591066519539995,0.4111876864330924,-0.13001969207121886,120343.54000000001,208656.0,0.5767557127520896,0.7335371141975309,Near Target (80-99%),3.0,44.0,40064.82,0.0,0.0,40064.82,CP2024,64800.0,T1 Approaching,0.005,40064.82,200.32410000000002,0,0.0053238833149425,3 80-99%
76,202406,20240601,8,43,0,Oman SME,OM,SME,44928.0,51000.270000000004,51000.270000000004,0.0,56649.96,5649.69,24669.77,15.0,5257.74,17844.79,REP-068,Hassan Al-Rawahi,2024,1.1351555822649573,6072.270000000004,0.09972981446059273,3400.0180000000005,-0.0,0.10309239539320085,0.3498959907467156,0.4837184195299358,0.3554010052238473,171343.81,253584.0,0.675688568679412,1.0041927083333333,On Target (100-119%),3.0,34.0,55461.4675,0.0,0.0,55461.4675,CP2024,67392.0,T2 On Target,0.01,55461.4675,554.614675,0,0.010874739976866788,4 100-119%
76,202407,20240701,8,44,0,Oman SME,OM,SME,41040.0,11323.17,11323.17,0.0,12600.0,1276.83,5143.17,3.0,4720.3099999999995,2633.99,REP-068,Hassan Al-Rawahi,2024,0.27590570175438595,-29716.83,0.10133571428571428,3774.39,-0.0,0.4168717770730281,0.23261948729905138,0.4542164429219026,-0.7779782342328776,182666.98,294624.0,0.620000339415662,0.7738052768487551,Below Target (<80%),5.0,64.0,11981.6675,0.0,0.0,11981.6675,CP2024,61560.0,T0 Below Gate,0.0,11981.6675,0.0,0,0.0,1 <60%
76,202408,20240801,8,45,0,Oman SME,OM,SME,39744.0,24483.07,24483.07,0.0,27600.0,3116.9300000000003,9699.07,6.0,8167.75,6934.0199999999995,REP-068,Hassan Al-Rawahi,2024,0.6160192733494364,-15260.93,0.11293224637681161,4080.5116666666668,-0.0,0.33360808101271616,0.2832169331705542,0.3961541587717553,1.1622098758563193,207150.05000000002,334368.0,0.6195271377643794,0.6905188844342626,Below Target (<80%),4.0,51.0,26216.575,0.0,0.0,26216.575,CP2024,59616.0,T0 Below Gate,0.0,26216.575,0.0,0,0.0,2 60-79%
76,202409,20240901,8,46,0,Oman SME,OM,SME,43200.0,31073.59,31073.59,0.0,34549.83,3476.2400000000002,13676.09,10.0,7236.83,5404.78,REP-068,Hassan Al-Rawahi,2024,0.7192960648148148,-12126.41,0.10061525628346073,3107.359,-0.0,0.23289327045893313,0.17393484306126197,0.4401194068660879,0.26918682991961385,238223.64,377568.0,0.6309423468090517,0.5394230707188025,Below Target (<80%),4.0,46.0,32424.785,0.0,0.0,32424.785,CP2024,64800.0,T0 Below Gate,0.0,32424.785,0.0,0,0.0,2 60-79%
76,202410,20241001,8,47,0,Oman SME,OM,SME,44928.0,35173.51,35173.51,0.0,39349.93,4176.42,17088.010000000002,12.0,12591.58,4388.17,REP-068,Hassan Al-Rawahi,2024,0.7828861734330484,-9754.489999999998,0.10613538575545116,2931.1258333333335,-0.0,0.3579847447695723,0.1247578077934218,0.4858204370277519,0.13194226994692285,273397.15,422496.0,0.6470999725441188,0.7095389921171171,Below Target (<80%),4.0,42.0,36270.5525,0.0,0.0,36270.5525,CP2024,67392.0,T0 Below Gate,0.0,36270.5525,0.0,0,0.0,2 60-79%
76,202411,20241101,8,48,0,Oman SME,OM,SME,46656.0,47142.24,47142.24,0.0,52499.74,5357.5,19306.24,13.0,6298.02,8125.8,REP-068,Hassan Al-Rawahi,2024,1.0104218106995884,486.23999999999796,0.1020481244288067,3626.326153846154,-0.0,0.13359611253092768,0.17236771099548942,0.4095316641720886,0.3402768162745201,320539.39,469152.0,0.6832314260623423,0.841267064339981,On Target (100-119%),3.0,34.0,49173.69,0.0,0.0,49173.69,CP2024,69984.0,T2 On Target,0.01,49173.69,491.73690000000005,0,0.010430919277488725,4 100-119%
76,202412,20241201,8,49,0,Oman SME,OM,SME,49248.0,37059.22,37059.22,0.0,40899.94,3840.72,17219.22,9.0,3431.75,10937.71,REP-068,Hassan Al-Rawahi,2024,0.7525020305393113,-12188.779999999999,0.0939052722326732,4117.691111111111,-0.0,0.09260178708564293,0.2951413980110752,0.4646406481302089,-0.21388504237388797,357598.61,518400.0,0.6898121334876542,0.8476409480799818,Below Target (<80%),5.0,53.0,39793.6475,0.0,0.0,39793.6475,CP2024,73872.0,T0 Below Gate,0.0,39793.6475,0.0,0,0.0,2 60-79%
76,202501,20250101,8,50,0,Oman SME,OM,SME,43718.4,28857.22,32939.04,-4081.82,36299.979999999996,3360.94,13677.22,9.0,0.0,0.0,REP-068,Hassan Al-Rawahi,2025,0.6600703593910116,-14861.18,0.0925879298005123,3659.8933333333334,0.12392042998217313,0.0,0.0,0.47396180228033047,-0.22132144173568682,28857.22,43718.4,0.6600703593910116,0.8097460006417309,Below Target (<80%),6.0,49.0,32939.04,0.0,-4081.82,32939.04,CP2025,65577.6,T0 Below Gate,0.0,32939.04,0.0,0,0.0,2 60-79%
76,202502,20250201,8,51,0,Oman SME,OM,SME,47196.0,40576.229999999996,40576.229999999996,0.0,45499.82,4923.59,14931.23,13.0,0.0,2699.4,REP-068,Hassan Al-Rawahi,2025,0.8597387490465292,-6619.770000000004,0.10821119731902236,3121.248461538461,-0.0,0.0,0.06652663394307456,0.36797972606129253,0.4061032213082201,69433.45,90914.4,0.7637233485564443,0.7597805830950385,Near Target (80-99%),6.0,38.0,41251.08,0.0,0.0,41251.08,CP2025,70794.0,T1 Approaching,0.005,41251.08,206.2554,0,0.005083158292428844,3 80-99%
77,202401,20240101,8,51,0,Oman SME,OM,SME,38016.0,54929.05,54929.05,0.0,58049.91,3120.86,26068.55,12.0,17948.52,12874.619999999999,REP-069,Yasmin Youssef,2024,1.444892939814815,16913.050000000003,0.05376166819207816,4577.420833333334,-0.0,0.32675824540930526,0.23438635840233898,0.4745858521128619,,54929.05,38016.0,1.444892939814815,1.444892939814815,Exceeding (>=120%),1.0,10.0,58147.705,0.0,0.0,58147.705,CP2024,57024.0,T3 Accelerator,0.015,57024.0,855.36,1,0.015572087993511629,5 120-149%
77,202402,20240201,8,52,0,Oman SME,OM,SME,41040.0,46238.81,46238.81,0.0,48999.97,2761.16,23828.809999999998,10.0,15633.08,8411.1,REP-069,Yasmin Youssef,2024,1.126676656920078,5198.809999999998,0.05635023858177872,4623.880999999999,-0.0,0.33809434109571596,0.1819056329520591,0.515342198469208,-0.15820845254014052,101167.86,79056.0,1.2796986945962356,1.2796986945962356,On Target (100-119%),3.0,29.0,48341.585,0.0,0.0,48341.585,CP2024,61560.0,T2 On Target,0.01,48341.585,483.41585,0,0.010454764082380148,4 100-119%
77,202403,20240301,8,53,0,Oman SME,OM,SME,43200.0,31911.690000000002,31911.690000000002,0.0,33299.92,1388.23,14886.69,6.0,3320.29,10325.91,REP-069,Yasmin Youssef,2024,0.7386965277777778,-11288.309999999998,0.04168868874159458,5318.615000000001,-0.0,0.10404619749063744,0.3235776607255836,0.46649644691334113,-0.30985053464827483,133079.55,122256.0,1.088531851197487,1.088531851197487,Below Target (<80%),3.0,50.0,34493.1675,0.0,0.0,34493.1675,CP2024,64800.0,T0 Below Gate,0.0,34493.1675,0.0,0,0.0,2 60-79%
77,202404,20240401,8,54,0,Oman SME,OM,SME,43200.0,42179.7,42179.7,0.0,44299.9,2120.2,19329.7,9.0,0.0,0.0,REP-069,Yasmin Youssef,2024,0.9763819444444444,-1020.3000000000029,0.04786015318319002,4686.633333333333,-0.0,0.0,0.0,0.4582702105515213,0.3217632785979055,175259.25,165456.0,1.0592498912097477,0.9442106089139988,Near Target (80-99%),3.0,30.0,42179.7,0.0,0.0,42179.7,CP2024,64800.0,T1 Approaching,0.005,42179.7,210.89849999999998,0,0.005,3 80-99%
78,202405,20240501,4,0,1,KSA Enterprise,SA,ENT,46592.0,27282.0,27282.0,0.0,31200.0,3918.0,13242.0,1.0,0.0,8120.64,REP-070,Rana Sabry,2024,0.5855511675824175,-19310.0,0.12557692307692309,27282.0,-0.0,0.0,0.297655597096987,0.4853749725093468,,27282.0,46592.0,0.5855511675824175,0.5855511675824175,Below Target (<80%),9.0,56.0,29312.160000000003,0.0,0.0,29312.160000000003,CP2024,69888.0,T0 Below Gate,0.0,29312.160000000003,0.0,0,0.0,1 <60%
78,202406,20240601,4,1,1,KSA Enterprise,SA,ENT,78740.48,71097.6,71097.6,0.0,82000.0,10902.4,38897.6,2.0,0.0,67593.6,REP-070,Rana Sabry,2024,0.902935821574875,-7642.87999999999,0.1329560975609756,35548.8,-0.0,0.0,0.9507156359708344,0.5471014492753623,1.6060259511766002,98379.6,125332.48,0.7849489613546305,0.7849489613546305,Near Target (80-99%),7.0,47.0,87996.0,0.0,0.0,87996.0,CP2024,118110.72,T1 Approaching,0.005,87996.0,439.98,0,0.006188394544963543,3 80-99%
78,202407,20240701,4,2,1,KSA Enterprise,SA,ENT,94057.6,135392.35,135392.35,0.0,156350.0,20957.65,59154.85,8.0,60807.11,28763.64,REP-070,Rana Sabry,2024,1.4394620955669717,41334.75,0.1340431723696834,16924.04375,-0.0,0.4491177677320764,0.21244656732821313,0.4369142717443046,0.9043167420559906,233771.95,219390.08000000002,1.0655538755444185,1.0655538755444185,Exceeding (>=120%),2.0,11.0,142583.26,0.0,0.0,142583.26,CP2024,141086.40000000002,T3 Accelerator,0.015,141086.40000000002,2116.2960000000003,1,0.015630838817702775,5 120-149%
78,202408,20240801,4,3,0,KSA Enterprise,SA,ENT,107161.6,99010.78,99010.78,0.0,114000.0,14989.220000000001,43658.78,5.0,25029.0,39654.119999999995,REP-070,Rana Sabry,2024,0.9239389856067844,-8150.820000000007,0.1314843859649123,19802.156,-0.0,0.2527906557245585,0.40050305633386585,0.4409497632480019,-0.2687121539732489,332782.73,326551.68,1.0190813594956853,1.091231173003198,Near Target (80-99%),5.0,28.0,108924.31,0.0,0.0,108924.31,CP2024,160742.40000000002,T1 Approaching,0.005,108924.31,544.62155,0,0.005500628820417332,3 80-99%
78,202409,20240901,4,4,0,KSA Enterprise,SA,ENT,116480.0,67463.05,67463.05,0.0,77300.0,9836.95,28618.05,4.0,15307.92,23802.120000000003,REP-070,Rana Sabry,2024,0.5791814045329671,-49016.95,0.12725679172056922,16865.7625,-0.0,0.22690821123563193,0.3528171347130022,0.4242033231524516,-0.3186292442095699,400245.78,443031.68,0.9034247392872673,0.9501634879785659,Below Target (<80%),6.0,54.0,73413.58,0.0,0.0,73413.58,CP2024,174720.0,T0 Below Gate,0.0,73413.58,0.0,0,0.0,1 <60%
78,202410,20241001,4,5,0,KSA Enterprise,SA,ENT,121139.2,100390.5,100390.5,0.0,114600.0,14209.5,54670.5,4.0,18959.64,44462.28,REP-070,Rana Sabry,2024,0.8287201830621302,-20748.699999999997,0.12399214659685864,25097.625,-0.0,0.18885890597217864,0.4428933016570293,0.5445784212649604,0.4880812533675841,500636.28,564170.88,0.8873841202154922,0.7740115748904812,Near Target (80-99%),5.0,37.0,111506.07,0.0,0.0,111506.07,CP2024,181708.8,T1 Approaching,0.005,111506.07,557.53035,0,0.005553616627071286,3 80-99%
78,202411,20241101,4,6,0,KSA Enterprise,SA,ENT,125798.4,83331.15,83331.15,0.0,95350.0,12018.85,31643.649999999998,5.0,13222.44,8088.48,REP-070,Rana Sabry,2024,0.6624182024572649,-42467.25,0.12604981646565286,16666.23,-0.0,0.1586734372440558,0.09706430308474082,0.3797337490242244,-0.169929923648154,583967.43,689969.28,0.8463672904393656,0.6911737351190477,Below Target (<80%),7.0,51.0,85353.26999999999,0.0,0.0,85353.26999999999,CP2024,188697.59999999998,T0 Below Gate,0.0,85353.26999999999,0.0,0,0.0,2 60-79%
78,202412,20241201,4,7,0,KSA Enterprise,SA,ENT,132787.2,135765.63,135765.63,0.0,154600.0,18834.37,52610.63,6.0,0.0,23143.02,REP-070,Rana Sabry,2024,1.0224300986842105,2978.429999999993,0.1218264553686934,22627.605,-0.0,0.0,0.17046302514119369,0.38751066820078095,0.629230245832441,719733.06,822756.48,0.8747826088224794,0.8413653256252949,On Target (100-119%),4.0,38.0,141551.38499999998,0.0,0.0,141551.38499999998,CP2024,199180.80000000002,T2 On Target,0.01,141551.38499999998,1415.5138499999998,0,0.010426157562852983,4 100-119%
78,202501,20250101,4,8,0,KSA Enterprise,SA,ENT,117877.76,165719.1,165719.1,0.0,190600.0,24880.9,78399.1,8.0,48747.060000000005,60332.82000000001,REP-070,Rana Sabry,2025,1.4058555235525345,47841.34000000001,0.1305398740818468,20714.8875,-0.0,0.29415474740087294,0.3640667853011512,0.47308427332757663,0.2206263102082611,165719.1,117877.76,1.4058555235525345,1.022186807236699,Exceeding (>=120%),4.0,16.0,180802.305,0.0,0.0,180802.305,CP2025,176816.63999999998,T3 Accelerator,0.015,176816.63999999998,2652.2495999999996,1,0.016004489524743978,5 120-149%
78,202502,20250201,4,9,0,KSA Enterprise,SA,ENT,127254.4,51602.94,51602.94,0.0,58700.0,7097.06,27592.940000000002,4.0,11995.2,28773.48,REP-070,Rana Sabry,2025,0.4055100648779139,-75651.45999999999,0.1209039182282794,12900.735,-0.0,0.23245187192822736,0.5575938115153903,0.5347164328234012,-0.6886119946342938,217322.04,245132.15999999997,0.8865505040219939,0.934293681064659,Below Target (<80%),8.0,61.0,58796.310000000005,0.0,0.0,58796.310000000005,CP2025,190881.59999999998,T0 Below Gate,0.0,58796.310000000005,0.0,0,0.0,1 <60%
78,202503,20250301,4,10,0,KSA Enterprise,SA,ENT,133952.0,136857.62,136857.62,0.0,156500.0,19642.379999999997,62977.619999999995,6.0,22234.5,84622.2,REP-070,Rana Sabry,2025,1.0216915014333492,2905.6199999999953,0.12551041533546325,22809.603333333333,-0.0,0.16246446489424557,0.6183228964525322,0.460168896697166,1.6521283477259239,354179.66000000003,379084.16,0.9343035066408474,0.9343035066408474,On Target (100-119%),4.0,18.0,158013.16999999998,0.0,0.0,158013.16999999998,CP2025,200928.0,T2 On Target,0.01,158013.16999999998,1580.1317,0,0.01154580724113133,4 100-119%
78,202504,20250401,4,11,0,KSA Enterprise,SA,ENT,133952.0,153145.7,153145.7,0.0,173800.0,20654.3,84415.7,5.0,0.0,117141.72,REP-070,Rana Sabry,2025,1.1432878941710465,19193.70000000001,0.11883947065592634,30629.140000000003,-0.0,0.0,0.7649037485218324,0.551211689260619,0.11901478339313526,507325.36,513036.16,0.9888686208784971,0.8644793075384455,On Target (100-119%),6.0,25.0,182431.13,0.0,0.0,182431.13,CP2025,200928.0,T2 On Target,0.01,182431.13,1824.3113,0,0.01191225937130458,4 100-119%
78,202505,20250501,4,12,0,KSA Enterprise,SA,ENT,133952.0,63757.44,63757.44,0.0,72600.0,8842.56,33697.44,3.0,0.0,37907.28,REP-070,Rana Sabry,2025,0.4759722885809842,-70194.56,0.121798347107438,21252.48,-0.0,0.0,0.5945546119794018,0.5285256120697444,-0.5836811611426244,571082.8,646988.1599999999,0.8826789040467141,0.8803172280617934,Below Target (<80%),8.0,65.0,73234.26,0.0,0.0,73234.26,CP2025,200928.0,T0 Below Gate,0.0,73234.26,0.0,0,0.0,1 <60%
78,202506,20250601,4,13,0,KSA Enterprise,SA,ENT,139310.08,117445.6,117445.6,0.0,136400.0,18954.4,53610.6,7.0,52573.06,35042.58,REP-070,Rana Sabry,2025,0.8430517016428389,-21864.47999999998,0.13896187683284458,16777.942857142858,-0.0,0.44763754453125526,0.29837286369178584,0.45647176224566943,0.8420689412874796,688528.4,786298.24,0.8756580709121262,0.8210638001515076,Near Target (80-99%),8.0,48.0,126206.245,0.0,0.0,126206.245,CP2025,208965.12,T0 Below Gate,0.0,126206.245,0.0,0,0.0,3 80-99%
78,202507,20250701,4,14,0,KSA Enterprise,SA,ENT,127254.4,211530.19,227577.19,-16047.0,262700.0,35122.81,95790.19,8.0,98913.08,71779.68,REP-070,Rana Sabry,2025,1.662262287197928,84275.79000000001,0.1336993148077655,28447.14875,0.07051233913205449,0.4346352989067138,0.31540806000812294,0.45284405975336195,0.8010908028908702,900058.5900000001,913552.6399999999,0.9852290394563363,0.9805669669322971,Exceeding (>=120%),1.0,4.0,245522.11,-16047.0,0.0,229475.11,CP2025,190881.59999999998,T3 Accelerator,0.015,190881.59999999998,2863.2239999999997,1,0.013535770000490235,6 150%+
78,202508,20250801,4,15,0,KSA Enterprise,SA,ENT,123235.84,166055.5,166055.5,0.0,190350.0,24294.5,80055.0,9.0,17263.440000000002,45777.48,REP-070,Rana Sabry,2025,1.3474610957331894,42819.66,0.12763068032571578,18450.61111111111,-0.0,0.10396186817058153,0.27567578309661533,0.48209785282631407,-0.2149796679140694,1066114.09,1036788.48,1.0282850461455746,1.2699612201447144,Exceeding (>=120%),1.0,5.0,177499.87,0.0,0.0,177499.87,CP2025,184853.76,T3 Accelerator,0.015,177499.87,2662.4980499999997,0,0.016033784186612304,5 120-149%
78,202509,20250901,4,16,0,KSA Enterprise,SA,ENT,133952.0,240727.56,241114.06,-386.5,274300.0,33185.94,98480.06,10.0,30376.8,93539.22,REP-070,Rana Sabry,2025,1.797118072145246,106775.56,0.12098410499453155,24111.406,0.0016029757866463698,0.12598518725950697,0.3879459372879375,0.4090934166407868,0.44968134147920424,1306841.65,1170740.48,1.116252211591761,1.6083384853859972,Exceeding (>=120%),1.0,5.0,264498.865,-386.5,0.0,264112.365,CP2025,200928.0,T3 Accelerator,0.015,200928.0,3013.92,1,0.012520045482120951,6 150%+
78,202510,20251001,4,17,0,KSA Enterprise,SA,ENT,139310.08,240342.06,240342.06,0.0,274400.0,34057.94,122970.06,12.0,38049.479999999996,152045.52,REP-070,Rana Sabry,2025,1.7252309380627735,101031.98000000001,0.12411785714285715,20028.505,-0.0,0.1583138631665219,0.6326213564117741,0.5116460265007299,-0.0016013953699360389,1547183.71,1310050.56,1.1810106855723186,1.6321021810152245,Exceeding (>=120%),1.0,4.0,278353.44,0.0,0.0,278353.44,CP2025,208965.12,T3 Accelerator,0.015,208965.12,3134.4768,1,0.013041732271080643,6 150%+
78,202511,20251101,4,18,0,KSA Enterprise,SA,ENT,144668.16,177896.39,177896.39,0.0,203800.0,25903.61,87528.39,8.0,43285.73,69866.94,REP-070,Rana Sabry,2025,1.229685854855692,33228.23000000001,0.12710309126594702,22237.04875,-0.0,0.24331988974031457,0.392739504157448,0.49201892180049295,-0.2598199832355601,1725080.1,1454718.72,1.185851310141936,1.576736849671371,Exceeding (>=120%),4.0,23.0,195363.125,0.0,0.0,195363.125,CP2025,217002.24,T3 Accelerator,0.015,195363.125,2930.446875,0,0.016472773140590428,5 120-149%
78,202512,20251201,4,19,0,KSA Enterprise,SA,ENT,152705.28,235022.08,235022.08,0.0,270400.0,35377.92,96947.08,13.0,65247.96,71053.02,REP-070,Rana Sabry,2025,1.5390566717797838,82316.79999999999,0.13083550295857987,18078.62153846154,-0.0,0.2776248086988252,0.3023248709227661,0.4125020083219415,0.32111775848852225,1960102.18,1607424.0,1.2194058194975315,1.495958743760241,Exceeding (>=120%),6.0,15.0,252785.335,0.0,0.0,252785.335,CP2025,229057.91999999998,T3 Accelerator,0.015,229057.91999999998,3435.8687999999997,1,0.014619344701570168,6 150%+
79,202405,20240501,7,0,1,UAE Channel,AE,CHN,29036.0,0.0,0.0,0.0,0.0,0.0,0.0,0.0,0.0,0.0,REP-071,Saif Fathy,2024,0.0,-29036.0,,,,,,,,0.0,29036.0,0.0,0.0,Below Target (<80%),7.0,66.0,0.0,0.0,0.0,0.0,CP2024,43554.0,T0 Below Gate,0.0,0.0,0.0,0,,1 <60%
79,202406,20240601,7,1,1,UAE Channel,AE,CHN,49070.84,65774.24,65774.24,0.0,82299.93,16525.69,12207.24,6.0,36004.87,8418.12,REP-071,Saif Fathy,2024,1.3403936023919707,16703.40000000001,0.2007983481881455,10962.373333333335,-0.0,0.5474007757444251,0.12798505919642705,0.18559302243553097,,65774.24,78106.84,0.8421060178596396,0.8421060178596396,Exceeding (>=120%),2.0,18.0,67878.77,0.0,0.0,67878.77,CP2024,73606.26,T3 Accelerator,0.015,67878.77,1018.18155,0,0.0154799439719866,5 120-149%
79,202407,20240701,7,2,1,UAE Channel,AE,CHN,58616.42,0.0,0.0,0.0,0.0,0.0,0.0,0.0,0.0,0.0,REP-071,Saif Fathy,2024,0.0,-58616.42,,,,,,,-1.0,65774.24,136723.26,0.48107571454922887,0.48107571454922887,Below Target (<80%),8.0,67.0,0.0,0.0,0.0,0.0,CP2024,87924.63,T0 Below Gate,0.0,0.0,0.0,0,,1 <60%
79,202408,20240801,7,3,0,UAE Channel,AE,CHN,66782.8,63354.52,63354.52,0.0,79899.97,16545.45,18989.52,8.0,26000.9,8927.04,REP-071,Saif Fathy,2024,0.9486652251777403,-3428.280000000006,0.20707704896509974,7919.315,-0.0,0.410403235633385,0.14090612635057453,0.2997342573189727,,129128.76000000001,203506.06,0.6345204658770358,0.7401198807405696,Near Target (80-99%),4.0,24.0,65586.28,0.0,0.0,65586.28,CP2024,100174.20000000001,T1 Approaching,0.005,65586.28,327.9314,0,0.005176132657938219,3 80-99%
79,202409,20240901,7,4,0,UAE Channel,AE,CHN,72590.0,125673.55,125673.55,0.0,157299.91999999998,31626.37,46579.55,10.0,31779.45,20642.76,REP-071,Saif Fathy,2024,1.7312791018046563,53083.55,0.2010577627757217,12567.355,-0.0,0.2528730190242895,0.1642569975941636,0.37063924747888477,0.9836556255181163,254802.31,276096.06,0.9228755745373549,0.95473920246769,Exceeding (>=120%),3.0,8.0,130834.23999999999,0.0,0.0,130834.23999999999,CP2024,108885.0,T3 Accelerator,0.015,108885.0,1633.2749999999999,1,0.012996171429867302,6 150%+
79,202410,20241001,7,5,0,UAE Channel,AE,CHN,75493.6,41004.659999999996,41004.659999999996,0.0,50399.96,9395.3,9165.66,5.0,0.0,3831.84,REP-071,Saif Fathy,2024,0.5431541216738901,-34488.94000000001,0.1864148304879607,8200.931999999999,-0.0,0.0,0.09344889093093323,0.22352727714362222,-0.6737208426116713,295806.97,351589.66000000003,0.8413414945138032,1.0705849309152105,Below Target (<80%),5.0,53.0,41962.619999999995,0.0,0.0,41962.619999999995,CP2024,113240.40000000001,T0 Below Gate,0.0,41962.619999999995,0.0,0,0.0,1 <60%
79,202411,20241101,7,6,0,UAE Channel,AE,CHN,78397.2,65540.68,76266.88,-10726.2,96849.99,20583.11,19807.18,7.0,29075.93,2379.6,REP-071,Saif Fathy,2024,0.8360079186501558,-12856.520000000004,0.21252568017818071,10895.268571428573,0.1406403408661794,0.38123927450552586,0.031200961675631675,0.302212000241682,0.5983715021658513,361347.65,429986.86,0.8403690522077815,1.0253358783614328,Near Target (80-99%),6.0,43.0,76861.78,-10726.2,0.0,66135.58,CP2024,117595.79999999999,T1 Approaching,0.005,66135.58,330.6779,0,0.005045384027141617,3 80-99%
79,202412,20241201,7,7,0,UAE Channel,AE,CHN,82752.6,121176.8,121176.8,0.0,150999.84,29823.04,32265.8,11.0,69544.46,31617.54,REP-071,Saif Fathy,2024,1.4643261963974545,38424.2,0.19750378543447464,11016.072727272727,-0.0,0.5739090320919517,0.26092073730285004,0.26627044120656757,0.8488791999106512,482524.45,512739.46,0.9410714166606174,0.9623008290110772,Exceeding (>=120%),3.0,15.0,129081.185,0.0,0.0,129081.185,CP2024,124128.90000000001,T3 Accelerator,0.015,124128.90000000001,1861.9335,1,0.015365428860970087,5 120-149%
79,202501,20250101,7,8,0,UAE Channel,AE,CHN,73461.08,23947.97,23947.97,0.0,29799.97,5852.0,9557.970000000001,3.0,9333.04,7283.7,REP-071,Saif Fathy,2025,0.3259953433845514,-49513.11,0.19637603662017108,7982.656666666667,-0.0,0.38972155051137947,0.30414686505787336,0.399113995883576,-0.8023716586013164,23947.97,73461.08,0.3259953433845514,0.8979355518380049,Below Target (<80%),7.0,67.0,25768.895,0.0,0.0,25768.895,CP2025,110191.62,T0 Below Gate,0.0,25768.895,0.0,0,0.0,1 <60%
79,202502,20250201,7,9,0,UAE Channel,AE,CHN,79304.57,46499.66,46499.66,0.0,58049.979999999996,11550.32,8132.16,5.0,14071.2,2311.5,REP-071,Saif Fathy,2025,0.586342754270025,-32804.91,0.1989719893099016,9299.932,-0.0,0.3026086642353944,0.04971004089062156,0.17488644002988407,0.9416952668639555,70447.63,152765.65000000002,0.4611483667958078,0.8136287952207525,Below Target (<80%),4.0,51.0,47077.535,0.0,0.0,47077.535,CP2025,118956.85500000001,T0 Below Gate,0.0,47077.535,0.0,0,0.0,1 <60%
79,202503,20250301,7,10,0,UAE Channel,AE,CHN,83478.5,35557.9,40748.38,-5190.48,50499.96,9751.58,1430.9,5.0,10770.26,0.0,REP-071,Saif Fathy,2025,0.42595279023940297,-47920.6,0.19310074701049268,8149.6759999999995,0.12737880622493458,0.2643113664886801,0.0,0.040241409082088654,-0.23530838720111075,106005.53,236244.15000000002,0.4487117670426971,0.448711767042697,Below Target (<80%),5.0,59.0,40748.38,0.0,-5190.48,40748.38,CP2025,125217.75,T0 Below Gate,0.0,40748.38,0.0,0,0.0,1 <60%
79,202504,20250401,7,11,0,UAE Channel,AE,CHN,83478.5,38532.65,38532.65,0.0,48200.0,9667.349999999999,12880.65,5.0,13367.970000000001,4921.799999999999,REP-071,Saif Fathy,2025,0.4615877142018604,-44945.85,0.2005674273858921,7706.530000000001,-0.0,0.34692578890888637,0.1277306388218822,0.33427885183084993,0.0836593274630954,144538.18,319722.65,0.45207363319427,0.48968342888417377,Below Target (<80%),6.0,57.0,39763.1,0.0,0.0,39763.1,CP2025,125217.75,T0 Below Gate,0.0,39763.1,0.0,0,0.0,1 <60%
79,202505,20250501,7,12,0,UAE Channel,AE,CHN,83478.5,112826.56999999999,112826.56999999999,0.0,139900.0,27073.43,49367.57,11.0,19154.8,41221.92,REP-071,Saif Fathy,2025,1.3515644147894368,29348.069999999992,0.19351987133666906,10256.960909090909,-0.0,0.16977206698741262,0.36535649359898115,0.43755269702872296,1.9280770982530395,257364.75,403201.15,0.6383036109892047,0.7463683064102332,Exceeding (>=120%),3.0,17.0,123132.05,0.0,0.0,123132.05,CP2025,125217.75,T3 Accelerator,0.015,123132.05,1846.98075,0,0.01637008685099618,5 120-149%
79,202506,20250601,7,13,0,UAE Channel,AE,CHN,86817.64,112423.92,112423.92,0.0,146399.78,33975.86,6531.92,7.0,37085.49,8198.46,REP-071,Saif Fathy,2025,1.2949432857193537,25606.28,0.23207589519601737,16060.56,-0.0,0.3298718813576328,0.07292451641963738,0.058100802747315695,-0.0035687515804122575,369788.67,490018.79000000004,0.7546418168984906,1.0394385349142843,Exceeding (>=120%),1.0,18.0,114473.535,0.0,0.0,114473.535,CP2025,130226.45999999999,T3 Accelerator,0.015,114473.535,1717.103025,0,0.01527346693657364,5 120-149%
79,202507,20250701,7,14,0,UAE Channel,AE,CHN,79304.57,63890.12,63890.12,0.0,82499.94,18609.82,22211.12,6.0,3476.7,16247.7,REP-071,Saif Fathy,2025,0.8056297386140546,-15414.450000000004,0.2255737398112047,10648.353333333334,-0.0,0.05441686445415973,0.25430692570306646,0.34764561406364547,-0.4317035022440064,433678.79,569323.36,0.7617442396883205,1.158412610284642,Near Target (80-99%),5.0,40.0,67952.045,0.0,0.0,67952.045,CP2025,118956.85500000001,T0 Below Gate,0.0,67952.045,0.0,0,0.0,3 80-99%
79,202508,20250801,7,15,0,UAE Channel,AE,CHN,76800.22,25808.91,25808.91,0.0,33300.0,7491.09,12458.91,4.0,6909.6,6909.6,REP-071,Saif Fathy,2025,0.33605255297445763,-50991.31,0.22495765765765766,6452.2275,-0.0,0.2677214961809701,0.2677214961809701,0.4827367757878965,-0.5960422362643865,459487.7,646123.5800000001,0.7111452270477421,0.8320472918042191,Below Target (<80%),9.0,67.0,27536.31,0.0,0.0,27536.31,CP2025,115200.33,T0 Below Gate,0.0,27536.31,0.0,0,0.0,1 <60%
79,202509,20250901,7,16,0,UAE Channel,AE,CHN,83478.5,71139.82,71139.82,0.0,92100.0,20960.18,21401.82,7.0,14991.58,0.0,REP-071,Saif Fathy,2025,0.8521933192378877,-12338.679999999993,0.22758067318132466,10162.83142857143,-0.0,0.2107340164762857,0.0,0.30084163833982147,1.7564054429264933,530627.52,729602.0800000001,0.7272834529199806,0.6713274953357556,Near Target (80-99%),4.0,43.0,71139.82,0.0,0.0,71139.82,CP2025,125217.75,T1 Approaching,0.005,71139.82,355.69910000000004,0,0.005,3 80-99%
79,202510,20251001,7,17,0,UAE Channel,AE,CHN,86817.64,84973.33,84973.33,0.0,109749.84,24776.510000000002,12704.83,7.0,11760.57,13917.599999999999,REP-071,Saif Fathy,2025,0.9787565061662584,-1844.3099999999977,0.22575440656678863,12139.047142857144,-0.0,0.13840307305833488,0.1637878614384066,0.1495155009224659,0.19445522915295532,615600.85,816419.72,0.7540249640221821,0.7362393359416546,Near Target (80-99%),5.0,30.0,88452.73,0.0,0.0,88452.73,CP2025,130226.45999999999,T1 Approaching,0.005,88452.73,442.26365,0,0.005204734826798008,3 80-99%
79,202511,20251101,7,18,0,UAE Channel,AE,CHN,90156.78,50471.68,51426.76,-955.08,65749.98,14323.22,20536.18,7.0,3507.36,25591.2,REP-071,Saif Fathy,2025,0.5598212358515909,-39685.1,0.21784371645436243,7346.68,0.018571654134928974,0.06820106885986985,0.4976241940966143,0.4068852077045979,-0.40602916232657943,666072.53,906576.5,0.7347118858695323,0.7931753270418315,Below Target (<80%),6.0,61.0,57824.56,-955.08,0.0,56869.479999999996,CP2025,135235.16999999998,T0 Below Gate,0.0,56869.479999999996,0.0,0,0.0,1 <60%
79,202512,20251201,7,19,0,UAE Channel,AE,CHN,95165.49,119514.67,119514.67,0.0,156749.95,37235.28,17863.170000000002,9.0,30930.9,16654.62,REP-071,Saif Fathy,2025,1.255861447253621,24349.179999999993,0.23754572170517435,13279.407777777778,-0.0,0.2588042120686942,0.13935209794747372,0.14946424568632455,1.3679550591539649,785587.2,1001741.99,0.7842210946952518,0.936869862270477,Exceeding (>=120%),1.0,27.0,123678.325,0.0,0.0,123678.325,CP2025,142748.23500000002,T3 Accelerator,0.015,123678.325,1855.174875,0,0.015522570367303026,5 120-149%
80,202406,20240601,6,0,1,UAE Enterprise,AE,ENT,51484.16,11689.92,11689.92,0.0,13200.0,1510.08,7729.92,1.0,11689.92,0.0,REP-072,Bilal Al-Ketbi,2024,0.22705857490925363,-39794.240000000005,0.11439999999999999,11689.92,-0.0,1.0,0.0,0.6612466124661247,,11689.92,51484.16,0.22705857490925363,0.22705857490925363,Below Target (<80%),9.0,66.0,11689.92,0.0,0.0,11689.92,CP2024,77226.24,T0 Below Gate,0.0,11689.92,0.0,0,0.0,1 <60%
80,202407,20240701,6,1,1,UAE Enterprise,AE,ENT,76421.8,95035.56,95035.56,0.0,103600.0,8564.44,51555.56,4.0,11233.2,37710.0,REP-072,Bilal Al-Ketbi,2024,1.2435661028659362,18613.759999999995,0.08266833976833977,23758.89,-0.0,0.11819996641257231,0.39679884034986485,0.5424870437970797,7.129701486408804,106725.48,127905.96,0.8344058400406048,0.8344058400406048,Exceeding (>=120%),2.0,17.0,104463.06,0.0,0.0,104463.06,CP2024,114632.70000000001,T3 Accelerator,0.015,104463.06,1566.9459,0,0.016487995651311992,5 120-149%
80,202408,20240801,6,2,1,UAE Enterprise,AE,ENT,96780.32,61672.979999999996,61672.979999999996,0.0,67800.0,6127.02,29842.98,2.0,0.0,5513.4,REP-072,Bilal Al-Ketbi,2024,0.6372471180091158,-35107.34000000001,0.09036902654867257,30836.489999999998,-0.0,0.0,0.08939733413238667,0.48389067627346694,-0.35105364770828945,168398.46,224686.28000000003,0.7494826119334032,0.7494826119334032,Below Target (<80%),5.0,46.0,63051.33,0.0,0.0,63051.33,CP2024,145170.48,T0 Below Gate,0.0,63051.33,0.0,0,0.0,2 60-79%
80,202409,20240901,6,3,0,UAE Enterprise,AE,ENT,123760.0,43230.06,43230.06,0.0,47100.0,3869.94,21600.06,3.0,0.0,9756.96,REP-072,Bilal Al-Ketbi,2024,0.3493055914673562,-80529.94,0.08216433121019108,14410.019999999999,-0.0,0.0,0.22569850701109367,0.49965371318013446,-0.2990437627628825,211628.52,348446.28,0.6073490582249865,0.6732798109065223,Below Target (<80%),8.0,63.0,45669.3,0.0,0.0,45669.3,CP2024,185640.0,T0 Below Gate,0.0,45669.3,0.0,0,0.0,1 <60%
80,202410,20241001,6,4,0,UAE Enterprise,AE,ENT,128710.4,113749.98,113749.98,0.0,125000.0,11250.02,53137.98,8.0,13768.56,29949.6,REP-072,Bilal Al-Ketbi,2024,0.883766812938193,-14960.419999999998,0.09000016000000001,14218.7475,-0.0,0.12104230699644958,0.26329323310650254,0.4671471590588412,1.6312704631915849,325378.5,477156.68,0.6819112330146987,0.6260631903636447,Near Target (80-99%),6.0,32.0,121237.38,0.0,0.0,121237.38,CP2024,193065.59999999998,T1 Approaching,0.005,121237.38,606.1869,0,0.0053291165413831285,3 80-99%
80,202411,20241101,6,5,0,UAE Enterprise,AE,ENT,133660.8,164413.53,164413.53,0.0,181100.0,16686.47,87183.53,7.0,27829.800000000003,72715.5,REP-072,Bilal Al-Ketbi,2024,1.230080397543633,30752.73000000001,0.09213953616786306,23487.647142857142,-0.0,0.1692670913397456,0.4422719954981807,0.5302698020047377,0.44539392446486586,489792.02999999997,610817.48,0.8018631523118821,0.8323429186763461,Exceeding (>=120%),2.0,24.0,182592.405,0.0,0.0,182592.405,CP2024,200491.19999999998,T3 Accelerator,0.015,182592.405,2738.886075,0,0.016658519983118177,5 120-149%
80,202412,20241201,6,6,0,UAE Enterprise,AE,ENT,141086.4,174300.04,174300.04,0.0,192049.99,17749.95,85642.54,9.0,99692.09999999999,113311.38,REP-072,Bilal Al-Ketbi,2024,1.2354134771317435,33213.640000000014,0.09242359241986944,19366.67111111111,-0.0,0.5719568394820792,0.6500938267139812,0.49135123549024995,0.060131973323606695,664092.07,751903.88,0.8832140485829119,1.121464932126697,Exceeding (>=120%),5.0,27.0,202627.885,0.0,0.0,202627.885,CP2024,211629.59999999998,T3 Accelerator,0.015,202627.885,3039.418275,0,0.01743785185017743,5 120-149%
80,202501,20250101,6,7,0,UAE Enterprise,AE,ENT,125245.12,100047.18000000001,100047.18000000001,0.0,108600.0,8552.82,58767.18,4.0,0.0,62697.240000000005,REP-072,Bilal Al-Ketbi,2025,0.7988110035744308,-25197.939999999988,0.07875524861878452,25011.795000000002,-0.0,0.0,0.626676733916938,0.5873946671960169,-0.42600598370488035,100047.18000000001,125245.12,0.7988110035744308,1.0969229359203698,Below Target (<80%),4.0,37.0,115721.49,0.0,0.0,115721.49,CP2025,187867.68,T0 Below Gate,0.0,115721.49,0.0,0,0.0,2 60-79%
80,202502,20250201,6,8,0,UAE Enterprise,AE,ENT,135207.8,55823.88,55823.88,0.0,61800.0,5976.12,29843.88,3.0,0.0,19346.88,REP-072,Bilal Al-Ketbi,2025,0.41287470101576984,-79383.91999999998,0.0967009708737864,18607.96,-0.0,0.0,0.3465699625321637,0.5346077700081041,-0.44202445286313924,155871.06,260452.91999999998,0.5984615568909729,0.822263433628368,Below Target (<80%),8.0,60.0,60660.6,0.0,0.0,60660.6,CP2025,202811.69999999998,T0 Below Gate,0.0,60660.6,0.0,0,0.0,1 <60%
80,202503,20250301,6,9,0,UAE Enterprise,AE,ENT,142324.0,124541.2,129007.6,-4466.4,141600.0,12592.4,61211.2,3.0,74897.40000000001,34471.08,REP-072,Bilal Al-Ketbi,2025,0.8750541019083219,-17782.800000000003,0.08892937853107344,43002.53333333333,0.03462121611439946,0.5805657961236392,0.2672019322892605,0.4914935780287969,1.2309663892943308,280412.26,402776.92,0.696197438522545,0.696197438522545,Near Target (80-99%),3.0,24.0,137625.37,-4466.4,0.0,133158.97,CP2025,213486.0,T1 Approaching,0.005,133158.97,665.79485,0,0.005345980687515457,3 80-99%
80,202504,20250401,6,10,0,UAE Enterprise,AE,ENT,142324.0,184275.12,184275.12,0.0,201500.0,17224.879999999997,92670.12,7.0,44579.64,95410.5,REP-072,Bilal Al-Ketbi,2025,1.294757876394705,41951.119999999995,0.08548327543424317,26325.01714285714,-0.0,0.24191893078132307,0.5177611605950928,0.5028900266080413,0.47963180056077825,464687.38,545100.9199999999,0.8524795371836835,0.8684891336501723,Exceeding (>=120%),1.0,20.0,208127.745,0.0,0.0,208127.745,CP2025,213486.0,T3 Accelerator,0.015,208127.745,3121.916175,0,0.016941604352231597,5 120-149%
80,202505,20250501,6,11,0,UAE Enterprise,AE,ENT,142324.0,110159.34,110159.34,0.0,119400.0,9240.66,54966.34,5.0,0.0,57667.08,REP-072,Bilal Al-Ketbi,2025,0.774003962789129,-32164.660000000003,0.07739246231155779,22031.868,-0.0,0.0,0.5234878858206667,0.49897121751092555,-0.40220177308797844,574846.72,687424.9199999999,0.8362320062531339,0.981271980364052,Below Target (<80%),6.0,49.0,124576.11,0.0,0.0,124576.11,CP2025,213486.0,T0 Below Gate,0.0,124576.11,0.0,0,0.0,2 60-79%
80,202506,20250601,6,12,0,UAE Enterprise,AE,ENT,148016.96,64736.729999999996,64736.729999999996,0.0,71100.0,6363.27,35426.73,3.0,10261.86,53595.6,REP-072,Bilal Al-Ketbi,2025,0.4373602187208817,-83280.23,0.08949746835443038,21578.91,-0.0,0.15851681109008753,0.8279009458772477,0.5472431183966198,-0.4123355314220292,639583.45,835441.88,0.7655630694501453,0.8301369956097208,Below Target (<80%),10.0,70.0,78135.63,0.0,0.0,78135.63,CP2025,222025.44,T0 Below Gate,0.0,78135.63,0.0,0,0.0,1 <60%
80,202507,20250701,6,13,0,UAE Enterprise,AE,ENT,135207.8,213466.41,213466.41,0.0,231300.0,17833.59,103736.41,8.0,0.0,76905.36,REP-072,Bilal Al-Ketbi,2025,1.578802480330277,78258.61000000002,0.07710155642023346,26683.30125,-0.0,0.0,0.36026914023616174,0.4859612807466992,2.2974543199818713,853049.86,970649.6799999999,0.8788442190595479,0.9126157011948525,Exceeding (>=120%),1.0,5.0,232692.75,0.0,0.0,232692.75,CP2025,202811.69999999998,T3 Accelerator,0.015,202811.69999999998,3042.1755,1,0.01425130773502023,6 150%+
80,202508,20250801,6,14,0,UAE Enterprise,AE,ENT,130938.08,162389.88999999998,162389.88999999998,0.0,178849.97,16460.08,75364.39,7.0,58470.84,80529.6,REP-072,Bilal Al-Ketbi,2025,1.2402036901717208,31451.809999999983,0.09203289214977224,23198.55571428571,-0.0,0.3600645335741037,0.4959027929632812,0.46409533253578783,-0.23927193041753042,1015439.75,1101587.76,0.9217965076155167,1.0638159377118432,Exceeding (>=120%),3.0,8.0,182522.29,0.0,0.0,182522.29,CP2025,196407.12,T3 Accelerator,0.015,182522.29,2737.83435,0,0.016859635473612307,5 120-149%
80,202509,20250901,6,15,0,UAE Enterprise,AE,ENT,142324.0,255812.27,255812.27,0.0,278850.0,23037.73,133119.77,9.0,78196.86,96609.54,REP-072,Bilal Al-Ketbi,2025,1.797393763525477,113488.26999999999,0.08261692666308051,28423.585555555554,-0.0,0.3056806462019981,0.377657959878156,0.5203807073054001,0.5752967749408539,1271252.02,1243911.76,1.0219792600079607,1.5464263117760357,Exceeding (>=120%),1.0,4.0,279964.65499999997,0.0,0.0,279964.65499999997,CP2025,213486.0,T3 Accelerator,0.015,213486.0,3202.29,1,0.01251812510791605,6 150%+
80,202510,20251001,6,16,0,UAE Enterprise,AE,ENT,148016.96,145503.68,145503.68,0.0,160000.0,14496.32,74703.68,8.0,28522.04,48342.66,REP-072,Bilal Al-Ketbi,2025,0.9830203241574479,-2513.279999999999,0.090602,18187.96,-0.0,0.1960228084952903,0.33224355562690927,0.513414368626278,-0.43120914411181294,1416755.7,1391928.72,1.0178363874839798,1.3380818566240562,Near Target (80-99%),5.0,28.0,157589.345,0.0,0.0,157589.345,CP2025,222025.44,T1 Approaching,0.005,157589.345,787.946725,0,0.005415304444533637,3 80-99%
80,202511,20251101,6,17,0,UAE Enterprise,AE,ENT,153709.92,153561.99,168712.95,-15150.96,186349.97999999998,17637.03,77679.49,8.0,32761.44,66254.64000000001,REP-072,Bilal Al-Ketbi,2025,0.9990376027780118,-147.93000000002212,0.09464465732703593,21089.11875,0.08980318345450067,0.19418450095265358,0.39270630974089427,0.50585102472298,0.05538217315190927,1570317.69,1545638.64,1.0159668950822813,1.2495818947594473,Near Target (80-99%),4.0,36.0,185276.61000000002,0.0,-15150.96,185276.61000000002,CP2025,230564.88,T1 Approaching,0.005,185276.61000000002,926.3830500000001,0,0.006032632489328903,3 80-99%
80,202512,20251201,6,18,0,UAE Enterprise,AE,ENT,162249.36,123190.7,123190.7,0.0,135100.0,11909.300000000001,59596.7,8.0,51031.28,62628.24,REP-072,Bilal Al-Ketbi,2025,0.7592677099003657,-39058.65999999999,0.0881517394522576,15398.8375,-0.0,0.4142462052736124,0.5083844803219724,0.4837759668546408,-0.19777869510547497,1693508.39,1707888.0,0.9915804724899993,0.9100818826412318,Below Target (<80%),6.0,53.0,138847.76,0.0,0.0,138847.76,CP2025,243374.03999999998,T0 Below Gate,0.0,138847.76,0.0,0,0.0,2 60-79%
81,202406,20240601,7,0,1,UAE Channel,AE,CHN,30197.44,10378.8,10378.8,0.0,12000.0,1621.2,6178.8,1.0,0.0,10378.8,REP-073,Saif Nasr,2024,0.34369800883783524,-19818.64,0.1351,10378.8,-0.0,0.0,1.0,0.5953289397618222,,10378.8,30197.44,0.34369800883783524,0.34369800883783524,Below Target (<80%),7.0,62.0,12973.5,0.0,0.0,12973.5,CP2024,45296.159999999996,T0 Below Gate,0.0,12973.5,0.0,0,0.0,1 <60%
81,202407,20240701,7,1,1,UAE Channel,AE,CHN,44824.33,41966.66,41966.66,0.0,49400.0,7433.34,16994.66,4.0,0.0,2462.4,REP-073,Saif Nasr,2024,0.9362473460283735,-2857.6699999999983,0.15047246963562752,10491.665,-0.0,0.0,0.05867514832011887,0.4049562200089309,3.0434982849655072,52345.46000000001,75021.77,0.697736936891785,0.697736936891785,Near Target (80-99%),6.0,27.0,42582.26,0.0,0.0,42582.26,CP2024,67236.495,T1 Approaching,0.005,42582.26,212.9113,0,0.005073343935400148,3 80-99%
81,202408,20240801,7,2,1,UAE Channel,AE,CHN,56765.38,36117.4,36117.4,0.0,42649.95,6532.55,8506.9,5.0,0.0,2469.3,REP-073,Saif Nasr,2024,0.6362575217500527,-20647.979999999996,0.1531666508401534,7223.4800000000005,-0.0,0.0,0.06836870871103679,0.23553467303848005,-0.13937873540567683,88462.86000000002,131787.15,0.6712555814432593,0.6712555814432593,Below Target (<80%),6.0,47.0,36734.725,0.0,0.0,36734.725,CP2024,85148.06999999999,T0 Below Gate,0.0,36734.725,0.0,0,0.0,2 60-79%
81,202409,20240901,7,3,0,UAE Channel,AE,CHN,72590.0,61242.270000000004,61242.270000000004,0.0,71600.0,10357.73,18120.27,6.0,4975.06,11646.78,REP-073,Saif Nasr,2024,0.8436736465077835,-11347.729999999996,0.14466103351955306,10207.045,-0.0,0.0812357216674039,0.1901755111298128,0.295878483929482,0.6956444816072033,149705.13,204377.15,0.7324944593855037,0.7998998850095687,Near Target (80-99%),7.0,40.0,64153.965000000004,0.0,0.0,64153.965000000004,CP2024,108885.0,T1 Approaching,0.005,64153.965000000004,320.769825,0,0.005237719388912266,3 80-99%
81,202410,20241001,7,4,0,UAE Channel,AE,CHN,75493.6,64095.9,64095.9,0.0,75699.93,11604.03,18718.899999999998,8.0,24927.74,20888.52,REP-073,Saif Nasr,2024,0.8490242881515784,-11397.700000000004,0.1532898379166269,8011.9875,-0.0,0.388913175413716,0.32589479202257865,0.2920452010190979,0.04659575812588262,213801.03000000003,279870.75,0.7639277416450273,0.7881687768228088,Near Target (80-99%),3.0,34.0,69318.03,0.0,0.0,69318.03,CP2024,113240.40000000001,T1 Approaching,0.005,69318.03,346.59015,0,0.005407368490028223,3 80-99%
81,202411,20241101,7,5,0,UAE Channel,AE,CHN,78397.2,29583.52,35469.22,-5885.7,41900.0,6430.78,14662.52,4.0,4960.8,15922.259999999998,REP-073,Saif Nasr,2024,0.37735429326557585,-48813.67999999999,0.15347923627684965,8867.305,0.16593824166418095,0.13986211143069963,0.44890358457276475,0.49563135150921867,-0.5384491051689734,243384.55000000002,358267.95,0.6793366529157856,0.6840389560616176,Below Target (<80%),8.0,60.0,39449.785,-5885.7,0.0,33564.08500000001,CP2024,117595.79999999999,T0 Below Gate,0.0,33564.08500000001,0.0,0,0.0,1 <60%
81,202412,20241201,7,6,0,UAE Channel,AE,CHN,82752.6,71221.53,71221.53,0.0,84349.93,13128.400000000001,21953.03,6.0,33899.85,9261.84,REP-073,Saif Nasr,2024,0.8606561002312918,-11531.070000000007,0.15564209715408184,11870.255,-0.0,0.47597755903306205,0.13004269916695135,0.30823586631739025,1.4074731472116906,314606.08,441020.55,0.7133592300857636,0.6968330830270357,Near Target (80-99%),8.0,45.0,73536.99,0.0,0.0,73536.99,CP2024,124128.90000000001,T1 Approaching,0.005,73536.99,367.68495,0,0.00516255337395869,3 80-99%
81,202501,20250101,7,7,0,UAE Channel,AE,CHN,73461.08,31646.76,31646.76,0.0,39099.979999999996,7453.22,1971.76,2.0,31646.76,0.0,REP-073,Saif Nasr,2025,0.4307962801527012,-41814.32000000001,0.19061953484375185,15823.38,-0.0,1.0,0.0,0.06230527232487623,-0.5556573974190109,31646.76,73461.08,0.4307962801527012,0.5645595379037834,Below Target (<80%),5.0,63.0,31646.76,0.0,0.0,31646.76,CP2025,110191.62,T0 Below Gate,0.0,31646.76,0.0,0,0.0,1 <60%
81,202502,20250201,7,8,0,UAE Channel,AE,CHN,79304.57,26737.989999999998,26737.989999999998,0.0,32199.989999999998,5462.0,4141.99,3.0,9568.17,0.0,REP-073,Saif Nasr,2025,0.33715572759552187,-52566.58000000001,0.16962738187185775,8912.663333333332,-0.0,0.3578492624165093,0.0,0.1549102980440938,-0.15511129733343954,58384.75,152765.65000000002,0.3821850658181338,0.5503024924820051,Below Target (<80%),7.0,65.0,26737.989999999998,0.0,0.0,26737.989999999998,CP2025,118956.85500000001,T0 Below Gate,0.0,26737.989999999998,0.0,0,0.0,1 <60%
81,202503,20250301,7,9,0,UAE Channel,AE,CHN,83478.5,31650.85,40784.38,-9133.529999999999,48599.97,7815.59,9964.35,6.0,21533.17,9207.84,REP-073,Saif Nasr,2025,0.3791497211856945,-51827.65,0.16081470832183642,6797.3966666666665,0.2239467658941977,0.5279759064622289,0.22576878697187502,0.31482092897979047,0.18374081223008915,90035.59999999999,236244.15000000002,0.38111250585464224,0.38111250585464224,Below Target (<80%),7.0,64.0,43086.34,-9133.529999999999,0.0,33952.81,CP2025,125217.75,T0 Below Gate,0.0,33952.81,0.0,0,0.0,1 <60%
81,202504,20250401,7,10,0,UAE Channel,AE,CHN,83478.5,42792.91,42792.91,0.0,50500.0,7707.09,16518.91,6.0,4620.78,2538.9,REP-073,Saif Nasr,2025,0.5126219325934223,-40685.59,0.15261564356435645,7132.151666666668,-0.0,0.10798003687994108,0.05932992170899338,0.3860197869226467,0.3520303562147622,132828.51,319722.65,0.4154491713364693,0.41087105064748836,Below Target (<80%),5.0,53.0,43427.635,0.0,0.0,43427.635,CP2025,125217.75,T0 Below Gate,0.0,43427.635,0.0,0,0.0,1 <60%
81,202505,20250501,6,11,0,UAE Enterprise,AE,ENT,142324.0,88773.07,88773.07,0.0,97300.0,8526.93,39433.07,5.0,0.0,44336.52,REP-073,Saif Nasr,2025,0.6237392850116635,-53550.92999999999,0.087635457348407,17754.614,-0.0,0.0,0.4994365971572234,0.4442008145037678,1.0744807960010199,221601.58000000002,462046.65,0.47960867154864123,0.52772989611389,Below Target (<80%),7.0,59.0,99857.2,0.0,0.0,99857.2,CP2025,213486.0,T0 Below Gate,0.0,99857.2,0.0,0,0.0,2 60-79%
81,202506,20250601,6,12,0,UAE Enterprise,AE,ENT,148016.96,165543.33000000002,165543.33000000002,0.0,181250.0,15706.67,79745.83,9.0,45657.01,93229.32,REP-073,Saif Nasr,2025,1.1184078500193493,17526.370000000024,0.08665748965517242,18393.703333333335,-0.0,0.27580096401347004,0.5631717085792584,0.48172179452956515,0.8647922168288199,387144.91000000003,610063.61,0.6345976118785385,0.7947935883273709,On Target (100-119%),4.0,28.0,188850.66,0.0,0.0,188850.66,CP2025,222025.44,T2 On Target,0.01,188850.66,1888.5066000000002,0,0.011407929271448146,4 100-119%
81,202507,20250701,6,13,0,UAE Enterprise,AE,ENT,135207.8,43413.64,43413.64,0.0,47800.0,4386.360000000001,21893.64,3.0,0.0,26162.879999999997,REP-073,Saif Nasr,2025,0.32108828040985804,-91794.15999999999,0.09176485355648537,14471.213333333333,-0.0,0.0,0.6026419346546384,0.5043032558430944,-0.7377505937569336,430558.55000000005,745271.41,0.57772047098922,0.6996378981341645,Below Target (<80%),11.0,69.0,49954.36,0.0,0.0,49954.36,CP2025,202811.69999999998,T0 Below Gate,0.0,49954.36,0.0,0,0.0,1 <60%
81,202508,20250801,6,14,0,UAE Enterprise,AE,ENT,130938.08,36685.630000000005,36685.630000000005,0.0,40600.0,3914.37,17920.629999999997,3.0,0.0,15622.44,REP-073,Saif Nasr,2025,0.28017540810129493,-94252.45,0.09641305418719212,12228.543333333335,-0.0,0.0,0.4258463054880071,0.4884918154601678,-0.15497456559735592,467244.18000000005,876209.49,0.5332562421801663,0.5931063250387216,Below Target (<80%),10.0,71.0,40591.240000000005,0.0,0.0,40591.240000000005,CP2025,196407.12,T0 Below Gate,0.0,40591.240000000005,0.0,0,0.0,1 <60%
81,202509,20250901,6,15,0,UAE Enterprise,AE,ENT,142324.0,0.0,0.0,0.0,0.0,0.0,0.0,0.0,0.0,0.0,REP-073,Saif Nasr,2025,0.0,-142324.0,,,,,,,-1.0,467244.18000000005,1018533.49,0.4587420880976629,0.1960959030810302,Below Target (<80%),10.0,77.0,0.0,0.0,0.0,0.0,CP2025,213486.0,T0 Below Gate,0.0,0.0,0.0,0,,1 <60%
81,202510,20251001,6,16,0,UAE Enterprise,AE,ENT,148016.96,170927.2,170927.2,0.0,188000.0,17072.8,85097.2,9.0,25983.66,88427.45999999999,REP-073,Saif Nasr,2025,1.154781181832136,22910.24000000002,0.0908127659574468,18991.911111111112,-0.0,0.1520159459699802,0.5173398967513654,0.49785639734343035,,638171.3800000001,1166550.45,0.5470585348451926,0.492815474513045,On Target (100-119%),2.0,18.0,193034.065,0.0,0.0,193034.065,CP2025,222025.44,T2 On Target,0.01,193034.065,1930.34065,0,0.011293349741878414,4 100-119%
81,202511,20251101,6,17,0,UAE Enterprise,AE,ENT,153709.92,78060.2,78060.2,0.0,85500.0,7439.8,37470.2,4.0,0.0,27606.42,REP-073,Saif Nasr,2025,0.5078410033653,-75649.72000000002,0.08701520467836257,19515.05,-0.0,0.0,0.3536555120278964,0.4800167050558415,-0.5433131766038407,716231.5800000001,1320260.37,0.5424926751380108,0.560718177160239,Below Target (<80%),9.0,64.0,84961.805,0.0,0.0,84961.805,CP2025,230564.88,T0 Below Gate,0.0,84961.805,0.0,0,0.0,1 <60%
81,202512,20251201,6,18,0,UAE Enterprise,AE,ENT,162249.36,64937.74,64937.74,0.0,70599.94,5662.2,26392.739999999998,4.0,18908.1,2705.1,REP-073,Saif Nasr,2025,0.4002341827419227,-97311.62,0.08020120130413708,16234.435,-0.0,0.29117274484760325,0.04165682390548239,0.4064314526498766,-0.16810692260588622,781169.3200000001,1482509.73,0.52692357034311,0.676597448179674,Below Target (<80%),10.0,70.0,65614.015,0.0,0.0,65614.015,CP2025,243374.03999999998,T0 Below Gate,0.0,65614.015,0.0,0,0.0,1 <60%
82,202407,20240701,8,0,1,Oman SME,OM,SME,16416.0,7861.93,7861.93,0.0,8400.0,538.0699999999999,4981.93,2.0,0.0,0.0,REP-074,Nasser Al-Balushi,2024,0.47891873781676414,-8554.07,0.06405595238095238,3930.965,-0.0,0.0,0.0,0.6336777356196253,,7861.93,16416.0,0.47891873781676414,0.47891873781676414,Below Target (<80%),4.0,56.0,7861.93,0.0,0.0,7861.93,CP2024,24624.0,T0 Below Gate,0.0,7861.93,0.0,0,0.0,1 <60%
82,202408,20240801,8,1,1,Oman SME,OM,SME,25833.6,9292.449999999999,9292.449999999999,0.0,9449.99,157.54,5714.95,2.0,0.0,0.0,REP-074,Nasser Al-Balushi,2024,0.35970402886163755,-16541.15,0.0166709171120816,4646.224999999999,-0.0,0.0,0.0,0.6150100350284371,0.18195532140326848,17154.379999999997,42249.6,0.4060246724229341,0.4060246724229341,Below Target (<80%),5.0,61.0,9292.449999999999,0.0,0.0,9292.449999999999,CP2024,38750.399999999994,T0 Below Gate,0.0,9292.449999999999,0.0,0,0.0,1 <60%
82,202409,20240901,8,2,1,Oman SME,OM,SME,36720.0,21409.78,21409.78,0.0,22700.0,1290.22,10591.779999999999,7.0,0.0,2818.8,REP-074,Nasser Al-Balushi,2024,0.5830550108932462,-15310.220000000001,0.05683788546255507,3058.54,-0.0,0.0,0.1316594565661114,0.49471690040719707,1.3039973311667,38564.159999999996,78969.6,0.48834184293702887,0.48834184293702887,Below Target (<80%),5.0,53.0,22114.48,0.0,0.0,22114.48,CP2024,55080.0,T0 Below Gate,0.0,22114.48,0.0,0,0.0,1 <60%
82,202410,20241001,8,3,0,Oman SME,OM,SME,44928.0,52310.1,52310.1,0.0,55149.91,2839.81,22727.6,13.0,4392.95,14770.09,REP-074,Nasser Al-Balushi,2024,1.164309561965812,7382.0999999999985,0.051492559099371144,4023.853846153846,-0.0,0.08397900214298959,0.28235637094939603,0.4344782365164662,1.4432805941957367,90874.26,123897.6,0.7334626336587633,0.7723399167857566,On Target (100-119%),3.0,22.0,56002.6225,0.0,0.0,56002.6225,CP2024,67392.0,T2 On Target,0.01,56002.6225,560.026225,0,0.01070589092737349,4 100-119%
82,202411,20241101,8,4,0,Oman SME,OM,SME,46656.0,24581.28,24581.28,0.0,26249.989999999998,1668.71,12803.78,6.0,11778.460000000001,5544.879999999999,REP-074,Nasser Al-Balushi,2024,0.5268621399176955,-22074.72,0.06356992897902057,4096.88,-0.0,0.47916381897118465,0.2255732817819088,0.5208752351382842,-0.5300853945987486,115455.54,170553.6,0.6769457812675898,0.766158186806335,Below Target (<80%),5.0,55.0,25967.5,0.0,0.0,25967.5,CP2024,69984.0,T0 Below Gate,0.0,25967.5,0.0,0,0.0,1 <60%
82,202412,20241201,8,5,0,Oman SME,OM,SME,49248.0,60634.1,64124.3,-3490.2,67999.95,3875.65,24100.1,16.0,15185.98,8420.73,REP-074,Nasser Al-Balushi,2024,1.2311992365172189,11386.099999999999,0.05699489484918739,4007.76875,0.054428664328499486,0.23682098673981625,0.13131886040081528,0.3974677615401234,1.466677894723139,176089.63999999998,219801.6,0.8011299280805962,0.9765215291979095,Exceeding (>=120%),2.0,28.0,66229.4825,0.0,-3490.2,66229.4825,CP2024,73872.0,T3 Accelerator,0.015,66229.4825,993.4422374999999,0,0.016384216760865586,5 120-149%
82,202501,20250101,8,6,0,Oman SME,OM,SME,43718.4,33110.72,33110.72,0.0,35149.83,2039.11,11693.22,9.0,12947.96,0.0,REP-074,Nasser Al-Balushi,2025,0.7573634899721856,-10607.68,0.05801194486573619,3678.968888888889,-0.0,0.39105039093079214,0.0,0.35315511109392966,-0.45392576124655926,33110.72,43718.4,0.7573634899721856,0.8474721821140447,Below Target (<80%),5.0,41.0,33110.72,0.0,0.0,33110.72,CP2025,65577.6,T0 Below Gate,0.0,33110.72,0.0,0,0.0,2 60-79%
82,202502,20250201,8,7,0,Oman SME,OM,SME,47196.0,75279.93,75279.93,0.0,79699.9,4419.97,38477.93,15.0,21959.760000000002,31747.899999999998,REP-074,Nasser Al-Balushi,2025,1.5950489448258325,28083.929999999993,0.05545766054913495,5018.661999999999,-0.0,0.29170802895273684,0.4217312635652026,0.5111313201274231,1.2735817886171001,108390.65,90914.4,1.1922275239126034,1.205920774758423,Exceeding (>=120%),1.0,7.0,83216.905,0.0,0.0,83216.905,CP2025,70794.0,T3 Accelerator,0.015,70794.0,1061.9099999999999,1,0.014106150204974952,6 150%+
82,202503,20250301,8,8,0,Oman SME,OM,SME,49680.0,35072.07,38914.54,-3842.4700000000003,40699.97,1785.4299999999998,18772.07,9.0,10743.75,7732.51,REP-074,Nasser Al-Balushi,2025,0.7059595410628019,-14607.93,0.0438680913032614,4323.837777777778,0.09874124170554245,0.2760857509815097,0.19870490567278964,0.5352427159275173,-0.5341112830471547,143462.72,140594.4,1.0204013815628503,1.0204013815628503,Below Target (<80%),3.0,34.0,40847.6675,-3842.4700000000003,0.0,37005.1975,CP2025,74520.0,T0 Below Gate,0.0,37005.1975,0.0,0,0.0,2 60-79%
82,202504,20250401,8,9,0,Oman SME,OM,SME,49680.0,33055.270000000004,36510.9,-3455.63,38499.770000000004,1988.87,13864.27,8.0,2210.64,5644.5,REP-074,Nasser Al-Balushi,2025,0.6653637278582931,-16624.729999999996,0.051659269652779734,4563.8625,0.09464653021426478,0.06054739817424385,0.15459766809363779,0.419426917402278,-0.05750444727100498,176517.99,190274.4,0.9277022552692322,0.9785151750866562,Below Target (<80%),5.0,45.0,37922.025,-3455.63,0.0,34466.395000000004,CP2025,74520.0,T0 Below Gate,0.0,34466.395000000004,0.0,0,0.0,2 60-79%
82,202505,20250501,8,10,0,Oman SME,OM,SME,49680.0,46899.39,46899.39,0.0,50049.94,3150.55,21535.89,11.0,11803.09,13404.970000000001,REP-074,Nasser Al-Balushi,2025,0.9440295893719807,-2780.6100000000006,0.06294812741034254,4263.580909090909,-0.0,0.25166830528072964,0.2858239734034921,0.4591933924940175,0.4188173323043495,223417.38,239954.4,0.9310826557045839,0.771784286097692,Near Target (80-99%),6.0,38.0,50250.6325,0.0,0.0,50250.6325,CP2025,74520.0,T1 Approaching,0.005,50250.6325,251.2531625,0,0.005357279966754365,3 80-99%
82,202506,20250601,8,11,0,Oman SME,OM,SME,51667.2,55277.65,55277.65,0.0,58449.84,3172.19,25782.15,13.0,16220.55,17559.760000000002,REP-074,Nasser Al-Balushi,2025,1.0698789560881954,3610.4500000000044,0.05427200485065486,4252.126923076923,-0.0,0.29343776372548397,0.3176647343003909,0.4664118319067471,0.1786432616714205,278695.03,291621.6,0.9556734823483585,0.8954169182769726,On Target (100-119%),5.0,32.0,59667.59,0.0,0.0,59667.59,CP2025,77500.79999999999,T2 On Target,0.01,59667.59,596.6759,0,0.010794161835750975,4 100-119%
82,202507,20250701,8,12,0,Oman SME,OM,SME,47196.0,18327.72,18327.72,0.0,19649.989999999998,1322.27,8990.220000000001,5.0,12693.42,0.0,REP-074,Nasser Al-Balushi,2025,0.3883320620391559,-28868.28,0.06729112839243176,3665.5440000000003,-0.0,0.6925804191683417,0.0,0.49052582645304493,-0.668442489867062,297022.75,338817.6,0.8766449853844666,0.8112438671039806,Below Target (<80%),8.0,65.0,18327.72,0.0,0.0,18327.72,CP2025,70794.0,T0 Below Gate,0.0,18327.72,0.0,0,0.0,1 <60%
82,202508,20250801,8,13,0,Oman SME,OM,SME,45705.6,16826.71,16826.71,0.0,17549.96,723.25,8494.21,4.0,3978.36,0.0,REP-074,Nasser Al-Balushi,2025,0.3681542305538052,-28878.89,0.04121092013884932,4206.6775,-0.0,0.2364312453236551,0.0,0.5048051579898863,-0.08189834851252649,313849.46,384523.2,0.8162042238283672,0.6255297131884611,Below Target (<80%),7.0,64.0,16826.71,0.0,0.0,16826.71,CP2025,68558.4,T0 Below Gate,0.0,16826.71,0.0,0,0.0,1 <60%
82,202509,20250901,8,14,0,Oman SME,OM,SME,49680.0,47152.61,47152.61,0.0,49749.91,2597.3,21230.11,12.0,16781.5,11983.61,REP-074,Nasser Al-Balushi,2025,0.9491266103059581,-2527.3899999999994,0.05220712962093801,3929.3841666666667,-0.0,0.35589758446033,0.25414521062566847,0.4502425210396625,1.80224773589133,361002.07,434203.2,0.8314127348669932,0.5772627043040617,Near Target (80-99%),5.0,30.0,50148.5125,0.0,0.0,50148.5125,CP2025,74520.0,T1 Approaching,0.005,50148.5125,250.7425625,0,0.0053176815132820856,3 80-99%
82,202510,20251001,8,15,0,Oman SME,OM,SME,51667.2,23227.98,26118.49,-2890.51,28049.989999999998,1931.5,14010.48,5.0,8687.02,9873.19,REP-074,Nasser Al-Balushi,2025,0.449569165737644,-28439.219999999998,0.06885920458438667,5223.698,0.11066910835963335,0.3326003915233997,0.3780153446849339,0.6031725531019055,-0.5073871838695674,384230.05,485870.4,0.7908076927509887,0.5930339306698003,Below Target (<80%),8.0,69.0,28586.787500000002,-2890.51,0.0,25696.277500000004,CP2025,77500.79999999999,T0 Below Gate,0.0,25696.277500000004,0.0,0,0.0,1 <60%
82,202511,20251101,8,16,0,Oman SME,OM,SME,53654.4,51915.62,51915.62,0.0,54899.9,2984.2799999999997,23781.62,14.0,12196.67,8819.529999999999,REP-074,Nasser Al-Balushi,2025,0.9675929653486014,-1738.7799999999988,0.054358568959142,3708.2585714285715,-0.0,0.23493256942708185,0.16988201238856435,0.45808217257156897,1.2350466979909576,436145.67,539524.8,0.8083885485894252,0.7889996619389736,Near Target (80-99%),7.0,38.0,54120.5025,0.0,0.0,54120.5025,CP2025,80481.6,T1 Approaching,0.005,54120.5025,270.6025125,0,0.005212352515485705,3 80-99%
82,202512,20251201,8,17,0,Oman SME,OM,SME,56635.2,63286.39,63286.39,0.0,67099.87,3813.48,26523.39,15.0,11846.029999999999,2747.7,REP-074,Nasser Al-Balushi,2025,1.117439154448117,6651.190000000002,0.05683289699369016,4219.092666666666,-0.0,0.18718131971186852,0.04341691791868678,0.419101010501626,0.21902406250758436,499432.06,596160.0,0.8377483561460011,0.8547340401884947,On Target (100-119%),6.0,31.0,63973.315,0.0,0.0,63973.315,CP2025,84952.79999999999,T2 On Target,0.01,63973.315,639.73315,0,0.010108542294796718,4 100-119%
83,202409,20240901,4,0,1,KSA Enterprise,SA,ENT,46592.0,11393.91,11393.91,0.0,12900.0,1506.09,5678.91,1.0,0.0,10620.0,REP-075,Farah Osman,2024,0.2445464886675824,-35198.09,0.11675116279069767,11393.91,-0.0,0.0,0.9320768726451236,0.49841625921215804,,11393.91,46592.0,0.2445464886675824,0.2445464886675824,Below Target (<80%),10.0,66.0,14048.91,0.0,0.0,14048.91,CP2024,69888.0,T0 Below Gate,0.0,14048.91,0.0,0,0.0,1 <60%
83,202410,20241001,4,1,1,KSA Enterprise,SA,ENT,78740.48,30058.56,30058.56,0.0,33600.0,3541.44,11578.56,1.0,0.0,0.0,REP-075,Farah Osman,2024,0.38174214838416026,-48681.92,0.10540000000000001,30058.56,-0.0,0.0,0.0,0.3852000894254415,1.638125103673805,41452.47,125332.48,0.3307400444003023,0.3307400444003023,Below Target (<80%),9.0,60.0,30058.56,0.0,0.0,30058.56,CP2024,118110.72,T0 Below Gate,0.0,30058.56,0.0,0,0.0,1 <60%
83,202411,20241101,4,2,1,KSA Enterprise,SA,ENT,106928.64,301512.82,301512.82,0.0,338100.0,36587.18,143099.82,12.0,0.0,134357.16,REP-075,Farah Osman,2024,2.8197573634154516,194584.18,0.10821407867494824,25126.068333333333,-0.0,0.0,0.445610107059461,0.47460608805953924,9.03084711975557,342965.29000000004,232261.12,1.476636683746294,1.476636683746294,Exceeding (>=120%),1.0,1.0,335102.11,0.0,0.0,335102.11,CP2024,160392.96,T3 Accelerator,0.015,160392.96,2405.8943999999997,1,0.007979409963397244,6 150%+
83,202412,20241201,4,3,0,KSA Enterprise,SA,ENT,132787.2,60281.64,60281.64,0.0,67650.0,7368.360000000001,25999.14,4.0,0.0,41881.799999999996,REP-075,Farah Osman,2024,0.4539717683632157,-72505.56000000001,0.10891884700665189,15070.41,-0.0,0.0,0.694768755461862,0.43129450360010113,-0.800069396717526,403246.93,365048.32,1.1046398734282628,1.2304765061657437,Below Target (<80%),9.0,64.0,70752.09,0.0,0.0,70752.09,CP2024,199180.80000000002,T0 Below Gate,0.0,70752.09,0.0,0,0.0,1 <60%
83,202501,20250101,4,4,0,KSA Enterprise,SA,ENT,117877.76,60444.72,60444.72,0.0,67200.0,6755.28,34164.72,3.0,16855.44,58344.72,REP-075,Farah Osman,2025,0.5127745895408939,-57433.03999999999,0.10052499999999999,20148.24,-0.0,0.27885711109258177,0.9652575113260513,0.5652225703088707,0.0027053013156244877,60444.72,117877.76,0.5127745895408939,1.1807794658517374,Below Target (<80%),8.0,59.0,75030.9,0.0,0.0,75030.9,CP2025,176816.63999999998,T0 Below Gate,0.0,75030.9,0.0,0,0.0,1 <60%
83,202502,20250201,4,5,0,KSA Enterprise,SA,ENT,127254.4,260967.78,274472.28,-13504.5,310200.0,35727.72,107032.78,9.0,151368.16,94043.40000000001,REP-075,Farah Osman,2025,2.0507564374984284,133713.38,0.11517640232108317,30496.920000000002,0.04920168987556776,0.5514879681110237,0.34263350747113697,0.4101379105114049,3.3174619718645397,321412.5,245132.15999999997,1.3111804668958982,1.0099883213180718,Exceeding (>=120%),1.0,2.0,297983.13,-16880.625,0.0,281102.505,CP2025,190881.59999999998,T3 Accelerator,0.015,190881.59999999998,2863.2239999999997,1,0.010971561316879807,6 150%+
83,202503,20250301,4,6,0,KSA Enterprise,SA,ENT,133952.0,57158.34,105394.02,-48235.68,117600.0,12205.98,24398.34,4.0,15277.5,68783.51999999999,REP-075,Farah Osman,2025,0.4267076266125179,-76793.66,0.10379234693877551,26348.505,0.45766998924606916,0.14495604209802415,0.6526320943066788,0.42685529355821045,-0.7809754905375675,378570.83999999997,379084.16,0.9986458943576012,0.9986458943576012,Below Target (<80%),9.0,58.0,122589.9,0.0,-48235.68,122589.9,CP2025,200928.0,T0 Below Gate,0.0,122589.9,0.0,0,0.0,1 <60%
83,202504,20250401,4,7,0,KSA Enterprise,SA,ENT,133952.0,123410.5,123410.5,0.0,138900.0,15489.5,62910.5,7.0,49697.66,52349.46000000001,REP-075,Farah Osman,2025,0.9213038999044434,-10541.5,0.11151547876169907,17630.071428571428,-0.0,0.40270203912957164,0.4241896759189859,0.5097661868317526,1.1590987421958021,501981.33999999997,513036.16,0.9784521621244008,1.1173661498781249,Near Target (80-99%),8.0,35.0,136497.865,0.0,0.0,136497.865,CP2025,200928.0,T1 Approaching,0.005,136497.865,682.489325,0,0.0055302370948987324,3 80-99%
83,202505,20250501,4,8,0,KSA Enterprise,SA,ENT,133952.0,64387.54,64387.54,0.0,71150.0,6762.46,34900.04,4.0,15597.720000000001,22970.76,REP-075,Farah Osman,2025,0.48067621237458197,-69564.45999999999,0.09504511595221363,16096.885,-0.0,0.24224749074122107,0.3567578447631327,0.5420309581636447,-0.4782653015748255,566368.88,646988.1599999999,0.8753929592776475,0.6095625796305144,Below Target (<80%),7.0,64.0,70130.23,0.0,0.0,70130.23,CP2025,200928.0,T0 Below Gate,0.0,70130.23,0.0,0,0.0,1 <60%
83,202506,20250601,4,9,0,KSA Enterprise,SA,ENT,139310.08,172366.84,172366.84,0.0,193700.0,21333.16,95351.84,7.0,14579.849999999999,51534.96,REP-075,Farah Osman,2025,1.2372890748465581,33056.76000000001,0.11013505420753743,24623.834285714285,-0.0,0.08458616518119146,0.2989841897664307,0.5531913214861977,1.677021672205523,738735.72,786298.24,0.9395108400598734,0.8844607730656072,Exceeding (>=120%),3.0,20.0,185250.58,0.0,0.0,185250.58,CP2025,208965.12,T3 Accelerator,0.015,185250.58,2778.7587,0,0.016121190711624114,5 120-149%
83,202507,20250701,4,10,0,KSA Enterprise,SA,ENT,127254.4,156327.58,169721.08,-13393.5,186800.0,17078.920000000002,74017.58,5.0,31620.9,24791.04,REP-075,Farah Osman,2025,1.2284650275353937,29073.179999999993,0.09142890792291222,33944.216,0.07891477004506453,0.1863109756313123,0.14606930382484015,0.4734774247768692,-0.0930530489507147,895063.3,913552.6399999999,0.9797610567903347,0.9814376676834871,Exceeding (>=120%),4.0,19.0,175918.84,0.0,-13393.5,175918.84,CP2025,190881.59999999998,T3 Accelerator,0.015,175918.84,2638.7826,0,0.016879827603037162,5 120-149%
83,202508,20250801,4,11,0,KSA Enterprise,SA,ENT,123235.84,72914.81999999999,72914.81999999999,0.0,81800.0,8885.18,32544.82,4.0,15913.8,24423.239999999998,REP-075,Farah Osman,2025,0.591668949552338,-50321.020000000004,0.10862078239608802,18228.704999999998,-0.0,0.2182519273859553,0.3349557744228128,0.44634026388599746,-0.5335767367472841,967978.12,1036788.48,0.9336312455940868,1.0302947929852906,Below Target (<80%),10.0,52.0,79020.63,0.0,0.0,79020.63,CP2025,184853.76,T0 Below Gate,0.0,79020.63,0.0,0,0.0,1 <60%
83,202509,20250901,4,12,0,KSA Enterprise,SA,ENT,133952.0,88180.92,88180.92,0.0,99400.0,11219.08,35580.92,5.0,33516.72,33789.119999999995,REP-075,Farah Osman,2025,0.6583023769708553,-45771.08,0.11286800804828974,17636.184,-0.0,0.3800903869000233,0.3831794905292437,0.40349907893907205,0.20936895956130738,1056159.04,1170740.48,0.9021290867127103,0.82567232986677,Below Target (<80%),8.0,60.0,96628.2,0.0,0.0,96628.2,CP2025,200928.0,T0 Below Gate,0.0,96628.2,0.0,0,0.0,2 60-79%
83,202510,20251001,4,13,0,KSA Enterprise,SA,ENT,139310.08,196773.64,196773.64,0.0,218400.0,21626.36,97153.64,7.0,0.0,70904.52,REP-075,Farah Osman,2025,1.4124867346282481,57463.56000000003,0.09902179487179487,28110.52,-0.0,0.0,0.3603354595666371,0.4937330020423467,1.2314763783367197,1252932.68,1310050.56,0.9564002476362438,0.9025756805987785,Exceeding (>=120%),2.0,9.0,214499.77000000002,0.0,0.0,214499.77000000002,CP2025,208965.12,T3 Accelerator,0.015,208965.12,3134.4768,1,0.01592935313896719,5 120-149%
83,202511,20251101,4,14,0,KSA Enterprise,SA,ENT,144668.16,178802.04,178802.04,0.0,202800.0,23997.96,77542.04000000001,5.0,0.0,43533.12,REP-075,Farah Osman,2025,1.235946043690609,34133.880000000005,0.11833313609467455,35760.408,-0.0,0.0,0.24347104764576513,0.4336753652251395,-0.0913313388927501,1431734.72,1454718.72,0.9842003820504901,1.109650739798106,Exceeding (>=120%),3.0,22.0,189685.32,0.0,0.0,189685.32,CP2025,217002.24,T3 Accelerator,0.015,189685.32,2845.2798,0,0.015913016428671618,5 120-149%
83,202512,20251201,4,15,0,KSA Enterprise,SA,ENT,152705.28,247272.69,247272.69,0.0,278100.0,30827.31,109712.69,12.0,61540.02,70618.08,REP-075,Farah Osman,2025,1.6192805513994015,94567.41,0.11084973031283711,20606.0575,-0.0,0.2488751183966171,0.28558786657758284,0.44369109261520145,0.3829411006720057,1679007.41,1607424.0,1.0445329981386366,1.4263152637406606,Exceeding (>=120%),4.0,12.0,264927.21,0.0,0.0,264927.21,CP2025,229057.91999999998,T3 Accelerator,0.015,229057.91999999998,3435.8687999999997,1,0.01389505974153474,6 150%+
84,202411,20241101,5,0,1,KSA SME,SA,SME,26127.36,14987.880000000001,14987.880000000001,0.0,15600.0,612.12,7907.88,3.0,0.0,5704.2,REP-076,Karim Zaki,2024,0.5736469356261024,-11139.48,0.03923846153846154,4995.96,-0.0,0.0,0.3805875147118872,0.527618315599004,,14987.880000000001,26127.36,0.5736469356261024,0.5736469356261024,Below Target (<80%),9.0,54.0,16413.93,0.0,0.0,16413.93,CP2024,39191.04,T0 Below Gate,0.0,16413.93,0.0,0,0.0,1 <60%
84,202412,20241201,5,1,1,KSA SME,SA,SME,44815.68,62041.99,62041.99,0.0,65750.0,3708.01,26712.489999999998,13.0,21814.62,7334.7,REP-076,Karim Zaki,2024,1.3843813147541217,17226.309999999998,0.05639558935361217,4772.460769230769,-0.0,0.35161057857750855,0.11822154640752175,0.4305550160463905,3.139477364377083,77029.87,70943.04000000001,1.0857988324154138,1.0857988324154138,Exceeding (>=120%),6.0,22.0,63875.665,0.0,0.0,63875.665,CP2024,67223.52,T3 Accelerator,0.015,63875.665,958.1349749999999,0,0.015443330799028206,5 120-149%
84,202501,20250101,5,2,1,KSA SME,SA,SME,52024.9,46133.47,51194.35,-5060.88,54000.0,2805.65,22447.47,10.0,17643.98,10281.9,REP-076,Karim Zaki,2025,0.8867574949687553,-5891.43,0.051956481481481485,5119.4349999999995,0.09885622143849859,0.3446470167118051,0.20084052244046463,0.48657666548820194,-0.2564153728789163,46133.47,52024.9,0.8867574949687553,1.0015890320680334,Near Target (80-99%),4.0,31.0,53764.825,-5060.88,0.0,48703.945,CP2025,78037.35,T1 Approaching,0.005,48703.945,243.519725,0,0.005278591118335559,3 80-99%
84,202502,20250201,5,3,0,KSA SME,SA,SME,66074.4,23598.34,23598.34,0.0,24900.0,1301.6599999999999,11548.34,7.0,6401.08,5542.8,REP-076,Karim Zaki,2025,0.357148002857385,-42476.06,0.052275502008032125,3371.191428571429,-0.0,0.27125128292922296,0.2348809280652792,0.489370862526771,-0.48847680436784835,69731.81,118099.29999999999,0.5904506631284013,0.8088501131080764,Below Target (<80%),10.0,64.0,24984.04,0.0,0.0,24984.04,CP2025,99111.59999999999,T0 Below Gate,0.0,24984.04,0.0,0,0.0,1 <60%
84,202503,20250301,5,4,0,KSA SME,SA,SME,69552.0,80652.42,80652.42,0.0,84600.0,3947.58,39979.42,14.0,14069.56,14219.1,REP-076,Karim Zaki,2025,1.1595988612836439,11100.419999999998,0.04666170212765958,5760.887142857143,-0.0,0.17444684238861027,0.17630097150215704,0.4957001910172069,2.417715822384117,150384.22999999998,187651.3,0.8014025482370758,0.801402548237076,On Target (100-119%),4.0,14.0,84207.19499999999,0.0,0.0,84207.19499999999,CP2025,104328.0,T2 On Target,0.01,84207.19499999999,842.0719499999999,0,0.010440752428755392,4 100-119%
84,202504,20250401,5,5,0,KSA SME,SA,SME,69552.0,52356.25,52356.25,0.0,55150.0,2793.75,22852.75,9.0,4878.68,7322.7,REP-076,Karim Zaki,2025,0.7527641189325972,-17195.75,0.050657298277425204,5817.361111111111,-0.0,0.09318238032708608,0.13986295809955832,0.43648561537543273,-0.3508409295096167,202740.47999999998,257203.3,0.7882499174777307,0.763272400993477,Below Target (<80%),7.0,41.0,54186.925,0.0,0.0,54186.925,CP2025,104328.0,T0 Below Gate,0.0,54186.925,0.0,0,0.0,2 60-79%
84,202505,20250501,5,6,0,KSA SME,SA,SME,69552.0,74312.77,74312.77,0.0,78850.0,4537.23,37152.270000000004,14.0,22976.28,8511.9,REP-076,Karim Zaki,2025,1.0684490740740742,4760.770000000004,0.057542549143944195,5308.055,-0.0,0.30918346873626157,0.11454155187594271,0.4999446259371034,0.41936769726632456,277053.25,326755.3,0.8478921382453476,0.9936040180967717,On Target (100-119%),6.0,33.0,76440.745,0.0,0.0,76440.745,CP2025,104328.0,T2 On Target,0.01,76440.745,764.4074499999999,0,0.010286353879689855,4 100-119%
84,202506,20250601,5,7,0,KSA SME,SA,SME,72334.08,57094.44,57094.44,0.0,60150.0,3055.56,23729.940000000002,10.0,8892.96,11531.1,REP-076,Karim Zaki,2025,0.7893159075224293,-15239.64,0.05079900249376559,5709.444,-0.0,0.15575877440955718,0.2019653752624599,0.4156261100030056,-0.2317008234250991,334147.69,399089.38,0.837275324139169,0.8691124134309204,Below Target (<80%),10.0,53.0,59977.215000000004,0.0,0.0,59977.215000000004,CP2025,108501.12,T0 Below Gate,0.0,59977.215000000004,0.0,0,0.0,2 60-79%
84,202507,20250701,5,8,0,KSA SME,SA,SME,66074.4,20135.37,25734.33,-5598.96,26700.0,965.67,11948.37,4.0,4136.88,0.0,REP-076,Karim Zaki,2025,0.30473784097925977,-45939.03,0.03616741573033708,6433.5825,0.2175677392805641,0.16075335942299643,0.0,0.5934020581692813,-0.6473322095811782,354283.06,465163.77999999997,0.7616307959317039,0.7287085507784941,Below Target (<80%),10.0,71.0,25734.33,-5598.96,0.0,20135.370000000003,CP2025,99111.59999999999,T0 Below Gate,0.0,20135.370000000003,0.0,0,0.0,1 <60%
84,202508,20250801,5,9,0,KSA SME,SA,SME,63987.84,31682.780000000002,35697.08,-4014.2999999999997,37100.0,1402.92,16316.78,6.0,6847.5199999999995,13251.96,REP-076,Karim Zaki,2025,0.4951375136275893,-32305.059999999994,0.03781455525606469,5949.513333333333,0.11245457611658992,0.19182297263529677,0.3712337255596256,0.5150046807761187,0.5734888407811728,385965.84,529151.62,0.7294050049397941,0.5381154657357409,Below Target (<80%),9.0,59.0,39010.07,-4727.475,0.0,34282.595,CP2025,95981.76,T0 Below Gate,0.0,34282.595,0.0,0,0.0,1 <60%
84,202509,20250901,5,10,0,KSA SME,SA,SME,69552.0,48648.59,56096.99,-7448.4,59500.0,3403.0099999999998,25926.59,11.0,12712.5,18748.739999999998,REP-076,Karim Zaki,2025,0.6994563779618127,-20903.410000000003,0.057193445378151256,5099.726363636363,0.13277717752770693,0.2266164369959957,0.3342200713442914,0.5329361035951916,0.5354899412235918,434614.43,598703.62,0.7259258429070464,0.5033044736688125,Below Target (<80%),7.0,58.0,60784.174999999996,-7448.4,0.0,53335.774999999994,CP2025,104328.0,T0 Below Gate,0.0,53335.774999999994,0.0,0,0.0,2 60-79%
84,202510,20251001,5,11,0,KSA SME,SA,SME,72334.08,48241.36,48241.36,0.0,50550.0,2308.64,20293.86,8.0,0.0,5706.9,REP-076,Karim Zaki,2025,0.6669243598591424,-24092.72,0.0456704253214639,6030.17,-0.0,0.0,0.11829890367933242,0.4206734636005287,-0.008370848980412298,482855.79,671037.7,0.7195658157507395,0.6245216975515889,Below Target (<80%),8.0,54.0,49668.085,0.0,0.0,49668.085,CP2025,108501.12,T0 Below Gate,0.0,49668.085,0.0,0,0.0,2 60-79%
84,202511,20251101,5,12,0,KSA SME,SA,SME,75116.16,64132.27,64132.27,0.0,67100.0,2967.73,32487.27,11.0,12180.26,26647.14,REP-076,Karim Zaki,2025,0.8537746072216683,-10983.890000000007,0.04422846497764531,5830.206363636364,-0.0,0.18992404291942264,0.4155028350002269,0.5065666629295985,0.32940427052636984,546988.06,746153.86,0.7330767678398127,0.7420302205175395,Near Target (80-99%),7.0,47.0,70794.05500000001,0.0,0.0,70794.05500000001,CP2025,112674.24,T1 Approaching,0.005,70794.05500000001,353.9702750000001,0,0.005519378543750285,3 80-99%
84,202512,20251201,5,13,0,KSA SME,SA,SME,79289.28,109913.87,109913.87,0.0,116550.0,6636.13,50801.37,19.0,25212.38,15338.76,REP-076,Karim Zaki,2025,1.386238719786584,30624.589999999997,0.05693805233805234,5784.94052631579,-0.0,0.22938306148259544,0.13955254236794684,0.4621925331170671,0.7138621477144034,656901.9299999999,825443.14,0.7958172988147917,0.9803650461992686,Exceeding (>=120%),3.0,20.0,113748.56,0.0,0.0,113748.56,CP2025,118933.92,T3 Accelerator,0.015,113748.56,1706.2284,0,0.0155233220338798,5 120-149%
85,202412,20241201,2,0,1,Egypt SME,EG,SME,18221.76,15389.06,15389.06,0.0,16200.0,810.9399999999999,5419.06,5.0,2038.96,0.0,REP-077,Saud Fathy,2024,0.844543007920201,-2832.699999999999,0.05005802469135802,3077.812,-0.0,0.13249412244802478,0.0,0.3521371675722884,,15389.06,18221.76,0.844543007920201,0.844543007920201,Near Target (80-99%),8.0,46.0,15389.06,0.0,0.0,15389.06,CP2024,27332.64,T1 Approaching,0.005,15389.06,76.9453,0,0.005,3 80-99%
85,202501,20250101,2,1,1,Egypt SME,EG,SME,26285.69,22413.04,22413.04,0.0,23850.0,1436.96,9325.539999999999,8.0,1070.28,2908.5,REP-077,Saud Fathy,2025,0.8526707877936627,-3872.649999999998,0.060249895178197066,2801.63,-0.0,0.0477525583321138,0.12976820636558004,0.4160765340176968,0.45642683828641917,22413.04,26285.69,0.8526707877936627,0.8493431998463179,Near Target (80-99%),8.0,32.0,23140.165,0.0,0.0,23140.165,CP2025,39428.534999999996,T1 Approaching,0.005,23140.165,115.70082500000001,0,0.005162210257956976,3 80-99%
85,202502,20250201,2,2,1,Egypt SME,EG,SME,37107.85,50019.9,50019.9,0.0,52850.0,2830.1,20442.4,13.0,17045.12,4584.0,REP-077,Saud Fathy,2025,1.3479600677484684,12912.050000000003,0.05354966887417218,3847.6846153846154,-0.0,0.34076677482362017,0.09164352587670108,0.4086853432333931,1.2317320631203978,72432.94,63393.53999999999,1.1425918161377329,1.076048240954821,Exceeding (>=120%),2.0,13.0,51165.9,0.0,0.0,51165.9,CP2025,55661.774999999994,T3 Accelerator,0.015,51165.9,767.4885,0,0.01534366322203763,5 120-149%
85,202503,20250301,2,3,0,Egypt SME,EG,SME,45954.0,32329.530000000002,32329.530000000002,0.0,34250.0,1920.47,15240.03,10.0,6716.73,13192.560000000001,REP-077,Saud Fathy,2025,0.7035193889541717,-13624.469999999998,0.05607211678832117,3232.9530000000004,-0.0,0.2077583559055761,0.4080653198484482,0.47139658386620525,-0.35366664067701054,104762.47,109347.54000000001,0.9580688326413195,0.9580688326413195,Below Target (<80%),7.0,35.0,35627.67,0.0,0.0,35627.67,CP2025,68931.0,T0 Below Gate,0.0,35627.67,0.0,0,0.0,2 60-79%
85,202504,20250401,2,4,0,Egypt SME,EG,SME,45954.0,33843.69,33843.69,0.0,36150.0,2306.31,15549.19,8.0,6305.51,15751.26,REP-077,Saud Fathy,2025,0.7364688601645124,-12110.309999999998,0.06379834024896265,4230.46125,-0.0,0.18631272181018085,0.4654120162429097,0.45944133160420747,0.046835199893100816,138606.16,155301.54,0.8924970093664235,0.900611203972225,Below Target (<80%),10.0,43.0,37781.505000000005,0.0,0.0,37781.505000000005,CP2025,68931.0,T0 Below Gate,0.0,37781.505000000005,0.0,0,0.0,2 60-79%
85,202505,20250501,2,5,0,Egypt SME,EG,SME,45954.0,26799.17,26799.17,0.0,28450.0,1650.8300000000002,12416.67,9.0,2500.3199999999997,0.0,REP-077,Saud Fathy,2025,0.583173825999913,-19154.83,0.05802565905096661,2977.6855555555553,-0.0,0.09329841185379995,0.0,0.4633229312698864,-0.2081486977336101,165405.33000000002,201255.54,0.8218672141894827,0.6743873583728656,Below Target (<80%),13.0,61.0,26799.17,0.0,0.0,26799.17,CP2025,68931.0,T0 Below Gate,0.0,26799.17,0.0,0,0.0,1 <60%
85,202506,20250601,2,6,0,Egypt SME,EG,SME,47792.16,34546.62,34546.62,0.0,36950.0,2403.38,16686.12,10.0,1131.48,7369.200000000001,REP-077,Saud Fathy,2025,0.7228511956772826,-13245.54,0.06504411366711772,3454.6620000000003,-0.0,0.03275226346311159,0.21331175090356164,0.4830029681630214,0.28909290847440444,199951.95,249047.7,0.8028660774622692,0.6813841873910524,Below Target (<80%),13.0,59.0,36388.92,0.0,0.0,36388.92,CP2025,71688.24,T0 Below Gate,0.0,36388.92,0.0,0,0.0,2 60-79%
85,202507,20250701,2,7,0,Egypt SME,EG,SME,43656.3,35763.59,35763.59,0.0,38250.0,2486.41,15448.09,10.0,20637.94,7372.74,REP-077,Saud Fathy,2025,0.8192079951805351,-7892.710000000006,0.06500418300653595,3576.3589999999995,-0.0,0.5770656693022149,0.2061521228713337,0.4319502041042301,0.03522689050332547,235715.54,292704.0,0.8053034464851865,0.7067513929517711,Near Target (80-99%),7.0,38.0,37606.775,0.0,0.0,37606.775,CP2025,65484.450000000004,T0 Below Gate,0.0,37606.775,0.0,0,0.0,3 80-99%
85,202508,20250801,2,8,0,Egypt SME,EG,SME,42277.68,32087.88,32087.88,0.0,34200.0,2112.12,14822.880000000001,8.0,11987.37,5572.2,REP-077,Saud Fathy,2025,0.7589792060491494,-10189.8,0.0617578947368421,4010.985,-0.0,0.37357937015471265,0.1736543517365435,0.46194637975459896,-0.10277799292520677,267803.42,334981.68,0.7994569135840502,0.7657297967323365,Below Target (<80%),11.0,37.0,33480.93,0.0,0.0,33480.93,CP2025,63416.520000000004,T0 Below Gate,0.0,33480.93,0.0,0,0.0,2 60-79%
85,202509,20250901,2,9,0,Egypt SME,EG,SME,45954.0,33073.94,33073.94,0.0,34850.0,1776.06,15273.44,8.0,12005.789999999999,2808.6,REP-077,Saud Fathy,2025,0.7197184140662402,-12880.059999999998,0.050962984218077476,4134.2425,-0.0,0.36299848158399023,0.08491882128346365,0.4617968104193211,0.030729982784777347,300877.36,380935.68,0.7898376964846139,0.7652358463599186,Below Target (<80%),11.0,56.0,33776.090000000004,0.0,0.0,33776.090000000004,CP2025,68931.0,T0 Below Gate,0.0,33776.090000000004,0.0,0,0.0,2 60-79%
85,202510,20251001,2,10,0,Egypt SME,EG,SME,47792.16,29099.1,29099.1,0.0,30800.0,1700.9,11919.1,9.0,9087.36,4688.64,REP-077,Saud Fathy,2025,0.608867646911125,-18693.060000000005,0.055224025974025974,3233.233333333333,-0.0,0.31229007082693283,0.1611266327824572,0.40960373344880086,-0.12018041999229616,329976.46,428727.84,0.7696641766954065,0.6929735258172389,Below Target (<80%),11.0,60.0,30271.26,0.0,0.0,30271.26,CP2025,71688.24,T0 Below Gate,0.0,30271.26,0.0,0,0.0,2 60-79%
85,202511,20251101,2,11,0,Egypt SME,EG,SME,49630.32,36296.22,36296.22,0.0,38550.0,2253.7799999999997,17827.72,8.0,6022.5,17493.84,REP-077,Saud Fathy,2025,0.7313315731190128,-13334.099999999999,0.058463813229571976,4537.0275,-0.0,0.1659263691921638,0.4819741559864911,0.49117291001652513,0.24733136076373508,366272.68,478358.16000000003,0.7656871161140012,0.686788098019982,Below Target (<80%),10.0,54.0,40669.68,0.0,0.0,40669.68,CP2025,74445.48,T0 Below Gate,0.0,40669.68,0.0,0,0.0,2 60-79%
85,202512,20251201,2,12,0,Egypt SME,EG,SME,52387.56,38936.29,38936.29,0.0,41500.0,2563.71,18875.29,12.0,6581.320000000001,8317.2,REP-077,Saud Fathy,2025,0.7432354169577664,-13451.269999999997,0.061776144578313257,3244.6908333333336,-0.0,0.16902791714362103,0.21361049036772636,0.4847737162426107,0.0727367753446502,405208.97,530745.72,0.763471008301301,0.696426020579128,Below Target (<80%),10.0,56.0,41015.59,0.0,0.0,41015.59,CP2025,78581.34,T0 Below Gate,0.0,41015.59,0.0,0,0.0,2 60-79%
86,202501,20250101,2,0,1,Egypt SME,EG,SME,16175.81,11538.08,11538.08,0.0,12800.0,1261.92,5458.08,2.0,0.0,8744.16,REP-078,Rashid Adly,2025,0.7132922555346533,-4637.73,0.09858750000000001,5769.04,-0.0,0.0,0.7578522596480524,0.4730492421616075,,11538.08,16175.81,0.7132922555346533,0.7132922555346533,Below Target (<80%),11.0,46.0,13724.12,0.0,0.0,13724.12,CP2025,24263.715,T0 Below Gate,0.0,13724.12,0.0,0,0.0,2 60-79%
86,202502,20250201,2,1,1,Egypt SME,EG,SME,28376.59,15256.04,15256.04,0.0,17400.0,2143.96,4936.04,4.0,0.0,2601.0,REP-078,Rashid Adly,2025,0.537627671260007,-13120.55,0.12321609195402299,3814.01,-0.0,0.0,0.17048985188817017,0.3235466084252532,0.32223385519947867,26794.120000000003,44552.4,0.6014068826819655,0.6014068826819655,Below Target (<80%),12.0,56.0,15906.29,0.0,0.0,15906.29,CP2025,42564.885,T0 Below Gate,0.0,15906.29,0.0,0,0.0,1 <60%
86,202503,20250301,2,2,1,Egypt SME,EG,SME,39060.9,27206.79,27206.79,0.0,30900.0,3693.21,12401.789999999999,7.0,0.0,4282.08,REP-078,Rashid Adly,2025,0.6965223535556017,-11854.11,0.11952135922330097,3886.684285714286,-0.0,0.0,0.1573901220981968,0.455834370758182,0.7833454815273163,54000.91,83613.29999999999,0.6458411520655208,0.6458411520655208,Below Target (<80%),8.0,37.0,28277.31,0.0,0.0,28277.31,CP2025,58591.350000000006,T0 Below Gate,0.0,28277.31,0.0,0,0.0,2 60-79%
86,202504,20250401,2,3,0,Egypt SME,EG,SME,45954.0,42907.53,42907.53,0.0,48400.0,5492.47,17714.53,14.0,6113.5199999999995,6982.5,REP-078,Rashid Adly,2025,0.9337060974017496,-3046.470000000001,0.11348078512396695,3064.8235714285715,-0.0,0.1424812847535153,0.16273367401945532,0.4128536413072484,0.5770890281433421,96908.44,129567.29999999999,0.747939024738495,0.7528815434033013,Near Target (80-99%),6.0,34.0,44653.155,0.0,0.0,44653.155,CP2025,68931.0,T1 Approaching,0.005,44653.155,223.265775,0,0.005203417092524319,3 80-99%
86,202505,20250501,2,4,0,Egypt SME,EG,SME,45954.0,33472.35,33472.35,0.0,38100.0,4627.65,16582.350000000002,10.0,3105.6,12117.0,REP-078,Rashid Adly,2025,0.728388170779475,-12481.650000000001,0.12146062992125983,3347.2349999999997,-0.0,0.09278105660343537,0.36200027784126304,0.4954044158835577,-0.2198956686623537,130380.79000000001,175521.3,0.7428203300682027,0.7909257083170128,Below Target (<80%),10.0,51.0,36501.6,0.0,0.0,36501.6,CP2025,68931.0,T0 Below Gate,0.0,36501.6,0.0,0,0.0,2 60-79%
86,202506,20250601,2,5,0,Egypt SME,EG,SME,47792.16,44588.47,44588.47,0.0,50650.0,6061.53,21790.97,11.0,9770.55,17498.64,REP-078,Rashid Adly,2025,0.9329662019879411,-3203.6900000000023,0.11967482724580454,4053.497272727273,-0.0,0.21912727662554915,0.39244764397612203,0.4887131135022126,0.3320985828601817,174969.26,223313.46,0.7835141688279784,0.8659141836344354,Near Target (80-99%),6.0,38.0,48963.13,0.0,0.0,48963.13,CP2025,71688.24,T1 Approaching,0.005,48963.13,244.81565,0,0.005490559554970152,3 80-99%
86,202507,20250701,2,6,0,Egypt SME,EG,SME,43656.3,18440.88,18440.88,0.0,20800.0,2359.12,9944.88,6.0,0.0,7876.8,REP-078,Rashid Adly,2025,0.42241051119769657,-25215.420000000002,0.11341923076923076,3073.48,-0.0,0.0,0.42713796738550436,0.5392844593099678,-0.5864204355969155,193410.14,266969.76,0.7244645985373025,0.7023287647106173,Below Target (<80%),11.0,64.0,20410.08,0.0,0.0,20410.08,CP2025,65484.450000000004,T0 Below Gate,0.0,20410.08,0.0,0,0.0,1 <60%
86,202508,20250801,2,7,0,Egypt SME,EG,SME,42277.68,35271.85,37359.61,-2087.76,42750.0,5390.39,15509.35,10.0,7343.88,0.0,REP-078,Rashid Adly,2025,0.8342901029573997,-7005.830000000002,0.1260909941520468,3735.9610000000002,0.05588281033982957,0.19657271582867167,0.0,0.4397090030718548,0.9126988516816983,228681.99,309247.44,0.7394790074899246,0.7350933781532915,Near Target (80-99%),9.0,30.0,37359.61,0.0,-2087.76,37359.61,CP2025,63416.520000000004,T0 Below Gate,0.0,37359.61,0.0,0,0.0,3 80-99%
86,202509,20250901,2,8,0,Egypt SME,EG,SME,45954.0,21618.14,21618.14,0.0,24450.0,2831.86,10030.64,7.0,3289.8900000000003,11108.16,REP-078,Rashid Adly,2025,0.47042999521260387,-24335.86,0.11582249488752556,3088.305714285714,-0.0,0.15218191759328048,0.5138351403034673,0.46399181428189473,-0.38709934409451163,250300.13,355201.44,0.7046709326403632,0.571173127376733,Below Target (<80%),13.0,69.0,24395.18,0.0,0.0,24395.18,CP2025,68931.0,T0 Below Gate,0.0,24395.18,0.0,0,0.0,1 <60%
86,202510,20251001,2,9,0,Egypt SME,EG,SME,47792.16,17388.0,20081.7,-2693.7,22800.0,2718.3,6468.0,5.0,2652.6,2573.1,REP-078,Rashid Adly,2025,0.3638253638253638,-30404.160000000003,0.11922368421052633,4016.34,0.1341370501501367,0.13209041067240324,0.12813158248554654,0.3719806763285024,-0.19567548364475387,267688.13,402993.6,0.6642490848489903,0.5460659690242533,Below Target (<80%),13.0,73.0,20724.975,0.0,-2693.7,20724.975,CP2025,71688.24,T0 Below Gate,0.0,20724.975,0.0,0,0.0,1 <60%
86,202511,20251101,2,10,0,Egypt SME,EG,SME,49630.32,41399.22,41399.22,0.0,46500.0,5100.78,19244.22,10.0,5732.04,9575.1,REP-078,Rashid Adly,2025,0.8341517846348765,-8231.099999999999,0.1096941935483871,4139.9220000000005,-0.0,0.1384576810867451,0.23128696627617623,0.4648449898331418,1.3809075224292617,309087.35,452623.92,0.6828789561099643,0.5607988144220029,Near Target (80-99%),9.0,51.0,43792.995,0.0,0.0,43792.995,CP2025,74445.48,T0 Below Gate,0.0,43792.995,0.0,0,0.0,3 80-99%
86,202512,20251201,2,11,0,Egypt SME,EG,SME,52387.56,52934.9,52934.9,0.0,59900.0,6965.1,21758.899999999998,14.0,6389.77,19713.06,REP-078,Rashid Adly,2025,1.010447900226695,547.3400000000038,0.1162787979966611,3781.0642857142857,-0.0,0.12070996639268233,0.3724019503201102,0.4110501767265074,0.27864486335732896,362022.25,505011.48,0.7168594464426828,0.74575856197622,On Target (100-119%),6.0,34.0,57863.165,0.0,0.0,57863.165,CP2025,78581.34,T2 On Target,0.01,57863.165,578.63165,0,0.010931004875800275,4 100-119%
87,202501,20250101,2,0,1,Egypt SME,EG,SME,16175.81,11889.76,11889.76,0.0,12700.0,810.24,3740.76,5.0,6668.17,0.0,REP-079,Tarek Al-Hinai,2025,0.7350333615441824,-4286.049999999999,0.06379842519685039,2377.952,-0.0,0.5608330193376485,0.0,0.3146203119322846,,11889.76,16175.81,0.7350333615441824,0.7350333615441824,Below Target (<80%),10.0,45.0,11889.76,0.0,0.0,11889.76,CP2025,24263.715,T0 Below Gate,0.0,11889.76,0.0,0,0.0,2 60-79%
87,202502,20250201,2,1,1,Egypt SME,EG,SME,28376.59,25986.85,25986.85,0.0,27650.0,1663.15,11484.35,8.0,3054.84,2867.7,REP-079,Tarek Al-Hinai,2025,0.9157848071244642,-2389.7400000000016,0.0601500904159132,3248.35625,-0.0,0.11755330099646553,0.11035196647535196,0.44192928346452154,1.1856496682859872,37876.61,44552.4,0.8501586895430998,0.8501586895430998,Near Target (80-99%),9.0,36.0,26703.775,0.0,0.0,26703.775,CP2025,42564.885,T1 Approaching,0.005,26703.775,133.518875,0,0.00513793995809419,3 80-99%
87,202503,20250301,2,2,1,Egypt SME,EG,SME,39060.9,28366.300000000003,28366.300000000003,0.0,29950.0,1583.7,12533.8,10.0,3334.32,4574.88,REP-079,Tarek Al-Hinai,2025,0.726207025439762,-10694.599999999999,0.052878130217028384,2836.63,-0.0,0.11754511515424994,0.16127870042973527,0.4418553001272636,0.09156361775282516,66242.91,83613.29999999999,0.7922532659277891,0.7922532659277891,Below Target (<80%),6.0,30.0,29510.02,0.0,0.0,29510.02,CP2025,58591.350000000006,T0 Below Gate,0.0,29510.02,0.0,0,0.0,2 60-79%
87,202504,20250401,2,3,0,Egypt SME,EG,SME,45954.0,33988.24,33988.24,0.0,35850.0,1861.76,16595.74,10.0,7869.5199999999995,7451.76,REP-079,Tarek Al-Hinai,2025,0.7396143970057013,-11965.760000000002,0.05193193863319386,3398.8239999999996,-0.0,0.23153655499666945,0.21924524482585744,0.48827888705034456,0.19819081092705057,100231.15,129567.29999999999,0.7735836897118332,0.7790830687558652,Below Target (<80%),9.0,42.0,35851.18,0.0,0.0,35851.18,CP2025,68931.0,T0 Below Gate,0.0,35851.18,0.0,0,0.0,2 60-79%
87,202505,20250501,2,4,0,Egypt SME,EG,SME,45954.0,54043.020000000004,54043.020000000004,0.0,57100.0,3056.98,27228.02,15.0,23969.309999999998,15894.9,REP-079,Tarek Al-Hinai,2025,1.17602428515472,8089.020000000004,0.05353730297723293,3602.8680000000004,-0.0,0.4435227713033061,0.2941156878353578,0.503821215024623,0.5900505586638204,154274.17,175521.3,0.8789484239234784,0.8887419837839365,On Target (100-119%),6.0,28.0,58016.745,0.0,0.0,58016.745,CP2025,68931.0,T2 On Target,0.01,58016.745,580.16745,0,0.010735289219588395,4 100-119%
87,202506,20250601,2,5,0,Egypt SME,EG,SME,47792.16,48138.45,48138.45,0.0,50500.0,2361.55,25073.45,13.0,0.0,18846.48,REP-079,Tarek Al-Hinai,2025,1.0072457490935751,346.2899999999936,0.046763366336633666,3702.957692307692,-0.0,0.0,0.3915057506006114,0.5208611826928371,-0.10925684760030077,202412.62,223313.46,0.9064058207687078,0.9747283754005721,On Target (100-119%),4.0,35.0,52850.07,0.0,0.0,52850.07,CP2025,71688.24,T2 On Target,0.01,52850.07,528.5007,0,0.01097876437650153,4 100-119%
87,202507,20250701,2,6,0,Egypt SME,EG,SME,43656.3,36559.78,36559.78,0.0,39100.0,2540.2200000000003,17744.78,12.0,9152.74,11853.78,REP-079,Tarek Al-Hinai,2025,0.8374456836699399,-7096.520000000004,0.06496726342710998,3046.648333333333,-0.0,0.25034997475367743,0.32423006921814085,0.4853634239593345,-0.24052851722479637,238972.4,266969.76,0.8951290962691804,1.0097435664543415,Near Target (80-99%),6.0,37.0,39523.225,0.0,0.0,39523.225,CP2025,65484.450000000004,T0 Below Gate,0.0,39523.225,0.0,0,0.0,3 80-99%
87,202508,20250801,2,7,0,Egypt SME,EG,SME,42277.68,19956.96,19956.96,0.0,21200.0,1243.04,7046.96,6.0,1652.22,2807.7,REP-079,Tarek Al-Hinai,2025,0.4720448236516289,-22320.72,0.05863396226415094,3326.16,-0.0,0.08278916227722058,0.14068776005964836,0.3531078881753534,-0.4541280062407378,258929.36,309247.44,0.8372886126397683,0.7826083217536973,Below Target (<80%),12.0,60.0,20658.885,0.0,0.0,20658.885,CP2025,63416.520000000004,T0 Below Gate,0.0,20658.885,0.0,0,0.0,1 <60%
87,202509,20250901,2,8,0,Egypt SME,EG,SME,45954.0,56272.98,56272.98,0.0,59450.0,3177.02,26888.48,18.0,15274.43,8420.1,REP-079,Tarek Al-Hinai,2025,1.2245502023762893,10318.980000000003,0.05344020185029436,3126.2766666666666,-0.0,0.27143453216801383,0.1496295380127372,0.4778222159196118,1.8197170310508217,315202.34,355201.44,0.8873903776966671,0.8551933239101851,Exceeding (>=120%),4.0,21.0,58378.005,0.0,0.0,58378.005,CP2025,68931.0,T3 Accelerator,0.015,58378.005,875.6700749999999,0,0.015561110767547761,5 120-149%
87,202510,20251001,2,9,0,Egypt SME,EG,SME,47792.16,18462.53,18462.53,0.0,19500.0,1037.47,5980.53,5.0,0.0,2820.6,REP-079,Tarek Al-Hinai,2025,0.3863087585913672,-29329.630000000005,0.05320358974358975,3692.506,-0.0,0.0,0.15277429474725296,0.32392797736821555,-0.6719112796230091,333664.87,402993.6,0.8279656798519878,0.6961461314428412,Below Target (<80%),12.0,70.0,19167.68,0.0,0.0,19167.68,CP2025,71688.24,T0 Below Gate,0.0,19167.68,0.0,0,0.0,1 <60%
87,202511,20251101,2,10,0,Egypt SME,EG,SME,49630.32,53641.53,58168.97,-4527.4400000000005,61900.0,3731.0299999999997,24559.53,15.0,17906.13,5655.6,REP-079,Tarek Al-Hinai,2025,1.0808217637927782,4011.209999999999,0.06027512116316639,3877.9313333333334,0.07783256261886708,0.3078295868054738,0.09722709547719342,0.4578454417687191,1.9054268293673728,387306.4,452623.92,0.855691409327196,0.8953842359639461,On Target (100-119%),4.0,30.0,59582.87,-4527.4400000000005,0.0,55055.43,CP2025,74445.48,T2 On Target,0.01,55055.43,550.5543,0,0.010263583085717355,4 100-119%
87,202512,20251201,2,11,0,Egypt SME,EG,SME,52387.56,87708.14,87708.14,0.0,92550.0,4841.86,39310.64,27.0,27021.629999999997,5735.7,REP-079,Tarek Al-Hinai,2025,1.67421693241678,35320.58,0.05231615343057806,3248.4496296296297,-0.0,0.30808577174250873,0.06539529854355593,0.4481983086176494,0.6350790143383308,475014.54000000004,505011.48,0.9406014690992768,1.06676561864612,Exceeding (>=120%),1.0,8.0,89142.065,0.0,0.0,89142.065,CP2025,78581.34,T3 Accelerator,0.015,78581.34,1178.7201,1,0.01343911864964871,6 150%+
88,202501,20250101,8,0,1,Oman SME,OM,SME,17487.36,4798.49,4798.49,0.0,5049.99,251.5,1480.9899999999998,1.0,0.0,0.0,REP-080,Rana Al-Shehri,2025,0.274397622053872,-12688.87,0.04980207881599766,4798.49,-0.0,0.0,0.0,0.30863667528743416,,4798.49,17487.36,0.274397622053872,0.274397622053872,Below Target (<80%),7.0,69.0,4798.49,0.0,0.0,4798.49,CP2025,26231.04,T0 Below Gate,0.0,4798.49,0.0,0,0.0,1 <60%
88,202502,20250201,8,1,1,Oman SME,OM,SME,30677.4,40163.48,40163.48,0.0,43100.0,2936.52,17117.48,9.0,9085.07,10269.41,REP-080,Rana Al-Shehri,2025,1.3092204684882032,9486.080000000002,0.06813271461716937,4462.608888888889,-0.0,0.22620226135783053,0.2556902439728828,0.4261951404609361,7.3700247369484995,44961.97,48164.76,0.9335034577147275,0.9335034577147275,Exceeding (>=120%),2.0,15.0,42730.8325,0.0,0.0,42730.8325,CP2025,46016.100000000006,T3 Accelerator,0.015,42730.8325,640.9624875,0,0.01595883841489831,5 120-149%
88,202503,20250301,8,2,1,Oman SME,OM,SME,42228.0,28145.71,28145.71,0.0,30300.0,2154.29,14735.710000000001,9.0,4294.8,8283.91,REP-080,Rana Al-Shehri,2025,0.6665177133655394,-14082.29,0.07109867986798679,3127.301111111111,-0.0,0.15259163829940692,0.2943222963641706,0.5235508359888594,-0.29922133241442234,73107.68,90392.76000000001,0.8087780481534139,0.8087780481534139,Below Target (<80%),5.0,40.0,30216.6875,0.0,0.0,30216.6875,CP2025,63342.0,T0 Below Gate,0.0,30216.6875,0.0,0,0.0,2 60-79%
88,202504,20250401,8,3,0,Oman SME,OM,SME,49680.0,31283.02,38770.72,-7487.7,41549.96,2779.2400000000002,16890.52,8.0,0.0,15553.029999999999,REP-080,Rana Al-Shehri,2025,0.6296904186795491,-18396.98,0.06688911373199878,4846.34,0.1931277004915049,0.0,0.40115401519497185,0.5399261324514065,0.11146672086083462,104390.7,140072.76,0.7452605345964483,0.8124312520088036,Below Target (<80%),6.0,47.0,42658.9775,-8174.625,0.0,34484.3525,CP2025,74520.0,T0 Below Gate,0.0,34484.3525,0.0,0,0.0,2 60-79%
88,202505,20250501,8,4,0,Oman SME,OM,SME,49680.0,91382.49,91382.49,0.0,97499.95,6117.46,36980.49,19.0,17808.09,23065.54,REP-080,Rana Al-Shehri,2025,1.8394221014492755,41702.490000000005,0.06274321166318547,4809.604736842106,-0.0,0.19487420401873487,0.2524065606003951,0.4046780734471122,1.9211530728171384,195773.19,189752.76,1.0317277598491847,1.0651412549086081,Exceeding (>=120%),1.0,4.0,97148.875,0.0,0.0,97148.875,CP2025,74520.0,T3 Accelerator,0.015,74520.0,1117.8,1,0.012232102670872724,6 150%+
88,202506,20250601,8,5,0,Oman SME,OM,SME,51667.2,61708.560000000005,61708.560000000005,0.0,65999.92,4291.36,29057.56,16.0,9224.4,7393.09,REP-080,Rana Al-Shehri,2025,1.1943468970642885,10041.360000000008,0.06502068487355742,3856.7850000000003,-0.0,0.14948331317405558,0.11980655520076955,0.4708837801433059,-0.324722274475121,257481.75,241419.96,1.0665304973126497,1.2208004253538436,On Target (100-119%),3.0,23.0,63556.832500000004,0.0,0.0,63556.832500000004,CP2025,77500.79999999999,T2 On Target,0.01,63556.832500000004,635.5683250000001,0,0.010299516388001924,4 100-119%
88,202507,20250701,8,6,0,Oman SME,OM,SME,47196.0,32787.02,32787.02,0.0,34849.96,2062.94,17536.52,8.0,11355.84,7301.56,REP-080,Rana Al-Shehri,2025,0.6946991270446647,-14408.980000000003,0.0591949029496734,4098.3775,-0.0,0.34635169649452746,0.22269666471670804,0.5348616617185704,-0.4686795478617554,290268.77,288615.96,1.005726675683493,1.2513401488590523,Below Target (<80%),7.0,46.0,34612.41,0.0,0.0,34612.41,CP2025,70794.0,T0 Below Gate,0.0,34612.41,0.0,0,0.0,2 60-79%
88,202508,20250801,8,7,0,Oman SME,OM,SME,45705.6,45608.64,45608.64,0.0,48449.96,2841.32,20570.14,9.0,4431.6,11795.4,REP-080,Rana Al-Shehri,2025,0.9978785969334174,-96.95999999999913,0.05864442406144402,5067.626666666667,-0.0,0.09716580016417943,0.25862205055884147,0.45101410609919523,0.3910578027524308,335877.41000000003,334321.56,1.0046537531112263,0.9691179562948576,Near Target (80-99%),1.0,15.0,48557.49,0.0,0.0,48557.49,CP2025,68558.4,T1 Approaching,0.005,48557.49,242.78745,0,0.005323277563198552,3 80-99%
88,202509,20250901,8,8,0,Oman SME,OM,SME,49680.0,40779.75,41808.25,-1028.5,44500.0,2691.75,18747.75,11.0,12260.26,8502.0,REP-080,Rana Al-Shehri,2025,0.8208484299516908,-8900.25,0.06048876404494382,3800.75,0.024600407814247188,0.2932497772568811,0.2033569929379967,0.45973185220605817,-0.10587664968742763,376657.16000000003,384001.56,0.9808740360325621,0.8358400382658072,Near Target (80-99%),7.0,48.0,43933.75,-1028.5,0.0,42905.25,CP2025,74520.0,T0 Below Gate,0.0,42905.25,0.0,0,0.0,3 80-99%
88,202510,20251001,8,9,0,Oman SME,OM,SME,51667.2,46759.27,46759.27,0.0,49900.0,3140.73,19549.27,11.0,19843.16,4444.32,REP-080,Rana Al-Shehri,2025,0.9050087870060696,-4907.93,0.06294048096192385,4250.842727272727,-0.0,0.424368472818331,0.09504682173181916,0.41808330198482574,0.1466296384847871,423416.43,435668.76,0.9718769599178972,0.9054411748705228,Near Target (80-99%),5.0,38.0,47870.35,0.0,0.0,47870.35,CP2025,77500.79999999999,T1 Approaching,0.005,47870.35,239.35175,0,0.005118808527164774,3 80-99%
88,202511,20251101,8,10,0,Oman SME,OM,SME,53654.4,97988.42,97988.42,0.0,105149.99,7161.57,43500.92,22.0,21094.04,24473.58,REP-080,Rana Al-Shehri,2025,1.8262886175225144,44334.02,0.06810813771832028,4454.019090909091,-0.0,0.2152707432163923,0.24975992061102734,0.4439393961041519,1.0955934513092271,521404.85,489323.16,1.0655633998603296,1.1969388703084356,Exceeding (>=120%),1.0,5.0,104106.815,0.0,0.0,104106.815,CP2025,80481.6,T3 Accelerator,0.015,80481.6,1207.224,1,0.01232006802436451,6 150%+
88,202512,20251201,8,11,0,Oman SME,OM,SME,56635.2,93516.59,94528.92,-1012.33,102049.67,7520.75,37777.090000000004,24.0,16230.380000000001,15398.23,REP-080,Rana Al-Shehri,2025,1.6512096717235925,36881.39,0.07369695560994954,3938.705,0.010709209414431054,0.1716975080218837,0.16289438195210523,0.40396137198758003,-0.045636310902859765,614921.44,545958.36,1.12631564062871,1.4711594696857433,Exceeding (>=120%),2.0,10.0,98378.4775,-1012.33,0.0,97366.14749999999,CP2025,84952.79999999999,T3 Accelerator,0.015,84952.79999999999,1274.2919999999997,1,0.013626373673377096,6 150%+
89,202501,20250101,8,0,1,Oman SME,OM,SME,17487.36,17425.21,17425.21,0.0,17900.0,474.78999999999996,8135.21,5.0,0.0,4673.29,REP-081,Fahad Sabry,2025,0.9964460044283413,-62.150000000001455,0.02652458100558659,3485.042,-0.0,0.0,0.2681913159152745,0.46686438786103585,,17425.21,17487.36,0.9964460044283413,0.9964460044283413,Near Target (80-99%),4.0,26.0,18593.5325,0.0,0.0,18593.5325,CP2025,26231.04,T1 Approaching,0.005,18593.5325,92.9676625,0,0.0053352391448940936,3 80-99%
89,202502,20250201,8,1,1,Oman SME,OM,SME,30677.4,35863.29,35863.29,0.0,37099.979999999996,1236.69,19000.29,9.0,6752.3,11811.91,REP-081,Fahad Sabry,2025,1.1690459426157367,5185.889999999999,0.033333980233951614,3984.81,-0.0,0.18827887792781978,0.32935935325509735,0.52979774025194,1.0581267026337131,53288.5,48164.76,1.1063794359195396,1.1063794359195396,On Target (100-119%),4.0,22.0,38816.2675,0.0,0.0,38816.2675,CP2025,46016.100000000006,T2 On Target,0.01,38816.2675,388.16267500000004,0,0.010823398383137743,4 100-119%
89,202503,20250301,8,2,1,Oman SME,OM,SME,42228.0,63393.28,63393.28,0.0,65499.66,2106.38,27550.28,13.0,19285.15,11667.02,REP-081,Fahad Sabry,2025,1.5012143601401913,21165.28,0.03215864021278889,4876.406153846154,-0.0,0.3042144214654929,0.18404190475709728,0.43459306727779345,0.767637046127112,116681.78,90392.76000000001,1.2908310355829382,1.2908310355829382,Exceeding (>=120%),1.0,8.0,66310.035,0.0,0.0,66310.035,CP2025,63342.0,T3 Accelerator,0.015,63342.0,950.13,1,0.014987866221782498,6 150%+
89,202504,20250401,8,3,0,Oman SME,OM,SME,49680.0,93001.48,93001.48,0.0,97349.96,4348.48,40952.98,21.0,21462.38,24173.03,REP-081,Fahad Sabry,2025,1.8720104669887279,43321.479999999996,0.044668534018914845,4428.641904761905,-0.0,0.23077460702775915,0.25992091738755124,0.44034761597342326,0.46705581411783703,209683.26,140072.76,1.4969595801496307,1.5683600983477641,Exceeding (>=120%),1.0,3.0,99044.7375,0.0,0.0,99044.7375,CP2025,74520.0,T3 Accelerator,0.015,74520.0,1117.8,1,0.012019163565999165,6 150%+
89,202505,20250501,8,4,0,Oman SME,OM,SME,49680.0,58450.67,58450.67,0.0,60649.91,2199.2400000000002,26886.17,15.0,16853.88,8920.81,REP-081,Fahad Sabry,2025,1.1765432769726247,8770.669999999998,0.03626122446018469,3896.711333333333,-0.0,0.28834365799399736,0.1526211761131224,0.4599805271693207,-0.37150817384841617,268133.93,189752.76,1.4130699864391958,1.5173985789756192,On Target (100-119%),5.0,27.0,60680.8725,0.0,0.0,60680.8725,CP2025,74520.0,T2 On Target,0.01,60680.8725,606.808725,0,0.010381552940282805,4 100-119%
89,202506,20250601,8,5,0,Oman SME,OM,SME,51667.2,73067.21,73067.21,0.0,76749.7,3682.4900000000002,36664.71,17.0,25656.89,26195.64,REP-081,Fahad Sabry,2025,1.4141894664313144,21400.01000000001,0.04798051327887927,4298.071176470588,-0.0,0.3511409563879611,0.35851430484344476,0.5017943069127725,0.2500662524484323,341201.14,241419.96,1.4133095705922576,1.4866153911348416,Exceeding (>=120%),2.0,12.0,79616.12,0.0,0.0,79616.12,CP2025,77500.79999999999,T3 Accelerator,0.015,77500.79999999999,1162.5119999999997,1,0.015910173660661185,5 120-149%
89,202507,20250701,8,6,0,Oman SME,OM,SME,47196.0,80166.41,86718.66,-6552.25,89699.87,2981.21,34771.409999999996,21.0,25859.760000000002,20997.82,REP-081,Fahad Sabry,2025,1.69858483769811,32970.41,0.03323538818952581,4129.46,0.07555755589396791,0.29820294732413993,0.24213727472264907,0.4337403907696502,0.09715986144811053,421367.55,288615.96,1.4599592829169945,1.4250688688543132,Exceeding (>=120%),1.0,3.0,91968.115,0.0,-6552.25,91968.115,CP2025,70794.0,T3 Accelerator,0.015,70794.0,1061.9099999999999,1,0.013246320996537076,6 150%+
89,202508,20250801,8,7,0,Oman SME,OM,SME,45705.6,32534.6,32534.6,0.0,34000.0,1465.4,17018.6,7.0,0.0,13170.8,REP-081,Fahad Sabry,2025,0.7118296226282994,-13171.0,0.0431,4647.8,-0.0,0.0,0.40482440232859784,0.5230923386179637,-0.594161694405425,453902.15,334321.56,1.3576813592279242,1.284981406776566,Below Target (<80%),5.0,40.0,35827.3,0.0,0.0,35827.3,CP2025,68558.4,T0 Below Gate,0.0,35827.3,0.0,0,0.0,2 60-79%
89,202509,20250901,8,8,0,Oman SME,OM,SME,49680.0,61569.0,61569.0,0.0,63800.0,2231.0,33269.0,16.0,12259.41,22911.28,REP-081,Fahad Sabry,2025,1.2393115942028985,11889.0,0.03496865203761756,3848.0625,-0.0,0.1991166008868099,0.37212363364680273,0.5403530997742371,0.8924160739643334,515471.15,384001.56,1.3423673330910426,1.2222475410571914,Exceeding (>=120%),4.0,19.0,67296.82,0.0,0.0,67296.82,CP2025,74520.0,T3 Accelerator,0.015,67296.82,1009.4523,0,0.01639546362617551,5 120-149%
89,202510,20251001,8,9,0,Oman SME,OM,SME,51667.2,53118.96,53118.96,0.0,55799.85,2680.89,24864.96,13.0,5104.63,14229.91,REP-081,Fahad Sabry,2025,1.0280982905982907,1451.760000000002,0.04804475280847529,4086.0738461538463,-0.0,0.09609807872744497,0.267887586654558,0.4680995260449376,-0.13724504214783415,568590.11,435668.76,1.3050972716060705,1.0011544152848502,On Target (100-119%),3.0,26.0,56676.4375,0.0,0.0,56676.4375,CP2025,77500.79999999999,T2 On Target,0.01,56676.4375,566.764375,0,0.010669718966636394,4 100-119%
89,202511,20251101,8,10,0,Oman SME,OM,SME,53654.4,92568.08,92568.08,0.0,96149.93,3581.85,45698.58,20.0,9742.34,13373.33,REP-081,Fahad Sabry,2025,1.7252654022782847,38913.68,0.03725275723029648,4628.404,-0.0,0.10524513417584118,0.14447021046563782,0.49367535763948006,0.7426561062189471,661158.19,489323.16,1.351168806316055,1.337121939386432,Exceeding (>=120%),2.0,6.0,95911.4125,0.0,0.0,95911.4125,CP2025,80481.6,T3 Accelerator,0.015,80481.6,1207.224,1,0.01304147174706443,6 150%+
89,202512,20251201,8,11,0,Oman SME,OM,SME,56635.2,100391.97,100391.97,0.0,104899.82,4507.85,53258.97,21.0,25561.52,31226.96,REP-081,Fahad Sabry,2025,1.7726073184168152,43756.770000000004,0.04297290500593805,4780.57,-0.0,0.25461717705111275,0.31105037584181283,0.5305102589380406,0.08452038758932884,761550.16,545958.36,1.3948868921065702,1.5194114109441532,Exceeding (>=120%),1.0,4.0,108198.70999999999,0.0,0.0,108198.70999999999,CP2025,84952.79999999999,T3 Accelerator,0.015,84952.79999999999,1274.2919999999997,1,0.012693166594897975,6 150%+
90,202502,20250201,1,0,1,Egypt Enterprise,EG,ENT,33631.52,45402.24,45402.24,0.0,52800.0,7397.76,22662.24,3.0,12320.16,39108.72,REP-082,Sara Al-Zahrani,2025,1.3499907229884347,11770.720000000001,0.1401090909090909,15134.08,-0.0,0.27135577451685206,0.8613830507041063,0.4991436545862055,,45402.24,33631.52,1.3499907229884347,1.3499907229884347,Exceeding (>=120%),2.0,12.0,55179.42,0.0,0.0,55179.42,CP2025,50447.28,T3 Accelerator,0.015,50447.28,756.7092,1,0.016666781198460694,5 120-149%
90,202503,20250301,1,1,1,Egypt Enterprise,EG,ENT,57527.6,22797.18,22797.18,0.0,25800.0,3002.82,12117.18,2.0,0.0,13481.699999999999,REP-082,Sara Al-Zahrani,2025,0.39628248006174427,-34730.42,0.11638837209302326,11398.59,-0.0,0.0,0.5913757754248551,0.531521003913642,-0.49788424535881926,68199.42,91159.12,0.7481360065783873,0.7481360065783873,Below Target (<80%),8.0,62.0,26167.605,0.0,0.0,26167.605,CP2025,86291.4,T0 Below Gate,0.0,26167.605,0.0,0,0.0,1 <60%
90,202504,20250401,1,2,1,Egypt Enterprise,EG,ENT,,29699.6,29699.6,0.0,34400.0,4700.4,14559.6,3.0,11131.14,16984.32,REP-082,Sara Al-Zahrani,2025,,,0.1366395348837209,9899.866666666667,-0.0,0.37479090627483197,0.5718703282199087,0.4902288246306348,0.30277516780584257,97899.01999999999,,,1.07393555356831,No Target,,,33945.68,0.0,0.0,33945.68,CP2025,,No Target,0.0,0.0,0.0,0,0.0,No Target
90,202505,20250501,1,3,0,Egypt Enterprise,EG,ENT,88504.0,76436.17,76436.17,0.0,86600.0,10163.83,34971.17,5.0,0.0,30445.739999999998,REP-082,Sara Al-Zahrani,2025,0.8636465018530236,-12067.830000000002,0.11736524249422632,15287.234,-0.0,0.0,0.3983158758477825,0.45752122326380296,1.5736430793680725,174335.19,179663.12,0.9703448876987109,0.8829113013895623,Near Target (80-99%),3.0,45.0,84047.605,0.0,0.0,84047.605,CP2025,132756.0,T1 Approaching,0.005,84047.605,420.238025,0,0.005497894844809728,3 80-99%
90,202506,20250601,1,4,0,Egypt Enterprise,EG,ENT,92044.16,84476.6,84476.6,0.0,96550.0,12073.4,38773.1,7.0,0.0,30895.260000000002,REP-082,Sara Al-Zahrani,2025,0.9177833770225075,-7567.559999999998,0.1250481615743138,12068.085714285715,-0.0,0.0,0.36572565657235256,0.45898035669049175,0.1051914296595448,258811.79,271707.28,0.95253903391915,1.055742523213751,Near Target (80-99%),5.0,40.0,92200.415,0.0,0.0,92200.415,CP2025,138066.24,T1 Approaching,0.005,92200.415,461.002075,0,0.00545715707071544,3 80-99%
90,202507,20250701,1,5,0,Egypt Enterprise,EG,ENT,84078.8,112095.82,112095.82,0.0,129000.0,16904.18,46621.82,10.0,23579.35,57226.26,REP-082,Sara Al-Zahrani,2025,1.3332233571364007,28017.020000000004,0.13104015503875968,11209.582,-0.0,0.2103499488205715,0.5105119887610439,0.4159104237785137,0.3269452132306461,370907.61,355786.08,1.0425017471172564,1.0316733790086996,Exceeding (>=120%),2.0,13.0,126402.385,0.0,0.0,126402.385,CP2025,126118.20000000001,T3 Accelerator,0.015,126118.20000000001,1891.7730000000001,1,0.01687639200105767,5 120-149%
90,202508,20250801,1,6,0,Egypt Enterprise,EG,ENT,81423.68,76020.36,76020.36,0.0,85800.0,9779.64,37860.36,5.0,12458.4,43949.88,REP-082,Sara Al-Zahrani,2025,0.9336394523067492,-5403.319999999992,0.11398181818181817,15204.072,-0.0,0.16388241255368957,0.5781330159446758,0.49802921217421225,-0.321826986947417,446927.97000000003,437209.76,1.0222277974764333,1.0584210300705146,Near Target (80-99%),4.0,22.0,87007.83,0.0,0.0,87007.83,CP2025,122135.51999999999,T1 Approaching,0.005,87007.83,435.03915,0,0.0057226662699308446,3 80-99%
90,202509,20250901,1,7,0,Egypt Enterprise,EG,ENT,88504.0,74803.72,74803.72,0.0,86500.0,11696.279999999999,34713.72,7.0,46275.78,21755.52,REP-082,Sara Al-Zahrani,2025,0.8452015728102685,-13700.279999999999,0.13521710982658958,10686.245714285715,-0.0,0.6186293943670181,0.29083473388756603,0.46406408665237503,-0.01600413362946452,521731.69,525713.76,0.9924254027514897,1.0350913094815535,Near Target (80-99%),7.0,44.0,80242.6,0.0,0.0,80242.6,CP2025,132756.0,T0 Below Gate,0.0,80242.6,0.0,0,0.0,3 80-99%
90,202510,20251001,1,8,0,Egypt Enterprise,EG,ENT,92044.16,139687.02,141785.1,-2098.08,162000.0,20214.9,64627.020000000004,10.0,39216.66,53493.78,REP-082,Sara Al-Zahrani,2025,1.5176087217266145,47642.859999999986,0.12478333333333334,14178.51,0.014797605672246236,0.27659225123091213,0.37728774039021024,0.4626558716765524,0.8673806596784223,661418.71,617757.92,1.0706762124555196,1.1089401822730258,Exceeding (>=120%),2.0,7.0,155158.545,0.0,-2098.08,155158.545,CP2025,138066.24,T3 Accelerator,0.015,138066.24,2070.9936,1,0.014825955912009577,6 150%+
90,202511,20251101,1,9,0,Egypt Enterprise,EG,ENT,95584.32,95859.0,95859.0,0.0,110000.0,14141.0,47179.0,6.0,40793.22,12199.98,REP-082,Sara Al-Zahrani,2025,1.0028736930910844,274.679999999993,0.12855454545454545,15976.5,-0.0,0.42555440803680405,0.12727005289018245,0.49217079251817775,-0.3137587157346473,757277.71,713342.24,1.0615910113496152,1.1239160999821534,On Target (100-119%),5.0,35.0,98908.995,0.0,0.0,98908.995,CP2025,143376.48,T2 On Target,0.01,98908.995,989.0899499999999,0,0.010318175132225455,4 100-119%
90,202512,20251201,1,10,0,Egypt Enterprise,EG,ENT,100894.56,138194.52,138194.52,0.0,156900.0,18705.48,69044.52,8.0,7238.88,81165.9,REP-082,Sara Al-Zahrani,2025,1.3696924789602134,37299.95999999999,0.119219120458891,17274.315,-0.0,0.052381816587227924,0.5873308145648611,0.4996183640277488,0.4416436641316933,895472.23,814236.8,1.0997688019013632,1.2953576948308874,Exceeding (>=120%),1.0,21.0,158485.995,0.0,0.0,158485.995,CP2025,151341.84,T3 Accelerator,0.015,151341.84,2270.1276,1,0.01642704500873117,5 120-149%
91,202503,20250301,6,0,1,UAE Enterprise,AE,ENT,56929.6,0.0,0.0,0.0,0.0,0.0,0.0,0.0,0.0,0.0,REP-083,Fahad Al-Harbi,2025,0.0,-56929.6,,,,,,,,0.0,56929.6,0.0,0.0,Below Target (<80%),9.0,72.0,0.0,0.0,0.0,0.0,CP2025,85394.4,T0 Below Gate,0.0,0.0,0.0,0,,1 <60%
91,202504,20250401,6,1,1,UAE Enterprise,AE,ENT,92510.6,31219.320000000003,31219.320000000003,0.0,32600.0,1380.68,15059.32,1.0,0.0,5617.2,REP-083,Fahad Al-Harbi,2025,0.3374674902119325,-61291.28,0.0423521472392638,31219.320000000003,-0.0,0.0,0.17992704517587185,0.4823718133514759,,31219.320000000003,149440.2,0.2089084463216725,0.2089084463216725,Below Target (<80%),7.0,61.0,32623.620000000003,0.0,0.0,32623.620000000003,CP2025,138765.90000000002,T0 Below Gate,0.0,32623.620000000003,0.0,0,0.0,1 <60%
91,202505,20250501,6,2,1,UAE Enterprise,AE,ENT,120975.4,112789.11,112789.11,0.0,118500.0,5710.889999999999,51259.11,6.0,30638.22,30324.0,REP-083,Fahad Al-Harbi,2025,0.9323309532351206,-8186.289999999994,0.04819316455696202,18798.185,-0.0,0.27164165051040834,0.26885574325393646,0.4544686096024696,2.6127984209777786,144008.43,270415.6,0.5325448309934782,0.5325448309934782,Near Target (80-99%),4.0,41.0,120370.11,0.0,0.0,120370.11,CP2025,181463.09999999998,T1 Approaching,0.005,120370.11,601.85055,0,0.005336069679067421,3 80-99%
91,202506,20250601,6,3,0,UAE Enterprise,AE,ENT,148016.96,165820.71,184799.61,-18978.9,192450.0,7650.39,82263.20999999999,8.0,0.0,45573.299999999996,REP-083,Fahad Al-Harbi,2025,1.120281824461197,17803.75,0.03975261106780982,23099.95125,0.10269989206146053,0.0,0.24660928667544266,0.4960973210161746,0.4701836906063005,309829.14,418432.56,0.7404517946691338,0.8570583765067927,On Target (100-119%),3.0,27.0,196192.935,-20164.5,0.0,176028.435,CP2025,222025.44,T2 On Target,0.01,176028.435,1760.28435,0,0.010615588064964866,4 100-119%
91,202507,20250701,6,4,0,UAE Enterprise,AE,ENT,135207.8,138732.2,138732.2,0.0,146750.0,8017.8,73934.7,7.0,80398.31999999999,107636.28,REP-083,Fahad Al-Harbi,2025,1.0260665434982303,3524.4000000000233,0.054635775127768314,19818.885714285716,-0.0,0.5795216971979107,0.7758565062761204,0.5329310715176433,-0.1633602340745012,448561.34,553640.36,0.810203468547705,1.0325132478918366,On Target (100-119%),4.0,27.0,165641.27,0.0,0.0,165641.27,CP2025,202811.69999999998,T2 On Target,0.01,165641.27,1656.4126999999999,0,0.011939641265690299,4 100-119%
91,202508,20250801,6,5,0,UAE Enterprise,AE,ENT,130938.08,129013.0,129013.0,0.0,137800.0,8787.0,62418.0,6.0,62174.14,57743.880000000005,REP-083,Fahad Al-Harbi,2025,0.9852977835019423,-1925.0800000000017,0.06376632801161103,21502.166666666668,-0.0,0.481921511785634,0.4475818715943355,0.483811708897553,-0.07005727581628497,577574.3400000001,684578.44,0.8436934414703451,1.04684889160988,Near Target (80-99%),5.0,17.0,143448.97,0.0,0.0,143448.97,CP2025,196407.12,T1 Approaching,0.005,143448.97,717.24485,0,0.00555947733949292,3 80-99%
91,202509,20250901,7,6,0,UAE Channel,AE,CHN,83478.5,3583.02,29074.32,-25491.3,34100.0,5025.68,1965.0200000000007,3.0,16359.919999999998,10071.6,REP-083,Fahad Al-Harbi,2025,0.042921470797870113,-79895.48,0.14738064516129032,9691.44,0.8767634118355992,0.5626931257549617,0.3464087896122764,0.5484256297759992,-0.9722274499469046,581157.36,768056.94,0.756659213313013,0.7760563493884495,Below Target (<80%),10.0,76.0,31592.22,0.0,-25491.3,31592.22,CP2025,125217.75,T0 Below Gate,0.0,31592.22,0.0,0,0.0,1 <60%
91,202510,20251001,7,7,0,UAE Channel,AE,CHN,86817.64,84938.22,84938.22,0.0,98400.0,13461.78,40378.22,7.0,0.0,39830.82,REP-083,Fahad Al-Harbi,2025,0.9783520952654322,-1879.4199999999983,0.13680670731707317,12134.031428571428,-0.0,0.0,0.46893871804707,0.4753834021951484,22.705762178274192,666095.5800000001,854874.58,0.7791734548944012,0.7221431881145509,Near Target (80-99%),6.0,31.0,94895.925,0.0,0.0,94895.925,CP2025,130226.45999999999,T1 Approaching,0.005,94895.925,474.479625,0,0.005586173397558837,3 80-99%
91,202511,20251101,7,8,0,UAE Channel,AE,CHN,90156.78,42436.62,42436.62,0.0,49200.0,6763.38,10068.62,5.0,5757.84,5152.5,REP-083,Fahad Al-Harbi,2025,0.4706980440073393,-47720.159999999996,0.1374670731707317,8487.324,-0.0,0.13568092840570242,0.12141636162352232,0.23726253410379997,-0.5003825133137944,708532.2000000001,945031.36,0.7497446433946913,0.5028081850646943,Below Target (<80%),7.0,67.0,43724.745,0.0,0.0,43724.745,CP2025,135235.16999999998,T0 Below Gate,0.0,43724.745,0.0,0,0.0,1 <60%
91,202512,20251201,7,9,0,UAE Channel,AE,CHN,95165.49,64419.12,64419.12,0.0,74250.0,9830.880000000001,34621.62,7.0,28820.91,33289.74,REP-083,Fahad Al-Harbi,2025,0.6769168109153854,-30746.370000000003,0.13240242424242427,9202.73142857143,-0.0,0.4473968287676081,0.5167680030400912,0.5374432311400715,0.5180077960968615,772951.3200000001,1040196.85,0.7430817734162529,0.7047623408121214,Below Target (<80%),6.0,60.0,72741.555,0.0,0.0,72741.555,CP2025,142748.23500000002,T0 Below Gate,0.0,72741.555,0.0,0,0.0,2 60-79%
92,202503,20250301,8,0,1,Oman SME,OM,SME,19872.0,10760.81,10760.81,0.0,12000.0,1239.19,5960.81,3.0,0.0,2683.2,REP-084,Walid Rizk,2025,0.5415061392914654,-9111.19,0.10326583333333333,3586.9366666666665,-0.0,0.0,0.24934925902418126,0.5539369248225738,,10760.81,19872.0,0.5415061392914654,0.5415061392914654,Below Target (<80%),6.0,50.0,11431.61,0.0,0.0,11431.61,CP2025,29808.0,T0 Below Gate,0.0,11431.61,0.0,0,0.0,1 <60%
92,202504,20250401,8,1,1,Oman SME,OM,SME,32292.0,25765.35,25765.35,0.0,28400.0,2634.65,12729.35,7.0,5805.59,7166.8099999999995,REP-084,Walid Rizk,2025,0.7978864734299517,-6526.6500000000015,0.0927693661971831,3680.7642857142855,-0.0,0.2253254855843216,0.27815690452487546,0.49404917845090407,1.394369011254729,36526.159999999996,52164.0,0.7002177747105283,0.7002177747105283,Below Target (<80%),3.0,38.0,27557.052499999998,0.0,0.0,27557.052499999998,CP2025,48438.0,T0 Below Gate,0.0,27557.052499999998,0.0,0,0.0,2 60-79%
92,202505,20250501,8,2,1,Oman SME,OM,SME,42228.0,53255.53,53255.53,0.0,58599.82,5344.29,20076.53,12.0,12848.369999999999,14254.93,REP-084,Walid Rizk,2025,1.2611426068011746,11027.529999999999,0.09119976819041424,4437.9608333333335,-0.0,0.24125888898298448,0.2676704184523185,0.37698488776658495,1.066943783026429,89781.69,94392.0,0.9511578311721333,0.9511578311721333,Exceeding (>=120%),4.0,22.0,56819.2625,0.0,0.0,56819.2625,CP2025,63342.0,T3 Accelerator,0.015,56819.2625,852.2889375,0,0.016003764069196194,5 120-149%
92,202506,20250601,8,3,0,Oman SME,OM,SME,51667.2,84787.7,84787.7,0.0,93849.81,9062.11,38871.2,22.0,15245.17,12300.279999999999,REP-084,Walid Rizk,2025,1.641035318345101,33120.5,0.0965597053419714,3853.9863636363634,-0.0,0.17980402817861554,0.14507151391062617,0.4584532898050071,0.5920919386212098,174569.38999999998,146059.2,1.1951961259544073,1.2981394309406975,Exceeding (>=120%),1.0,6.0,87862.77,0.0,0.0,87862.77,CP2025,77500.79999999999,T3 Accelerator,0.015,77500.79999999999,1162.5119999999997,1,0.013710856645480414,6 150%+
92,202507,20250701,8,4,0,Oman SME,OM,SME,47196.0,56501.130000000005,59550.21,-3049.08,65999.78,6449.57,27241.13,15.0,8972.490000000002,20110.79,REP-084,Walid Rizk,2025,1.1971592931604373,9305.130000000005,0.09772108331270195,3970.014,0.0512018345527245,0.15067100519040993,0.3377114874993724,0.4821342511202873,-0.33361643257217727,231070.52,193255.2,1.1956755626756743,1.3788553786487037,On Target (100-119%),5.0,22.0,64577.9075,-3049.08,0.0,61528.8275,CP2025,70794.0,T2 On Target,0.01,61528.8275,615.288275,0,0.010889840167798414,4 100-119%
92,202508,20250801,8,5,0,Oman SME,OM,SME,45705.6,34503.17,34503.17,0.0,37649.89,3146.7200000000003,13957.67,9.0,12256.36,5567.700000000001,REP-084,Walid Rizk,2025,0.7549002748022124,-11202.43,0.0835784646382765,3833.6855555555553,-0.0,0.35522417215577584,0.16136778156905585,0.4045329747962289,-0.3893366380460002,265573.69,238960.8,1.111369270608401,1.215974677800466,Below Target (<80%),4.0,38.0,35895.095,0.0,0.0,35895.095,CP2025,68558.4,T0 Below Gate,0.0,35895.095,0.0,0,0.0,2 60-79%
92,202509,20250901,8,6,0,Oman SME,OM,SME,49680.0,76180.9,76180.9,0.0,84199.67,8018.77,31603.9,19.0,1977.48,16760.89,REP-084,Walid Rizk,2025,1.5334319645732688,26500.899999999994,0.09523517134924639,4009.5210526315786,-0.0,0.025957687556854805,0.22001433430164255,0.41485332937783626,1.2079391545762317,341754.58999999997,288640.8,1.1840134520137138,1.1725580299281253,Exceeding (>=120%),2.0,10.0,80371.1225,0.0,0.0,80371.1225,CP2025,74520.0,T3 Accelerator,0.015,74520.0,1117.8,1,0.014672969208817433,6 150%+
92,202510,20251001,8,7,0,Oman SME,OM,SME,51667.2,60893.03,60893.03,0.0,66799.8,5906.7699999999995,27005.03,15.0,13054.289999999999,12681.02,REP-084,Walid Rizk,2025,1.178562608385978,9225.830000000002,0.0884249653442076,4059.5353333333333,-0.0,0.21438069348823666,0.20825076367525153,0.4434831047165825,-0.20067851653104646,402647.62,340308.0,1.1831858786746123,1.1667720709840275,On Target (100-119%),1.0,17.0,64063.284999999996,0.0,0.0,64063.284999999996,CP2025,77500.79999999999,T2 On Target,0.01,64063.284999999996,640.63285,0,0.010520626909188127,4 100-119%
92,202511,20251101,8,8,0,Oman SME,OM,SME,53654.4,83437.62,83437.62,0.0,92049.52,8611.9,31838.12,17.0,2151.83,22918.199999999997,REP-084,Walid Rizk,2025,1.5550937108606189,29783.219999999994,0.09355725048865002,4908.0952941176465,-0.0,0.02578968575565794,0.27467466114206035,0.3815799156303835,0.37023268508727514,486085.24,393962.4,1.2338366300946486,1.4226404759692806,Exceeding (>=120%),3.0,10.0,89167.17,0.0,0.0,89167.17,CP2025,80481.6,T3 Accelerator,0.015,80481.6,1207.224,1,0.014468581438444672,6 150%+
92,202512,20251201,8,9,0,Oman SME,OM,SME,56635.2,88877.04,88877.04,0.0,98449.96,9572.92,36854.54,22.0,21559.63,10895.43,REP-084,Walid Rizk,2025,1.5692897703195186,32241.839999999997,0.09723640314328212,4039.865454545454,-0.0,0.24257817317048366,0.12258992873750071,0.41466885035775275,0.06519145680329806,574962.28,450597.6,1.2759994283147538,1.4399376253420664,Exceeding (>=120%),3.0,13.0,91600.8975,0.0,0.0,91600.8975,CP2025,84952.79999999999,T3 Accelerator,0.015,84952.79999999999,1274.2919999999997,1,0.014337696214905445,6 150%+
93,202504,20250401,4,0,1,KSA Enterprise,SA,ENT,53580.8,12786.119999999999,12786.119999999999,0.0,14400.0,1613.88,7026.12,1.0,0.0,0.0,REP-085,Walid Al-Harbi,2025,0.23863249522216912,-40794.68000000001,0.11207500000000001,12786.119999999999,-0.0,0.0,0.0,0.5495115015344765,,12786.119999999999,53580.8,0.23863249522216912,0.23863249522216912,Below Target (<80%),11.0,67.0,12786.119999999999,0.0,0.0,12786.119999999999,CP2025,80371.20000000001,T0 Below Gate,0.0,12786.119999999999,0.0,0,0.0,1 <60%
93,202505,20250501,4,1,1,KSA Enterprise,SA,ENT,87068.8,151737.19,151737.19,0.0,169100.0,17362.81,78152.19,5.0,37732.74,93148.5,REP-085,Walid Al-Harbi,2025,1.7427274752839135,64668.39,0.10267776463630988,30347.438000000002,-0.0,0.24867166711074587,0.6138804863857041,0.5150496723973865,10.867336611888518,164523.31,140649.6,1.1697389114508678,1.1697389114508678,Exceeding (>=120%),2.0,5.0,175024.315,0.0,0.0,175024.315,CP2025,130603.20000000001,T3 Accelerator,0.015,130603.20000000001,1959.048,1,0.012910796621447913,6 150%+
93,202506,20250601,4,2,1,KSA Enterprise,SA,ENT,118413.57,247632.57,247632.57,0.0,275550.0,27917.43,111395.07,10.0,0.0,87354.36,REP-085,Walid Al-Harbi,2025,2.09125161921898,129219.0,0.10131529667936853,24763.257,-0.0,0.0,0.3527579591004527,0.4498401401721914,0.6319833654491691,412155.88,259063.17,1.590947412555787,1.590947412555787,Exceeding (>=120%),1.0,3.0,269471.16,0.0,0.0,269471.16,CP2025,177620.355,T3 Accelerator,0.015,177620.355,2664.3053250000003,1,0.010759107031033924,6 150%+
93,202507,20250701,4,3,0,KSA Enterprise,SA,ENT,127254.4,193079.03,193079.03,0.0,217100.0,24020.97,90624.03,6.0,92397.96,39644.04,REP-085,Walid Al-Harbi,2025,1.5172680080217267,65824.63,0.11064472593274989,32179.838333333333,-0.0,0.47854994920991684,0.20532545662778603,0.4693623642091013,-0.2203003425599468,605234.91,386317.57,1.566677151132422,1.7805329720547567,Exceeding (>=120%),2.0,7.0,202990.04,0.0,0.0,202990.04,CP2025,190881.59999999998,T3 Accelerator,0.015,190881.59999999998,2863.2239999999997,1,0.014829285189593089,6 150%+
93,202508,20250801,4,4,0,KSA Enterprise,SA,ENT,123235.84,108883.55,126514.43,-17630.879999999997,144400.0,17885.57,60538.55,5.0,0.0,76724.88,REP-085,Walid Al-Harbi,2025,0.8835380194592742,-14352.289999999994,0.12386128808864266,25302.886,0.13935864865375436,0.0,0.6064516118833244,0.5559935362136889,-0.43606744865043084,714118.46,509553.41000000003,1.4014594858662606,1.4898061096197408,Near Target (80-99%),5.0,25.0,145695.65,-21774.03,0.0,123921.62,CP2025,184853.76,T1 Approaching,0.005,123921.62,619.6081,0,0.0056905574809050586,3 80-99%
93,202509,20250901,4,5,0,KSA Enterprise,SA,ENT,133952.0,46424.76,46424.76,0.0,52800.0,6375.24,25724.76,3.0,0.0,5185.8,REP-085,Walid Al-Harbi,2025,0.346577580028667,-87527.23999999999,0.12074318181818182,15474.92,-0.0,0.0,0.11170332382978393,0.5541172426093317,-0.5736292580467849,760543.22,643505.41,1.1818754095633788,0.9062150402619651,Below Target (<80%),10.0,72.0,47721.21,0.0,0.0,47721.21,CP2025,200928.0,T0 Below Gate,0.0,47721.21,0.0,0,0.0,1 <60%
93,202510,20251001,4,6,0,KSA Enterprise,SA,ENT,139310.08,105283.57,105283.57,0.0,119700.0,14416.43,52993.57,5.0,40278.07,38977.44,REP-085,Walid Al-Harbi,2025,0.7557498351878056,-34026.50999999998,0.12043801169590644,21056.714,-0.0,0.38256747942722685,0.3702138899735258,0.5033413095699547,1.2678322946634513,865826.79,782815.49,1.106041974207741,0.6572339143670666,Below Target (<80%),5.0,46.0,115027.93,0.0,0.0,115027.93,CP2025,208965.12,T0 Below Gate,0.0,115027.93,0.0,0,0.0,2 60-79%
93,202511,20251101,4,7,0,KSA Enterprise,SA,ENT,144668.16,182489.81,182489.81,0.0,204200.0,21710.19,72594.81,9.0,8974.74,69897.72,REP-085,Walid Al-Harbi,2025,1.261437278251137,37821.649999999994,0.10631826640548481,20276.645555555555,-0.0,0.049179403496556875,0.383022591781974,0.3978019923413806,0.7333170788186607,1048316.6,927483.65,1.130280409794825,0.7996505349792349,Exceeding (>=120%),2.0,20.0,199964.24000000002,0.0,0.0,199964.24000000002,CP2025,217002.24,T3 Accelerator,0.015,199964.24000000002,2999.4636,0,0.0164363347191824,5 120-149%
93,202512,20251201,4,8,0,KSA Enterprise,SA,ENT,152705.28,261560.78,261560.78,0.0,295400.0,33839.22,137820.78,15.0,34121.52,120675.59999999999,REP-085,Walid Al-Harbi,2025,1.7128469952054048,108855.5,0.11455389302640488,17437.38533333333,-0.0,0.13045350300606995,0.4613673349651274,0.5269168412787268,0.4332897820431727,1309877.38,1080188.93,1.212637292996513,1.2579686084787447,Exceeding (>=120%),2.0,5.0,291729.68,0.0,0.0,291729.68,CP2025,229057.91999999998,T3 Accelerator,0.015,229057.91999999998,3435.8687999999997,1,0.013136024445255133,6 150%+
94,202504,20250401,7,0,1,UAE Channel,AE,CHN,33391.4,0.0,0.0,0.0,0.0,0.0,0.0,0.0,0.0,0.0,REP-086,Mahmoud Zaki,2025,0.0,-33391.4,,,,,,,,0.0,33391.4,0.0,0.0,Below Target (<80%),8.0,71.0,0.0,0.0,0.0,0.0,CP2025,50087.100000000006,T0 Below Gate,0.0,0.0,0.0,0,,1 <60%
94,202505,20250501,7,1,1,UAE Channel,AE,CHN,54261.03,52472.46,52472.46,0.0,63799.99,11327.53,20606.46,5.0,0.0,11273.16,REP-086,Mahmoud Zaki,2025,0.9670376695761213,-1788.5699999999997,0.17754751999177432,10494.492,-0.0,0.0,0.21483955583557546,0.3927100044480476,,52472.46,87652.43,0.5986423878950077,0.5986423878950077,Near Target (80-99%),6.0,37.0,55290.75,0.0,0.0,55290.75,CP2025,81391.545,T1 Approaching,0.005,55290.75,276.45375,0,0.0052685494447944695,3 80-99%
94,202506,20250601,7,2,1,UAE Channel,AE,CHN,73794.99,48988.020000000004,48988.020000000004,0.0,62249.96,13261.939999999999,19640.52,7.0,2927.69,16593.3,REP-086,Mahmoud Zaki,2025,0.6638393744615997,-24806.97,0.21304334974673075,6998.288571428572,-0.0,0.05976338704850696,0.33872158948248976,0.4009249608373639,-0.06640511994291853,101460.48000000001,161447.42,0.6284428701307212,0.6284428701307212,Below Target (<80%),5.0,61.0,53136.345,0.0,0.0,53136.345,CP2025,110692.48500000002,T0 Below Gate,0.0,53136.345,0.0,0,0.0,2 60-79%
94,202507,20250701,7,3,0,UAE Channel,AE,CHN,79304.57,50095.28,50095.28,0.0,63449.97,13354.69,16067.78,6.0,7596.700000000001,9302.7,REP-086,Mahmoud Zaki,2025,0.6316821338291096,-29209.290000000008,0.2104759072384116,8349.213333333333,-0.0,0.15164502523990286,0.18570012983259104,0.32074438949138523,0.022602668979068652,151555.76,240751.99000000002,0.629509895224542,0.7308802506782991,Below Target (<80%),6.0,51.0,52420.955,0.0,0.0,52420.955,CP2025,118956.85500000001,T0 Below Gate,0.0,52420.955,0.0,0,0.0,2 60-79%
94,202508,20250801,7,4,0,UAE Channel,AE,CHN,76800.22,48065.92,48065.92,0.0,61549.99,13484.07,16463.42,6.0,8761.22,4647.9,REP-086,Mahmoud Zaki,2025,0.6258565405151183,-28734.300000000003,0.21907509651910587,8010.986666666667,-0.0,0.1822750922067028,0.09669845079424257,0.34251752593105467,-0.04051000413611822,199621.68,317552.21,0.6286263288799029,0.6400581157580925,Below Target (<80%),2.0,48.0,49227.895000000004,0.0,0.0,49227.895000000004,CP2025,115200.33,T0 Below Gate,0.0,49227.895000000004,0.0,0,0.0,2 60-79%
94,202509,20250901,7,5,0,UAE Channel,AE,CHN,83478.5,18028.8,25714.08,-7685.28,31949.96,6235.88,2106.2999999999997,3.0,0.0,3851.04,REP-086,Mahmoud Zaki,2025,0.2159693813377097,-65449.7,0.19517645718492294,8571.36,0.2988743909951279,0.0,0.14976386477758488,0.11682973908413205,-0.6249151165732394,217650.48,401030.71,0.5427277127978553,0.48496704423751746,Below Target (<80%),9.0,74.0,26676.84,-8256.33,0.0,18420.510000000002,CP2025,125217.75,T0 Below Gate,0.0,18420.510000000002,0.0,0,0.0,1 <60%
94,202510,20251001,7,6,0,UAE Channel,AE,CHN,86817.64,65555.58,65555.58,0.0,84099.98,18544.399999999998,17409.58,6.0,29343.350000000002,7217.1,REP-086,Mahmoud Zaki,2025,0.7550951626881357,-21262.059999999998,0.2205042141508238,10925.93,-0.0,0.4476102568232941,0.11009131488120462,0.2655697653807655,2.6361588125665603,283206.06,487848.35000000003,0.5805206884475472,0.5327893134484053,Below Target (<80%),7.0,47.0,67359.855,0.0,0.0,67359.855,CP2025,130226.45999999999,T0 Below Gate,0.0,67359.855,0.0,0,0.0,2 60-79%
94,202511,20251101,7,7,0,UAE Channel,AE,CHN,90156.78,36756.6,45517.82,-8761.22,57500.0,11982.18,13554.6,5.0,0.0,16412.100000000002,REP-086,Mahmoud Zaki,2025,0.407696459434332,-53400.18,0.2083857391304348,9103.564,0.19247890166971968,0.0,0.3605642800995303,0.36876642562152107,-0.4393063107671384,319962.66,578005.13,0.5535637027996619,0.4620450406161697,Below Target (<80%),8.0,69.0,49620.845,-8761.22,0.0,40859.625,CP2025,135235.16999999998,T0 Below Gate,0.0,40859.625,0.0,0,0.0,1 <60%
94,202512,20251201,7,8,0,UAE Channel,AE,CHN,95165.49,61278.630000000005,74777.18000000001,-13498.55,94949.94,20172.76,15668.630000000001,8.0,9278.619999999999,13362.66,REP-086,Mahmoud Zaki,2025,0.643916507969433,-33886.86,0.21245679565463652,9347.147500000001,0.18051697055171106,0.12408357736945948,0.17869970490997386,0.2556948482692906,0.6671463084180802,381241.29,673170.62,0.5663367928921199,0.6011275964631574,Below Target (<80%),8.0,65.0,78117.845,-5467.1900000000005,-8031.36,72650.655,CP2025,142748.23500000002,T0 Below Gate,0.0,72650.655,0.0,0,0.0,2 60-79%
95,202505,20250501,3,0,1,Egypt Channel,EG,CHN,20764.4,25987.85,25987.85,0.0,32200.0,6212.15,9185.85,5.0,5238.57,9578.7,REP-087,Adel Haddad,2025,1.251557954961376,5223.449999999997,0.19292391304347825,5197.57,-0.0,0.201577660329731,0.3685837804974248,0.3534671009721851,,25987.85,20764.4,1.251557954961376,1.251557954961376,Exceeding (>=120%),2.0,23.0,28382.525,0.0,0.0,28382.525,CP2025,31146.600000000002,T3 Accelerator,0.015,28382.525,425.73787500000003,0,0.016382189176865344,5 120-149%
95,202506,20250601,3,1,1,Egypt Channel,EG,CHN,35091.84,4512.2,4512.2,0.0,5500.0,987.8,222.2,1.0,4512.2,0.0,REP-087,Adel Haddad,2025,0.12858259925954296,-30579.639999999996,0.17959999999999998,4512.2,-0.0,1.0,0.0,0.0492442710872745,-0.8263727087850669,30500.05,55856.24,0.5460455268739893,0.5460455268739893,Below Target (<80%),7.0,74.0,4512.2,0.0,0.0,4512.2,CP2025,52637.759999999995,T0 Below Gate,0.0,4512.2,0.0,0,0.0,1 <60%
95,202507,20250701,3,2,1,Egypt Channel,EG,CHN,41918.13,18046.03,18046.03,0.0,22750.0,4703.97,8034.53,4.0,2628.12,4644.6,REP-087,Adel Haddad,2025,0.4305065612421165,-23872.1,0.2067679120879121,4511.5075,-0.0,0.1456342475325598,0.2573751678346983,0.4452242404562112,2.999386108771774,48546.08,97774.37,0.4965113045473983,0.4965113045473983,Below Target (<80%),5.0,63.0,19207.18,0.0,0.0,19207.18,CP2025,62877.19499999999,T0 Below Gate,0.0,19207.18,0.0,0,0.0,1 <60%
95,202508,20250801,3,3,0,Egypt Channel,EG,CHN,47758.12,32369.73,32369.73,0.0,39950.0,7580.2699999999995,12701.23,4.0,0.0,11703.36,REP-087,Adel Haddad,2025,0.6777848458021379,-15388.390000000003,0.18974392991239047,8092.4325,-0.0,0.0,0.36155259867783884,0.39237985611866394,0.793731363629563,80915.81,145532.49,0.5559982516618798,0.44024044930077877,Below Target (<80%),3.0,43.0,35295.57,0.0,0.0,35295.57,CP2025,71637.18000000001,T0 Below Gate,0.0,35295.57,0.0,0,0.0,2 60-79%
95,202509,20250901,3,4,0,Egypt Channel,EG,CHN,51911.0,75639.77,75639.77,0.0,94550.0,18910.23,28421.27,13.0,26638.86,18070.260000000002,REP-087,Adel Haddad,2025,1.4571048525360715,23728.770000000004,0.20000243257535694,5818.443846153847,-0.0,0.3521806055200855,0.23889892843407642,0.37574506109682776,1.3367439271195654,156555.58000000002,197443.49,0.7929133546008532,0.8903028344713242,Exceeding (>=120%),1.0,12.0,80157.33499999999,0.0,0.0,80157.33499999999,CP2025,77866.5,T3 Accelerator,0.015,77866.5,1167.9975,1,0.015441579211570843,5 120-149%
95,202510,20251001,3,5,0,Egypt Channel,EG,CHN,53987.44,49281.369999999995,49281.369999999995,0.0,61250.0,11968.630000000001,12400.87,12.0,13328.86,4734.6,REP-087,Adel Haddad,2025,0.9128302805245071,-4706.070000000007,0.19540620408163267,4106.780833333333,-0.0,0.2704644777529521,0.09607281615750538,0.25163403533627415,-0.3484727676987914,205836.95,251430.93,0.8186620078921873,1.0236521629795694,Near Target (80-99%),4.0,37.0,50465.02,0.0,0.0,50465.02,CP2025,80981.16,T1 Approaching,0.005,50465.02,252.3251,0,0.005120091020196882,3 80-99%
95,202511,20251101,3,6,0,Egypt Channel,EG,CHN,56063.88,58235.52,58235.52,0.0,73400.0,15164.48,23187.52,8.0,38738.159999999996,31504.44,REP-087,Adel Haddad,2025,1.0387351000323202,2171.6399999999994,0.20660054495912805,7279.44,-0.0,0.6651981471102172,0.5409832349741189,0.3981679909443584,0.1816944212386953,264072.47,307494.81,0.8587867548073412,1.130859696255277,On Target (100-119%),4.0,34.0,66111.63,0.0,0.0,66111.63,CP2025,84095.81999999999,T2 On Target,0.01,66111.63,661.1163,0,0.011352458087435298,4 100-119%
95,202512,20251201,3,7,0,Egypt Channel,EG,CHN,59178.54,58229.97,58229.97,0.0,73300.0,15070.03,18167.97,12.0,18571.28,7003.799999999999,REP-087,Adel Haddad,2025,0.9839710476128678,-948.5699999999997,0.20559386084583903,4852.4975,-0.0,0.3189299256036024,0.12027826907690317,0.312003767132286,-9.530266064415042e-05,322302.44,366673.35,0.8789906329434632,0.9794185257849886,Near Target (80-99%),4.0,36.0,59980.92,0.0,0.0,59980.92,CP2025,88767.81,T1 Approaching,0.005,59980.92,299.9046,0,0.005150347836346129,3 80-99%
96,202505,20250501,6,0,1,UAE Enterprise,AE,ENT,56929.6,5249.4,5249.4,0.0,6000.0,750.6,3449.4,1.0,0.0,0.0,REP-088,Karim Al-Ketbi,2025,0.09220862257946656,-51680.2,0.12510000000000002,5249.4,-0.0,0.0,0.0,0.6571036689907419,,5249.4,56929.6,0.09220862257946656,0.09220862257946656,Below Target (<80%),10.0,76.0,5249.4,0.0,0.0,5249.4,CP2025,85394.4,T0 Below Gate,0.0,5249.4,0.0,0,0.0,1 <60%
96,202506,20250601,6,1,1,UAE Enterprise,AE,ENT,96211.02,75866.55,75866.55,0.0,89249.95999999999,13383.41,27460.05,6.0,17464.260000000002,37937.28,REP-088,Karim Al-Ketbi,2025,0.7885432458776552,-20344.47,0.14995424087585027,12644.425000000001,-0.0,0.23019710267568516,0.500052790063605,0.36195200651670595,13.452423134072468,81115.95,153140.62,0.529682784358585,0.529682784358585,Below Target (<80%),6.0,54.0,85350.87,0.0,0.0,85350.87,CP2025,144316.53,T0 Below Gate,0.0,85350.87,0.0,0,0.0,2 60-79%
96,202507,20250701,6,2,1,UAE Enterprise,AE,ENT,114926.63,138993.7,138993.7,0.0,165800.0,26806.3,73033.7,5.0,24568.440000000002,65127.72,REP-088,Karim Al-Ketbi,2025,1.2094124747240915,24067.070000000007,0.1616785283474065,27798.74,-0.0,0.17675937830275762,0.46856598536480426,0.525446117342009,0.8320814640971549,220109.65000000002,268067.25,0.8210986235730028,0.8210986235730028,Exceeding (>=120%),3.0,21.0,155275.63,0.0,0.0,155275.63,CP2025,172389.945,T3 Accelerator,0.015,155275.63,2329.13445,0,0.016757122445118015,5 120-149%
96,202508,20250801,6,3,0,UAE Enterprise,AE,ENT,130938.08,92114.69,92114.69,0.0,110300.0,18185.31,31944.690000000002,5.0,22535.92,14565.9,REP-088,Karim Al-Ketbi,2025,0.7034980961993639,-38823.39,0.1648713508612874,18422.938000000002,-0.0,0.2446506632112641,0.1581278729809545,0.3467925691331101,-0.33727435128354744,312224.34,399005.33,0.7825066898229154,0.897388832583943,Below Target (<80%),6.0,41.0,95756.16500000001,0.0,0.0,95756.16500000001,CP2025,196407.12,T0 Below Gate,0.0,95756.16500000001,0.0,0,0.0,2 60-79%
96,202509,20250901,6,4,0,UAE Enterprise,AE,ENT,142324.0,82639.79,82639.79,0.0,97300.0,14660.210000000001,39224.79,5.0,24441.899999999998,7515.9,REP-088,Karim Al-Ketbi,2025,0.5806454990022765,-59684.21000000001,0.15067019527235356,16527.958,-0.0,0.29576430433814027,0.09094771417013524,0.4746477453536608,-0.10285981530198939,394864.13,541329.3300000001,0.7294342059758705,0.808236231290704,Below Target (<80%),8.0,64.0,84518.765,0.0,0.0,84518.765,CP2025,213486.0,T0 Below Gate,0.0,84518.765,0.0,0,0.0,1 <60%
96,202510,20251001,6,5,0,UAE Enterprise,AE,ENT,148016.96,93391.07999999999,93391.07999999999,0.0,111600.0,18208.92,49111.08,2.0,55177.92,59323.2,REP-088,Karim Al-Ketbi,2025,0.6309485075223812,-54625.880000000005,0.16316236559139782,46695.53999999999,-0.0,0.5908264472367168,0.6352126991143052,0.5258647828036683,0.13009822508019436,488255.21,689346.29,0.708287281853653,0.6365034443678944,Below Target (<80%),8.0,58.0,108221.87999999999,0.0,0.0,108221.87999999999,CP2025,222025.44,T0 Below Gate,0.0,108221.87999999999,0.0,0,0.0,2 60-79%
96,202511,20251101,6,6,0,UAE Enterprise,AE,ENT,153709.92,64065.24,64065.24,0.0,75600.0,11534.76,31125.239999999998,1.0,0.0,5011.8,REP-088,Karim Al-Ketbi,2025,0.4167931386601463,-89644.68000000002,0.15257619047619048,64065.24,-0.0,0.0,0.07822962967125387,0.4858366252900949,-0.31401114538990227,552320.45,843056.21,0.6551407171296443,0.5406950437751639,Below Target (<80%),10.0,68.0,65318.19,0.0,0.0,65318.19,CP2025,230564.88,T0 Below Gate,0.0,65318.19,0.0,0,0.0,1 <60%
96,202512,20251201,6,7,0,UAE Enterprise,AE,ENT,162249.36,52930.87,52930.87,0.0,64349.979999999996,11419.11,24708.37,4.0,27446.23,32529.9,REP-088,Karim Al-Ketbi,2025,0.32623161040511967,-109318.48999999999,0.1774532020056572,13232.7175,-0.0,0.5185297351054309,0.6145733104330233,0.4668045320245066,-0.17379736655946337,605251.3200000001,1005305.5700000001,0.6020570641024102,0.4534438875576905,Below Target (<80%),11.0,74.0,61063.345,0.0,0.0,61063.345,CP2025,243374.03999999998,T0 Below Gate,0.0,61063.345,0.0,0,0.0,1 <60%
97,202505,20250501,7,0,1,UAE Channel,AE,CHN,33391.4,31513.66,31513.66,0.0,38800.0,7286.34,8941.66,4.0,0.0,4971.0,REP-089,Nasser Fathy,2025,0.9437657600459998,-1877.7400000000016,0.1877922680412371,7878.415,-0.0,0.0,0.15774111924797057,0.28373917850227487,,31513.66,33391.4,0.9437657600459998,0.9437657600459998,Near Target (80-99%),7.0,39.0,32756.41,0.0,0.0,32756.41,CP2025,50087.100000000006,T1 Approaching,0.005,32756.41,163.78205,0,0.005197176399059963,3 80-99%
97,202506,20250601,7,1,1,UAE Channel,AE,CHN,56431.47,2512.46,7105.7,-4593.24,9350.0,2244.2999999999997,-2031.0399999999997,1.0,0.0,0.0,REP-089,Nasser Fathy,2025,0.044522320612948765,-53919.01,0.2400320855614973,7105.7,0.6464162573708431,0.0,0.0,-0.808386999196007,-0.9202739383492746,34026.12,89822.87,0.3788135471511877,0.3788135471511877,Below Target (<80%),8.0,75.0,7105.7,-4593.24,0.0,2512.46,CP2025,84647.205,T0 Below Gate,0.0,2512.46,0.0,0,0.0,1 <60%
97,202507,20250701,7,2,1,UAE Channel,AE,CHN,67408.89,14442.1,14442.1,0.0,19400.0,4957.9,3860.1,2.0,6147.0,0.0,REP-089,Nasser Fathy,2025,0.21424622182623093,-52966.79,0.2555618556701031,7221.05,-0.0,0.42563062158550347,0.0,0.26728107408202406,4.748191015976373,48468.22,157231.76,0.30825973073124663,0.30825973073124663,Below Target (<80%),9.0,74.0,14442.1,0.0,0.0,14442.1,CP2025,101113.33499999999,T0 Below Gate,0.0,14442.1,0.0,0,0.0,1 <60%
97,202508,20250801,7,3,0,UAE Channel,AE,CHN,76800.22,43677.94,43677.94,0.0,57049.96,13372.02,14410.439999999999,5.0,9155.35,15193.68,REP-089,Nasser Fathy,2025,0.5687215479330658,-33122.28,0.2343914000991412,8735.588,-0.0,0.2096103891346524,0.34785706468757455,0.3299249003043641,2.0243482596021356,92146.16,234031.98,0.39373319834323495,0.3021946009127366,Below Target (<80%),5.0,54.0,47476.36,0.0,0.0,47476.36,CP2025,115200.33,T0 Below Gate,0.0,47476.36,0.0,0,0.0,1 <60%
97,202509,20250901,7,4,0,UAE Channel,AE,CHN,83478.5,59475.1,59475.1,0.0,76749.94,17274.84,19139.6,6.0,5213.610000000001,4546.8,REP-089,Nasser Fathy,2025,0.7124600945153542,-24003.4,0.22507952449213642,9912.516666666666,-0.0,0.08766038224399791,0.07644879958167368,0.32180862243190844,0.3616736503598841,151621.26,317510.48,0.477531513290522,0.5164757976949207,Below Target (<80%),7.0,57.0,60611.8,0.0,0.0,60611.8,CP2025,125217.75,T0 Below Gate,0.0,60611.8,0.0,0,0.0,2 60-79%
97,202510,20251001,7,5,0,UAE Channel,AE,CHN,86817.64,118683.79,127839.14,-9155.35,169099.96,41260.82,37430.29,11.0,52412.24,6887.4,REP-089,Nasser Fathy,2025,1.367046950366308,31866.149999999994,0.24400254145536168,11621.74,0.07161617326274254,0.40998586191990966,0.05387551887473586,0.31537828375720056,0.9955206464554073,270305.05,404328.12,0.6685289412964895,0.8977745766874106,Exceeding (>=120%),1.0,11.0,129560.98999999999,-10915.51,0.0,118645.48,CP2025,130226.45999999999,T3 Accelerator,0.015,118645.48,1779.6822,0,0.014995158142489383,5 120-149%
97,202511,20251101,7,6,0,UAE Channel,AE,CHN,90156.78,178526.24,178526.24,0.0,233299.91999999998,54773.68,51243.240000000005,19.0,54918.130000000005,50705.34,REP-089,Nasser Fathy,2025,1.9801754233014977,88369.45999999999,0.23477796306145327,9396.11789473684,-0.0,0.3076193729280357,0.2840217774149055,0.28703477987325565,0.5042175515291515,448831.29,494484.9,0.9076744102802734,1.3694802500198502,Exceeding (>=120%),1.0,4.0,191202.575,0.0,0.0,191202.575,CP2025,135235.16999999998,T3 Accelerator,0.015,135235.16999999998,2028.5275499999998,1,0.011362629661611648,6 150%+
97,202512,20251201,7,7,0,UAE Channel,AE,CHN,95165.49,91579.1,91579.1,0.0,119700.0,28120.9,42809.1,8.0,42970.44,36858.0,REP-089,Nasser Fathy,2025,0.9623141750228996,-3586.3899999999994,0.2349281537176274,11447.3875,-0.0,0.469216666248085,0.40247174300686506,0.46745491056365474,-0.4870272291625029,540410.39,589650.39,0.9164928899648485,1.4286369463413138,Near Target (80-99%),3.0,37.0,100793.6,0.0,0.0,100793.6,CP2025,142748.23500000002,T1 Approaching,0.005,100793.6,503.968,0,0.0055030896787585815,3 80-99%
98,202505,20250501,8,0,1,Oman SME,OM,SME,19872.0,8066.58,8066.58,0.0,8600.0,533.4200000000001,4146.58,2.0,3344.76,0.0,REP-090,Shahd Zaki,2025,0.4059269323671498,-11805.42,0.06202558139534885,4033.29,-0.0,0.4146441242757154,0.0,0.5140443657659132,,8066.58,19872.0,0.4059269323671498,0.4059269323671498,Below Target (<80%),8.0,70.0,8066.58,0.0,0.0,8066.58,CP2025,29808.0,T0 Below Gate,0.0,8066.58,0.0,0,0.0,1 <60%
98,202506,20250601,8,1,1,Oman SME,OM,SME,33583.68,36517.6,36517.6,0.0,38400.0,1882.4,16941.6,8.0,13280.91,11919.79,REP-090,Shahd Zaki,2025,1.087361480338069,2933.9199999999983,0.04902083333333333,4564.7,-0.0,0.3636851819396675,0.3264121957631389,0.46392972155891954,3.5270238440578283,44584.18,53455.68,0.8340400870403295,0.8340400870403295,On Target (100-119%),4.0,31.0,39497.5475,0.0,0.0,39497.5475,CP2025,50375.520000000004,T2 On Target,0.01,39497.5475,394.975475,0,0.010816030489407848,4 100-119%
98,202507,20250701,8,2,1,Oman SME,OM,SME,40116.6,51685.05,51685.05,0.0,53649.99,1964.94,26411.55,10.0,18014.82,15107.39,REP-090,Shahd Zaki,2025,1.2883706495565428,11568.450000000004,0.03662516992081453,5168.505,-0.0,0.3485499191739197,0.2922970955817978,0.5110094698563704,0.4153462987710037,96269.23000000001,93572.28,1.0288221041530676,1.0288221041530676,Exceeding (>=120%),4.0,16.0,55461.8975,0.0,0.0,55461.8975,CP2025,60174.899999999994,T3 Accelerator,0.015,55461.8975,831.9284624999999,0,0.01609611410843174,5 120-149%
98,202508,20250801,8,3,0,Oman SME,OM,SME,45705.6,15434.800000000001,15434.800000000001,0.0,16049.91,615.11,6802.3,4.0,3646.53,2939.09,REP-090,Shahd Zaki,2025,0.337700413078485,-30270.799999999996,0.03832482549746385,3858.7000000000003,-0.0,0.2362537901365745,0.19041970093554825,0.44071189778941094,-0.7013681906083093,111704.03,139277.88,0.8020227619777096,0.8679426004816513,Below Target (<80%),8.0,66.0,16169.5725,0.0,0.0,16169.5725,CP2025,68558.4,T0 Below Gate,0.0,16169.5725,0.0,0,0.0,1 <60%
98,202509,20250901,8,4,0,Oman SME,OM,SME,49680.0,40636.57,40636.57,0.0,41899.979999999996,1263.41,18689.57,12.0,3152.48,2831.7,REP-090,Shahd Zaki,2025,0.817966384863124,-9043.43,0.03015299768639508,3386.380833333333,-0.0,0.07757741364490163,0.06968353874355045,0.4599199686390854,1.6327888926322334,152340.6,188957.88,0.806214591315271,0.7952374204994458,Near Target (80-99%),8.0,49.0,41344.495,0.0,0.0,41344.495,CP2025,74520.0,T0 Below Gate,0.0,41344.495,0.0,0,0.0,3 80-99%
98,202510,20251001,8,5,0,Oman SME,OM,SME,51667.2,35101.39,35101.39,0.0,36449.99,1348.6,16167.89,9.0,6929.29,4625.28,REP-090,Shahd Zaki,2025,0.6793747290350551,-16565.809999999998,0.0369986384084056,3900.1544444444444,-0.0,0.19740785193976648,0.13176914076622037,0.4606054062246538,-0.13621179149716622,187441.99,240625.08,0.7789794397159265,0.620000163206685,Below Target (<80%),6.0,53.0,36257.71,0.0,0.0,36257.71,CP2025,77500.79999999999,T0 Below Gate,0.0,36257.71,0.0,0,0.0,2 60-79%
98,202511,20251101,8,6,0,Oman SME,OM,SME,53654.4,45582.37,45582.37,0.0,47899.92,2317.55,22269.37,11.0,7750.950000000001,14771.46,REP-090,Shahd Zaki,2025,0.8495551157034652,-8072.029999999999,0.04838317057732038,4143.851818181818,-0.0,0.1700427160764129,0.32406081561796807,0.4885522626401391,0.29859159423601184,233024.36000000002,294279.48,0.791847124373062,0.7827037269292705,Near Target (80-99%),8.0,49.0,49275.235,0.0,0.0,49275.235,CP2025,80481.6,T0 Below Gate,0.0,49275.235,0.0,0,0.0,3 80-99%
98,202512,20251201,8,7,0,Oman SME,OM,SME,56635.2,40931.72,44084.2,-3152.48,45949.99,1865.79,21322.22,11.0,11276.949999999999,8601.3,REP-090,Shahd Zaki,2025,0.7227257959714101,-15703.479999999996,0.0406047966495749,4007.6545454545453,0.07151042777230845,0.2558048008129897,0.19511071994047754,0.5209216715056196,-0.10202738471036063,273956.08,350914.68,0.7806914204900177,0.7509130829949716,Below Target (<80%),7.0,57.0,46234.525,-3152.48,0.0,43082.045,CP2025,84952.79999999999,T0 Below Gate,0.0,43082.045,0.0,0,0.0,2 60-79%
99,202507,20250701,6,0,1,UAE Enterprise,AE,ENT,54083.12,33429.12,33429.12,0.0,37200.0,3770.88,18729.120000000003,2.0,22485.36,14064.720000000001,REP-091,Huda Naguib,2025,0.6181063518524819,-20654.0,0.10136774193548387,16714.56,-0.0,0.67262793636207,0.4207325828499225,0.5602636264430533,,33429.12,54083.12,0.6181063518524819,0.6181063518524819,Below Target (<80%),8.0,54.0,36945.3,0.0,0.0,36945.3,CP2025,81124.68000000001,T0 Below Gate,0.0,36945.3,0.0,0,0.0,2 60-79%
99,202508,20250801,6,1,1,UAE Enterprise,AE,ENT,85109.75,26121.49,26121.49,0.0,28349.989999999998,2228.5,11623.99,2.0,0.0,7316.34,REP-091,Huda Naguib,2025,0.3069153651608658,-58988.259999999995,0.07860672966727679,13060.745,-0.0,0.0,0.28008892295194493,0.4449972034520236,-0.2186007289453028,59550.61,139192.87,0.42782802021396643,0.42782802021396643,Below Target (<80%),9.0,69.0,27950.575,0.0,0.0,27950.575,CP2025,127664.625,T0 Below Gate,0.0,27950.575,0.0,0,0.0,1 <60%
99,202509,20250901,6,2,1,UAE Enterprise,AE,ENT,120975.4,149061.57,149061.57,0.0,164700.0,15638.429999999998,71271.56999999999,5.0,21778.08,67891.68000000001,REP-091,Huda Naguib,2025,1.2321643077848887,28086.170000000013,0.09495100182149362,29812.314000000002,-0.0,0.14610123856873372,0.4554606529369039,0.4781351088681005,4.706472716525742,208612.18,260168.27,0.8018355966313647,0.8018355966313647,Exceeding (>=120%),3.0,20.0,166034.49,0.0,0.0,166034.49,CP2025,181463.09999999998,T3 Accelerator,0.015,166034.49,2490.5173499999996,0,0.016707977448513385,5 120-149%
99,202510,20251001,6,3,0,UAE Enterprise,AE,ENT,148016.96,95679.79000000001,95679.79000000001,0.0,106699.95999999999,11020.17,45844.79,6.0,33534.06,73733.22,REP-091,Huda Naguib,2025,0.6464109923619564,-52337.169999999984,0.10328185690041497,15946.631666666668,-0.0,0.35048216556495365,0.7706248101088014,0.4791481043175366,-0.35811899740489783,304291.97,408185.23,0.7454752098697937,0.7649286529244347,Below Target (<80%),7.0,56.0,114113.095,0.0,0.0,114113.095,CP2025,222025.44,T0 Below Gate,0.0,114113.095,0.0,0,0.0,2 60-79%
99,202511,20251101,6,4,0,UAE Enterprise,AE,ENT,153709.92,46862.09,46862.09,0.0,52300.0,5437.91,21067.09,3.0,18158.18,21089.76,REP-091,Huda Naguib,2025,0.3048735566318686,-106847.83000000002,0.10397533460803059,15620.696666666665,-0.0,0.3874812241622173,0.45003882669338907,0.44955506679279567,-0.5102195562929226,351154.06,561895.15,0.6249458818073087,0.6898553989346826,Below Target (<80%),11.0,74.0,52134.53,0.0,0.0,52134.53,CP2025,230564.88,T0 Below Gate,0.0,52134.53,0.0,0,0.0,1 <60%
99,202512,20251201,6,5,0,UAE Enterprise,AE,ENT,162249.36,98212.51,98212.51,0.0,107849.95999999999,9637.449999999999,45345.009999999995,6.0,13366.74,53927.88,REP-091,Huda Naguib,2025,0.6053183198996902,-64036.84999999999,0.08935979206668226,16368.751666666665,-0.0,0.1361001770548375,0.5490937967067535,0.46170299486287436,1.0957774183780535,449366.57,724144.51,0.620548196933786,0.5188937907682514,Below Target (<80%),9.0,67.0,111694.48,0.0,0.0,111694.48,CP2025,243374.03999999998,T0 Below Gate,0.0,111694.48,0.0,0,0.0,2 60-79%
100,202507,20250701,7,0,1,UAE Channel,AE,CHN,31721.83,11462.68,11462.68,0.0,13949.96,2487.28,1000.18,1.0,0.0,0.0,REP-092,Reem Al-Ketbi,2025,0.36134989690065167,-20259.15,0.17830015283197947,11462.68,-0.0,0.0,0.0,0.08725533644836983,,11462.68,31721.83,0.36134989690065167,0.36134989690065167,Below Target (<80%),8.0,66.0,11462.68,0.0,0.0,11462.68,CP2025,47582.745,T0 Below Gate,0.0,11462.68,0.0,0,0.0,1 <60%
100,202508,20250801,7,1,1,UAE Channel,AE,CHN,49920.14,22177.53,22177.53,0.0,27000.0,4822.47,3736.5299999999997,3.0,0.0,0.0,REP-092,Reem Al-Ketbi,2025,0.44426017234727305,-27742.61,0.17861000000000002,7392.509999999999,-0.0,0.0,0.0,0.16848269396997773,0.9347595850185121,33640.21,81641.97,0.41204554471186816,0.41204554471186816,Below Target (<80%),7.0,63.0,22177.53,0.0,0.0,22177.53,CP2025,74880.20999999999,T0 Below Gate,0.0,22177.53,0.0,0,0.0,1 <60%
100,202509,20250901,7,2,1,UAE Channel,AE,CHN,70956.72,89636.71,89636.71,0.0,109599.97,19963.26,32300.71,8.0,12319.59,19863.0,REP-092,Reem Al-Ketbi,2025,1.2632589274137813,18679.990000000005,0.18214658270435657,11204.58875,-0.0,0.13743911395230815,0.22159447842295862,0.3603513560459771,3.041780577007449,123276.92000000001,152598.69,0.807850447471076,0.807850447471076,Exceeding (>=120%),2.0,18.0,94602.45999999999,0.0,0.0,94602.45999999999,CP2025,106435.08,T3 Accelerator,0.015,94602.45999999999,1419.0368999999998,0,0.01583097929408609,5 120-149%
100,202510,20251001,7,3,0,UAE Channel,AE,CHN,86817.64,44299.15,47206.15,-2907.0,57399.97,10193.82,16572.15,6.0,12885.12,9768.0,REP-092,Reem Al-Ketbi,2025,0.5102551739485202,-42518.49,0.17759277574535318,7867.691666666667,0.06158095926060481,0.27295426549294954,0.20692219128227995,0.3740963427063499,-0.505792325488073,167576.07,239416.33000000002,0.6999358397983964,0.7516491288888247,Below Target (<80%),10.0,65.0,49648.15,-2907.0,0.0,46741.15,CP2025,130226.45999999999,T0 Below Gate,0.0,46741.15,0.0,0,0.0,1 <60%
100,202511,20251101,7,4,0,UAE Channel,AE,CHN,90156.78,140280.49,140280.49,0.0,172250.0,31969.510000000002,48753.99,13.0,21977.77,48249.600000000006,REP-092,Reem Al-Ketbi,2025,1.555961625958691,50123.70999999999,0.18559947750362846,10790.806923076922,-0.0,0.15667018271749694,0.3439508943831035,0.34754647634892066,2.1666632429741877,307856.56,329573.11,0.9341070331860509,1.1060181871466408,Exceeding (>=120%),2.0,9.0,152342.88999999998,0.0,0.0,152342.88999999998,CP2025,135235.16999999998,T3 Accelerator,0.015,135235.16999999998,2028.5275499999998,1,0.01446051086647901,6 150%+
100,202512,20251201,7,5,0,UAE Channel,AE,CHN,95165.49,63718.59,63718.59,0.0,76849.95,13131.36,13392.09,7.0,16853.12,3959.52,REP-092,Reem Al-Ketbi,2025,0.6695556340854231,-31446.90000000001,0.17087011767737,9102.655714285715,-0.0,0.264492983915683,0.06214073475260517,0.21017555473214333,-0.5457772495662084,371575.15,424738.6,0.8748325440635724,0.912391828159273,Below Target (<80%),7.0,62.0,64708.47,0.0,0.0,64708.47,CP2025,142748.23500000002,T0 Below Gate,0.0,64708.47,0.0,0,0.0,2 60-79%
101,202509,20250901,3,0,1,Egypt Channel,EG,CHN,20764.4,18375.75,18375.75,0.0,23150.0,4774.25,5921.25,3.0,0.0,4757.700000000001,REP-093,Hana Youssef,2025,0.8849641694438558,-2388.6500000000015,0.20623110151187904,6125.25,-0.0,0.0,0.2589118811477083,0.322231745643035,,18375.75,20764.4,0.8849641694438558,0.8849641694438558,Near Target (80-99%),3.0,40.0,19565.175,0.0,0.0,19565.175,CP2025,31146.600000000002,T1 Approaching,0.005,19565.175,97.825875,0,0.005323639851434635,3 80-99%
101,202510,20251001,3,1,1,Egypt Channel,EG,CHN,35091.84,29480.34,29480.34,0.0,37700.0,8219.66,9998.34,6.0,15349.74,2325.3,REP-093,Hana Youssef,2025,0.840091029709471,-5611.499999999996,0.21802811671087532,4913.39,-0.0,0.5206771699376601,0.07887629518519801,0.33915280488623945,0.6043067629892658,47856.09,55856.24,0.8567724931001443,0.8567724931001443,Near Target (80-99%),5.0,41.0,30061.665,0.0,0.0,30061.665,CP2025,52637.759999999995,T0 Below Gate,0.0,30061.665,0.0,0,0.0,3 80-99%
101,202511,20251101,3,2,1,Egypt Channel,EG,CHN,47654.3,69499.91,69499.91,0.0,88250.0,18750.09,17813.41,9.0,25172.769999999997,16473.18,REP-093,Hana Youssef,2025,1.4584184428267752,21845.61,0.2124656090651558,7722.212222222222,-0.0,0.3621985985305592,0.23702447960004552,0.25630838946410145,1.3575002866317012,117356.0,103510.54000000001,1.1337589389447682,1.1337589389447682,Exceeding (>=120%),2.0,12.0,73618.205,0.0,0.0,73618.205,CP2025,71481.45000000001,T3 Accelerator,0.015,71481.45000000001,1072.2217500000002,1,0.01542767105741576,5 120-149%
101,202512,20251201,3,3,0,Egypt Channel,EG,CHN,59178.54,75192.29,75192.29,0.0,95400.0,20207.71,19044.29,13.0,10306.630000000001,14859.36,REP-093,Hana Youssef,2025,1.2706006265108938,16013.749999999993,0.21182085953878405,5784.022307692308,-0.0,0.13707030335158035,0.19761813345490611,0.25327450460678885,0.08190485426527876,192548.28999999998,162689.08000000002,1.1835354284380977,1.227218127248904,Exceeding (>=120%),3.0,25.0,78907.13,0.0,0.0,78907.13,CP2025,88767.81,T3 Accelerator,0.015,78907.13,1183.60695,0,0.0157410680004559,5 120-149%
102,202510,20251001,6,0,1,UAE Enterprise,AE,ENT,59206.78,0.0,0.0,0.0,0.0,0.0,0.0,0.0,0.0,0.0,REP-094,Rashid Al-Dosari,2025,0.0,-59206.78,,,,,,,,0.0,59206.78,0.0,0.0,Below Target (<80%),11.0,77.0,0.0,0.0,0.0,0.0,CP2025,88810.17,T0 Below Gate,0.0,0.0,0.0,0,,1 <60%
102,202511,20251101,6,1,1,UAE Enterprise,AE,ENT,99911.45,133687.32,133687.32,0.0,155400.0,21712.68,63287.32,4.0,0.0,18819.72,REP-094,Rashid Al-Dosari,2025,1.3380580504036326,33775.87000000001,0.13972123552123553,33421.83,-0.0,0.0,0.14077415868610427,0.47339807544948914,,133687.32,159118.22999999998,0.8401760125159765,0.8401760125159765,Exceeding (>=120%),1.0,17.0,138392.25,0.0,0.0,138392.25,CP2025,149867.175,T3 Accelerator,0.015,138392.25,2075.88375,0,0.01552790309507289,5 120-149%
102,202512,20251201,6,2,1,UAE Enterprise,AE,ENT,137911.96,124908.36,124908.36,0.0,144000.0,19091.64,63128.36,7.0,0.0,87464.88,REP-094,Rashid Al-Dosari,2025,0.9057108607549339,-13003.599999999991,0.13258083333333334,17844.051428571427,-0.0,0.0,0.7002323943729627,0.5053973969396444,-0.06566785840272664,258595.68,297030.19,0.8706040284995946,0.8706040284995946,Near Target (80-99%),3.0,39.0,146774.58,0.0,0.0,146774.58,CP2025,206867.94,T1 Approaching,0.005,146774.58,733.8729,0,0.005875290492966203,3 80-99%
103,202511,20251101,3,0,1,Egypt Channel,EG,CHN,22425.55,1931.28,1931.28,0.0,2400.0,468.72,611.28,1.0,1931.28,0.0,REP-095,Sultan Adly,2025,0.08611962694337486,-20494.27,0.1953,1931.28,-0.0,1.0,0.0,0.3165154716043246,,1931.28,22425.55,0.08611962694337486,0.08611962694337486,Below Target (<80%),7.0,77.0,1931.28,0.0,0.0,1931.28,CP2025,33638.325,T0 Below Gate,0.0,1931.28,0.0,0,0.0,1 <60%
103,202512,20251201,3,1,1,Egypt Channel,EG,CHN,38466.05,31868.16,31868.16,0.0,39100.0,7231.84,9315.16,6.0,6425.719999999999,7259.1,REP-095,Sultan Adly,2025,0.8284749798848594,-6597.890000000003,0.18495754475703324,5311.36,-0.0,0.20163448407438644,0.227785350644656,0.29230303851869704,15.501056294271157,33799.44,60891.600000000006,0.5550755769268667,0.5550755769268667,Near Target (80-99%),5.0,45.0,33682.935,0.0,0.0,33682.935,CP2025,57699.075000000004,T0 Below Gate,0.0,33682.935,0.0,0,0.0,3 80-99%
104,202512,20251201,5,0,1,KSA SME,SA,SME,31715.71,23621.43,23621.43,0.0,24600.0,978.5699999999999,11441.43,3.0,0.0,2903.7,REP-096,Hussein Hassan,2025,0.7447864165739945,-8094.279999999999,0.039779268292682926,7873.81,-0.0,0.0,0.12292651206976038,0.48436652649733736,,23621.43,31715.71,0.7447864165739945,0.7447864165739945,Below Target (<80%),10.0,55.0,24347.355,0.0,0.0,24347.355,CP2025,47573.565,T0 Below Gate,0.0,24347.355,0.0,0,0.0,2 60-79%
