line_id,document_no,doc_type,original_document_no,document_date,rep_code,customer_code,country,sku,quantity,unit_list_price_local,discount_pct,net_amount_local,currency,exported_at
L0015584,INV-2025-007515,INV,,2025-02-24,REP-016,CUST-00082,Egypt,CN-FIB-100,1.0,117870.48,0.1305,102488.38,EGP,2026-01-05 06:00:00
L0004104,INV-2024-002020,INV,,2024-04-19,REP-053,CUST-00734,UAE,MS-COLO,2.0,35256.0,0.076,65153.09,AED,2026-01-05 06:00:00
L0004628,INV-2024-002269,INV,,2024-05-17,REP-015,CUST-00184,Egypt,DV-AP,5.0,21548.12,0.0671,100511.21,EGP,2026-01-05 06:00:00
L0029424,INV-2025-014292,INV,,2025-12-27,REP-025,CUST-00352,Egypt,MS-HELP,2.0,242177.76,0.1829,395766.9,EGP,2026-01-05 06:00:00
L0005600,INV-2024-002751,INV,,2024-06-11,REP-007,CUST-00048,Egypt,CN-FIB-100,1.0,115480.08,0.106,103239.19,EGP,2026-01-05 06:00:00
L0025554,INV-2025-012374,INV,,2025-09-05,REP-063,CUST-00784,UAE,CN-MPLS,1.0,33052.5,0.2073,26200.72,AED,2026-01-05 06:00:00
L0004066,INV-2024-002002,INV,,2024-04-02,REP-051,CUST-00724,UAE,MS-COLO,3.0,35256.0,0.1527,89617.23,AED,2026-01-05 06:00:00
L0030552,INV-2025-014801,INV,,2025-12-08,REP-067,CUST-00822,Oman,PS-IMPL,1.0,307.6,0.0542,290.93,OMR,2026-01-05 06:00:00
L0019182,INV-2025-009284,INV,,2025-05-19,REP-011,CUST-00273,Egypt,CL-PROD,5.0,74895.75,0.0172,368037.72,EGP,2026-01-05 06:00:00
L0001815,INV-2024-000899,INV,,2024-02-08,REP-051,CUST-00738,UAE,CY-EDR,2.0,11017.5,0.2009,17608.17,AED,2026-01-05 06:00:00
L0000027,INV-2024-000010,INV,,2024-01-10,REP-003,CUST-00005,Egypt,CL-PROD,1.0,46350.0,0.0661,43286.26,EGP,2026-01-05 06:00:00
L0023887,INV-2025-011617,INV,,2025-08-30,REP-076,CUST-00643,Saudi Arabia,DV-RTR,1.0,4125.0,0.0588,3882.45,SAR,2026-01-05 06:00:00
L0028190,INV-2025-013672,INV,,2025-11-12,REP-044,CUST-00566,Saudi Arabia,CN-FIB-100,2.0,9000.0,0.0331,17404.2,SAR,2026-01-05 06:00:00
L0012019,INV-2024-005792,INV,,2024-11-18,REP-042,CUST-00696,KSA,CY-FW,1.0,22500.0,0.0749,20814.75,SAR,2026-01-05 06:00:00
L0018710,INV-2025-009066,INV,,2025-04-17,REP-055,CUST-00724,UAE,DV-AP,1.0,1652.62,0.0863,1510.0,AED,2026-01-05 06:00:00
L0010799,INV-2024-005228,INV,,2024-10-27,REP-044,CUST-00666,Saudi Arabia,CL-PROD,2.0,5625.0,0.0998,10127.25,SAR,2026-01-05 06:00:00
L0027275,INV-2025-013233,INV,,2025-11-20,REP-002,CUST-00002,Egypt,cl-bkp ,1.0,60172.92,0.1552,50834.08,EGP,2026-01-05 06:00:00
L0016580,INV-2025-008012,INV,,2025-03-11,REP-002,CUST-00042,Egypt,CL-IAAS-S,2.0,88108.02,0.1315,153043.63,EGP,2026-01-05 06:00:00
L0001352,INV-2024-000668,INV,,2024-02-21,REP-023,CUST-00366,Egypt,CY-EDR,1.0,92700.0,0.1672,77200.56,EGP,2026-01-05 06:00:00
L0013400,INV-2024-006444,INV,,2024-12-29,REP-039,CUST-00537,Saudi Arabia,DV-AP,1.0,1687.5,0.0836,1546.42,SAR,2026-01-05 06:00:00
L0029767,INV-2025-014423,INV,,2025-12-10,REP-075,CUST-00434,Saudi Arabia,CN-SDWAN,2.0,13500.0,0.112,23976.0,SAR,2026-01-05 06:00:00
L0004846,INV-2024-002391,INV,,2024-05-10,REP-028,CUST-00394,Saudi Arabia,CL-BKP,1.0,1200.0,0.1057,1073.16,USD,2026-01-05 06:00:00
L0002956,INV-2024-001454,INV,,2024-03-11,REP-049,CUST-00717,UAE,MS-HELP,3.0,17628.0,0.0834,48473.47,AED,2026-01-05 06:00:00
L0028637,INV-2025-013864,INV,,2025-11-30,REP-089,CUST-00805,UAE,PS-TRN,1.0,5508.75,0.2638,4055.54,AED,2026-01-05 06:00:00
L0017110,INV-2025-008272,INV,,2025-03-17,REP-034,CUST-00437,Saudi Arabia,CN-SDWAN,6.0,13500.0,0.118,71442.0,SAR,2026-01-05 06:00:00
L0020977,INV-2025-010196,INV,,2025-06-16,REP-026,CUST-00337,Egypt,CN-FIB-100,2.0,120257.04,0.1958,193421.42,EGP,2026-01-05 06:00:00
L0027684,INV-2025-013443,INV,,04/11/2025,REP-001,CUST-00301,Egypt,CL-BKP,2.0,60172.92,0.0246,117385.33,EGP,2026-01-05 06:00:00
L0011104,INV-2024-005361,INV,,2024-10-18,REP-061,CUST-00780,UAE,DV-SW48,3.0,8079.5,0.1918,19589.56,AED,2026-01-05 06:00:00
L0024450,INV-2025-011849,INV,,2025-09-26,REP-010,CUST-00302,Egypt,CL-BKP,1.0,60073.92,0.0163,59094.72,EGP,2026-01-05 06:00:00
L0013536,INV-2024-006527,INV,,2024-12-28,REP-044,CUST-00589,Saudi Arabia,CN-FIB-100,1.0,9000.0,0.0478,8569.8,SAR,2026-01-05 06:00:00
L0019150,INV-2025-009266,INV,,2025-05-21,REP-082,CUST-00058,Egypt,MS-HELP,1.0,239666.4,0.133,207790.77,EGP,2026-01-05 06:00:00
L0000050,INV-2024-000017,INV,,2024-01-17,REP-005,CUST-00020,Egypt,CL-IAAS-L,1.0,231750.0,0.1461,197891.32,EGP,2026-01-05 06:00:00
L0012527,INV-2024-006030,INV,,2024-11-16,REP-065,CUST-00852,Oman,CY-EDR,1.0,1153.5,0.0057,1146.93,OMR,2026-01-05 06:00:00
L0022437,INV-2025-010912,INV,,2025-07-28,REP-032,CUST-00385,Saudi Arabia,CY-EDR,3.0,3000.0,0.0975,8122.5,USD,2026-01-05 06:00:00
L0028672,INV-2025-013883,INV,,2025-11-29,REP-092,CUST-00780,UAE,CL-IAAS-S,4.0,6610.5,0.2205,20611.54,AED,2026-01-05 06:00:00
L0030733,INV-2025-014899,INV,,2025-12-04,REP-090,CUST-00907,Oman,CL-BKP,1.0,461.4,0.0425,441.79,OMR,2026-01-05 06:00:00
L0016856,INV-2025-008157,INV,,2025-03-19,REP-020,CUST-00139,Egypt,MS-HELP,1.0,234954.72,0.0538,222314.16,EGP,2026-01-05 06:00:00
L0025646,INV-2025-012412,INV,,2025-09-18,REP-083,CUST-00816,UAE,CL-IAAS-S,5.0,6610.5,0.1223,29010.18,AED,2026-01-05 06:00:00
L0003318,INV-2024-001623,INV,,2024-04-02,REP-006,CUST-00010,Egypt,CL-BKP,1.0,57528.48,0.0937,52138.06,EGP,2026-01-05 06:00:00
L0014701,INV-2025-007084,INV,,2025-01-23,REP-031,CUST-00444,saudi arabia,MS-HELP,1.0,18000.0,0.0882,16412.4,SAR,2026-01-05 06:00:00
L0027826,INV-2025-013514,INV,,2025-11-19,REP-087,CUST-00352,Egypt,DV-AP,1.0,22564.84,0.183,18435.47,EGP,2026-01-05 06:00:00
L0013724,INV-2024-006624,INV,,2024-12-17,REP-051,CUST-00718,UAE,CL-IAAS-S,1.0,6610.5,0.1502,5617.6,EUR?,2026-01-05 06:00:00
L0002826,INV-2024-001379,INV,,2024-03-31,REP-042,CUST-00640,Saudi Arabia,CN-FIB-100,1.0,9000.0,0.057,8487.0,SAR,2026-01-05 06:00:00
L0028677,INV-2025-013886,INV,,2025-11-17,REP-092,CUST-00787,UAE,MS-HELP,1.0,17628.0,0.1902,14275.15,AED,2026-01-05 06:00:00
L0011736,INV-2024-005671,INV,,2024-11-07,REP-026,CUST-00358,Egypt,CL-BKP,1.0,57975.84,0.2064,46009.63,EGP,2026-01-05 06:00:00
L0003543,INV-2024-001747,INV,,2024-04-16,REP-019,CUST-00156,Egypt,CN-FIB-100,1.0,115056.96,0.0455,109821.87,EGP,2026-01-05 06:00:00
L0010046,INV-2024-004872,INV,,2024-09-28,REP-067,CUST-00936,Oman,DV-AP,11.0,173.02,0.0896,1732.69,OMR,2026-01-05 06:00:00
L0011276,INV-2024-005449,INV,,2024-10-13,REP-074,CUST-00891,Oman,CL-PROD,3.0,576.75,0.0033,1724.54,OMR,2026-01-05 06:00:00
L0029788,INV-2025-014430,INV,,2025-12-27,REP-085,CUST-00402,Saudi Arabia,CY-EDR,1.0,11250.0,0.1109,10002.38,SAR,2026-01-05 06:00:00
L0024792,INV-2025-012038,INV,,30/09/2025,REP-025,CUST-00365,Egypt,DV-SW48,2.0,110135.52,0.168,183265.51,EGP,2026-01-05 06:00:00
L0025099,INV-2025-012158,INV,,2025-09-27,REP-040,CUST-00677,Saudi Arabia,CL-PROD,1.0,5625.0,0.0215,5504.06,SAR,2026-01-05 06:00:00
L0015043,INV-2025-007250,INV,,2025-01-30,REP-048,CUST-00731,UAE,CL-BKP,1.0,1200.0,0.2029,956.52,USD,2026-01-05 06:00:00
L0009690,INV-2024-004717,INV,,2024-09-26,REP-048,CUST-00731,UAE,CL-PROD,3.0,5508.75,0.1401,14210.92,AED,2026-01-05 06:00:00
L0023058,INV-2025-011193,INV,,2025-07-08,REP-067,CUST-00860,Oman,CL-PROD,2.0,576.75,0.0297,1119.24,OMR,2026-01-05 06:00:00
L0014979,INV-2025-007216,INV,,2025-01-03,REP-046,CUST-00609,Saudi Arabia,CN-SDWAN,1.0,13500.0,0.0566,12735.9,SAR,2026-01-05 06:00:00
L0007650,INV-2024-003731,INV,,2024-07-01,REP-056,CUST-00752,UAE,CL-IAAS-L,2.0,27543.75,0.1098,49038.89,AED,2026-01-05 06:00:00
L0010009,INV-2024-004852,INV,,2024-09-08,REP-066,CUST-00892,Oman,DV-AP,2.0,173.02,0.0344,334.14,OMR,2026-01-05 06:00:00
L0016333,INV-2025-007881,INV,,2025-02-06,REP-056,CUST-00747,UAE,DV-SW48,6.0,2200.0,0.1004,11874.72,USD,2026-01-05 06:00:00
L0009670,INV-2024-004705,INV,,2024-09-30,REP-046,CUST-00514,Saudi Arabia,DV-AP,7.0,1687.5,0.0605,11097.84,SAR,2026-01-05 06:00:00
L0027980,INV-2025-013570,INV,,2025-11-07,REP-037,CUST-00382,Saudi Arabia,MS-HELP,1.0,18000.0,0.1101,16018.2,SAR,2026-01-05 06:00:00
L0020228,INV-2025-009814,INV,,2025-05-12,REP-089,CUST-00809,UAE,CN-FIB-100,2.0,8814.0,0.1804,14447.91,AED,2026-01-05 06:00:00
L0027605,INV-2025-013399,INV,,2025-11-02,REP-018,CUST-00109,egypt,CL-BKP,1.0,60172.92,0.0915,54667.1,EGP,2026-01-05 06:00:00
L0029316,INV-2025-014232,INV,,2025-12-27,REP-078,CUST-00315,Egypt,CL-BKP,1.0,60544.44,0.1151,53575.77,EGP,2026-01-05 06:00:00
L0011441,INV-2024-005514,INV,,2024-11-23,REP-009,CUST-00069,Egypt,CL-BKP,1.0,57975.84,0.1122,51470.95,EGP,2026-01-05 06:00:00
L0008602,INV-2024-004199,INV,,2024-08-30,REP-053,CUST-00746,UAE,CY-EDR,1.0,11017.5,0.0789,10148.22,AED,2026-01-05 06:00:00
L0017036,INV-2025-008247,INV,,2025-03-30,REP-028,CUST-00386,Saudi Arabia,CY-EDR,1.0,11250.0,0.0858,10284.75,SAR,2026-01-05 06:00:00
L0004158,INV-2024-002043,INV,,2024-04-02,REP-057,CUST-00818,UAE,PS-IMPL,2.0,2938.0,0.1078,5242.57,AED,2026-01-05 06:00:00
L0030483,INV-2025-014763,INV,,2025-12-29,REP-065,CUST-00955,Oman,CL-BKP,2.0,461.4,0.0074,915.97,OMR,2026-01-05 06:00:00
L0010229,INV-2024-004948,INV,,2024-10-03,REP-007,CUST-00032,Egypt,CL-BKP,3.0,58395.6,0.1194,154269.5,EGP,2026-01-05 06:00:00
L0015189,INV-2025-007310,INV,,2025-01-22,REP-061,CUST-00787,UAE,CL-BKP,7.0,4407.0,0.1773,25379.47,AED,2026-01-05 06:00:00
L0016734,INV-2025-008082,INV,,2025-03-24,REP-011,CUST-00165,Egypt,CY-EDR,1.0,146846.7,0.0074,145760.03,EGP,2026-01-05 06:00:00
L0028817,INV-2025-013969,INV,,2025-11-23,REP-080,CUST-00822,Oman,CL-BKP,1.0,461.4,0.094,418.03,OMR,2026-01-05 06:00:00
L0019697,INV-2025-009549,INV,,2025-05-31,REP-085,CUST-00396,Saudi Arabia,CL-IAAS-S,4.0,6750.0,0.0964,24397.2,SAR,2026-01-05 06:00:00
L0003506,INV-2024-001723,INV,,2024-04-27,REP-016,CUST-00080,Egypt,DV-AP,1.0,21573.18,0.0986,19446.06,EGP,2026-01-05 06:00:00
L0025492,INV-2025-012344,INV,,2025-09-16,REP-091,CUST-00727,UAE,cy-soc ,2.0,66105.0,0.0772,122003.39,AED,2026-01-05 06:00:00
L0023692,INV-2025-011514,INV,,2025-08-12,REP-035,CUST-00386,Saudi Arabia,MS-HELP,1.0,18000.0,0.1143,15942.6,SAR,2026-01-05 06:00:00
L0009326,INV-2024-004536,INV,,2024-09-24,REP-025,CUST-00338,Egypt,PS-IMPL,11.0,38589.52,0.1851,345912.6,EGP,2026-01-05 06:00:00
L0015290,INV-2025-007365,INV,,2025-01-27,REP-067,CUST-00854,Oman,CN-FIB-100,1.0,922.8,0.0532,873.71,OMR,2026-01-05 06:00:00
L0023047,INV-2025-011187,INV,,2025-07-16,REP-067,CUST-00953,Oman,CL-BKP,1.0,461.4,0.0706,428.83,OMR,2026-01-05 06:00:00
L0018260,INV-2025-008843,INV,,2025-04-26,REP-031,CUST-00439,Saudi Arabia,CN-SDWAN,9.0,13500.0,0.0854,111123.9,SAR,2026-01-05 06:00:00
L0027716,INV-2025-013462,INV,,2025-11-28,REP-079,CUST-00129,egypt,CN-FIB-100,1.0,120345.84,0.0812,110573.76,EGP,2026-01-05 06:00:00
L0009192,INV-2024-004472,INV,,2024-09-30,REP-018,CUST-00233,Egypt,DV-RTR,2.0,53060.59,0.1106,94384.18,EGP,2026-01-05 06:00:00
L0021481,INV-2025-010452,INV,,2025-06-28,REP-076,CUST-00531,Saudi Arabia,CL-BKP,1.0,4500.0,0.0942,4076.1,SAR,2026-01-05 06:00:00
L0005063,INV-2024-002494,INV,,2024-05-30,REP-042,CUST-00481,Saudi Arabia,CL-BKP,3.0,4500.0,0.0667,12599.55,SAR,2026-01-05 06:00:00
L0022756,INV-2025-011063,INV,,2025-07-17,REP-051,CUST-00719,UAE,CN-FIB-100,6.0,8814.0,0.1271,46162.44,AED,2026-01-05 06:00:00
L0013509,INV-2024-006512,INV,,2024-12-11,REP-044,CUST-00460,Saudi Arabia,CN-FIB-100,1.0,9000.0,0.0972,8125.2,SAR,2026-01-05 06:00:00
L0023663,INV-2025-011502,INV,,2025-08-01,REP-032,CUST-00398,Saudi Arabia,CN-FIB-100,2.0,9000.0,0.0713,16716.6,SAR,2026-01-05 06:00:00
L0003237,INV-2024-001590,INV,,2024-04-13,REP-001,CUST-00039,Egypt,CL-BKP,1.0,57528.48,0.0967,51965.48,EGP,2026-01-05 06:00:00
L0011754,INV-2024-005677,INV,,2024-11-05,REP-027,CUST-00368,Egypt,CN-FIB-100,1.0,115951.68,0.1711,96112.35,EGP,2026-01-05 06:00:00
L0029582,INV-2025-014361,INV,,2025-12-21,REP-031,CUST-00407,Saudi Arabia,CY-EDR,1.0,11250.0,0.1296,9792.0,SAR,2026-01-05 06:00:00
L0010342,INV-2024-005009,INV,,2024-10-15,REP-016,CUST-00155,Egypt,CN-FIB-100,1.0,116791.2,0.1272,101935.36,EGP,2026-01-05 06:00:00
L0015811,INV-2025-007635,INV,,2025-02-21,REP-027,CUST-00368,Egypt,CN-SDWAN,1.0,176805.72,0.1949,142346.29,EGP,2026-01-05 06:00:00
L0015116,INV-2025-007277,INV,,2025-01-06,REP-054,CUST-00738,UAE,CY-EDR,1.0,11017.5,0.1315,9568.7,AED,2026-01-05 06:00:00
L0007290,INV-2024-003571,INV,,2024-07-14,REP-026,CUST-00367,Egypt,CN-FIB-100,1.0,116274.48,0.1797,95379.96,EGP,2026-01-05 06:00:00
L0011272,INV-2024-005446,INV,,2024-10-20,REP-068,CUST-00827,Oman,cl-bkp ,2.0,461.4,0.1138,817.79,OMR,2026-01-05 06:00:00
L0009397,INV-2024-004568,INV,,2024-09-26,REP-031,CUST-00439,Saudi Arabia,PS-IMPL,1.0,3000.0,0.1443,2567.1,SAR,2026-01-05 06:00:00
L0015509,INV-2025-007470,INV,,2025-02-03,REP-011,CUST-00132,Egypt,PS-IMPL,2.0,39290.16,0.0308,76160.05,EGP,2026-01-05 06:00:00
L0021697,INV-2025-010538,INV,,2025-06-26,REP-060,CUST-00812,UAE,CL-IAAS-S,4.0,6610.5,0.2332,20275.73,AED,2026-01-05 06:00:00
L0028580,INV-2025-013842,INV,,2025-11-26,REP-063,CUST-00809,UAE,CL-IAAS-S,7.0,6610.5,0.232,35538.05,AED,2026-01-05 06:00:00
L0020143,INV-2025-009770,INV,,2025-05-05,REP-060,CUST-00787,UAE,MS-HELP,1.0,17628.0,0.1821,14417.94,AED,2026-01-05 06:00:00
L0031220,CN-2025-00273,CN,INV-2025-010359,2025-11-10,REP-043,CUST-00507,Saudi Arabia,DV-SW48,-2.0,8250.0,0.0526,-15632.1,SAR,2026-01-05 06:00:00
L0030064,INV-2025-014593,INV,,2025-12-10,REP-096,CUST-00475,Saudi Arabia,CL-PROD,1.0,5625.0,0.0538,5322.38,SAR,2026-01-05 06:00:00
L0019599,INV-2025-009513,INV,,2025-05-31,REP-032,CUST-00425,Saudi Arabia,MS-HELP,1.0,18000.0,0.1146,15937.2,SAR,2026-01-05 06:00:00
L0002031,INV-2024-000988,INV,,2024-02-03,REP-065,CUST-00909,Oman,CN-FIB-100,2.0,922.8,0.0355,1780.08,OMR,2026-01-05 06:00:00
L0002145,INV-2024-001050,INV,,2024-03-27,REP-002,CUST-00048,Egypt,MS-HELP,1.0,227583.84,0.1182,200683.43,EGP,2026-01-05 06:00:00
L0030593,INV-2025-014821,INV,,2025-12-07,REP-074,CUST-00824,Oman,CL-BKP,1.0,461.4,0.0589,434.22,OMR,2026-01-05 06:00:00
L0019511,INV-2025-009470,INV,,2025-05-25,REP-026,CUST-00348,Egypt,PS-IMPL,22.0,39944.4,0.1665,732460.46,EGP,2026-01-05 06:00:00
L0024262,INV-2025-011782,INV,,2025-09-06,REP-003,CUST-00037,Egypt,MS-HELP,1.0,240295.68,0.11,213863.16,EGP,2026-01-05 06:00:00
L0030024,INV-2025-014568,INV,,2025-12-19,REP-047,CUST-00552,Saudi Arabia,CN-SDWAN,2.0,13500.0,0.0502,25644.6,SAR,2026-01-05 06:00:00
L0031084,CN-2025-00192,CN,INV-2024-006795,2025-04-07,REP-067,CUST-00942,Oman,CL-BKP,-2.0,461.4,0.0498,-876.84,OMR,2026-01-05 06:00:00
L0027448,INV-2025-013305,INV,,2025-11-25,REP-010,CUST-00073,Egypt,CN-FIB-100,1.0,120345.84,0.0282,116952.09,EGP,2026-01-05 06:00:00
L0030595,INV-2025-014821,INV,,2025-12-07,REP-074,CUST-00824,Oman,DV-AP,3.0,173.02,0.0186,509.41,OMR,2026-01-05 06:00:00
L0004674,INV-2024-002302,INV,,2024-05-31,REP-018,CUST-00283,Egypt,DV-RTR,2.0,52673.17,0.1557,88943.91,EGP,2026-01-05 06:00:00
L0016113,INV-2025-007782,INV,,2025-02-27,REP-044,CUST-00661,Saudi Arabia,DV-AP,6.0,1687.5,0.0553,9565.09,SAR,2026-01-05 06:00:00
L0006881,INV-2024-003367,INV,,2024-07-09,REP-006,CUST-00062,Egypt,PS-TRN,6.0,72671.55,0.1512,370101.67,EGP,2026-01-05 06:00:00
L0026791,INV-2025-013007,INV,,2025-10-15,REP-050,CUST-00756,UAE,CY-EDR,1.0,11017.5,0.0901,10024.82,AED,2026-01-05 06:00:00
L0011892,INV-2024-005729,INV,,2024-11-30,REP-037,CUST-00407,Saudi Arabia,PS-TRN,2.0,5625.0,0.161,9438.75,SAR,2026-01-05 06:00:00
L0019021,INV-2025-009221,INV,,2025-05-10,REP-003,CUST-00017,Egypt,PS-IMPL,3.0,39944.4,0.0912,108904.41,EGP,2026-01-05 06:00:00
L0016323,INV-2025-007877,INV,,2025-02-04,REP-056,CUST-00734,UAE,MS-HELP,1.0,17628.0,0.0668,16450.45,AED,2026-01-05 06:00:00
L0028460,INV-2025-013794,INV,,2025-11-23,REP-088,CUST-00773,UAE,CY-FW,1.0,22035.0,0.1647,18405.84,AED,2026-01-05 06:00:00
L0019663,INV-2025-009540,INV,,2025-05-22,REP-070,CUST-00416,Saudi Arabia,CY-EDR,2.0,11250.0,0.1032,20178.0,SAR,2026-01-05 06:00:00
L0009170,INV-2024-004456,INV,,2024-09-22,REP-017,CUST-00234,Egypt,DV-AP,5.0,21706.6,0.0821,99622.44,EGP,2026-01-05 06:00:00
L0015009,INV-2025-007234,INV,,2025-01-22,REP-047,CUST-00573,Saudi Arabia,CN-SDWAN,1.0,13500.0,0.0463,12874.95,SAR,2026-01-05 06:00:00
L0030304,INV-2025-014679,INV,,2025-12-24,REP-094,CUST-00720,UAE,CL-PROD,1.0,5508.75,0.1468,4700.07,AED,2026-01-05 06:00:00
L0017210,INV-2025-008318,INV,,2025-03-19,REP-039,CUST-00680,Saudi Arabia,CY-EDR,1.0,11250.0,0.0457,10735.88,SAR,2026-01-05 06:00:00
L0018140,INV-2025-008794,INV,,2025-04-16,REP-025,CUST-00338,Egypt,CL-BKP,1.0,58959.6,0.1494,50151.04,EGP,2026-01-05 06:00:00
L0014234,INV-2025-006850,INV,,2025-01-06,REP-005,CUST-00044,Egypt,CL-PROD,4.0,74518.05,0.1748,245969.18,EGP,2026-01-05 06:00:00
L0018806,INV-2025-009105,INV,,2025-04-29,REP-063,CUST-00812,UAE,CL-IAAS-S,2.0,6610.5,0.151,11224.63,AED,2026-01-05 06:00:00
L0007927,INV-2024-003857,INV,,2024-08-29,REP-002,CUST-00046,Egypt,CY-EDR,1.0,143464.8,0.146,122518.94,EGP,2026-01-05 06:00:00
L0000632,INV-2024-000312,INV,,2024-01-26,REP-048,CUST-00766,UAE,CN-FIB-100,1.0,8814.0,0.142,7562.41,AED,2026-01-05 06:00:00
L0009114,INV-2024-004425,INV,,2024-09-26,REP-014,CUST-00141,Egypt,CN-FIB-100,1.0,115768.56,0.014,114147.8,EGP,2026-01-05 06:00:00
L0010131,INV-2024-004913,INV,,2024-10-30,REP-004,CUST-00014,Egypt,CY-EDR,1.0,145989.0,0.1063,130470.37,EGP,2026-01-05 06:00:00
L0023743,INV-2025-011533,INV,,2025-08-13,REP-075,CUST-00426,Saudi Arabia,PS-IMPL,25.0,3000.0,0.1045,67162.5,SAR,2026-01-05 06:00:00
L0027074,INV-2025-013118,INV,,2025-10-29,REP-086,CUST-00811,UAE,CL-BKP,1.0,4407.0,0.2646,3240.91,AED,2026-01-05 06:00:00
L0003373,INV-2024-001646,INV,,2024-04-12,REP-010,CUST-00221,Egypt,CN-SDWAN,1.0,172585.44,0.024,168443.39,EGP,2026-01-05 06:00:00
L0017454,INV-2025-008450,INV,,2025-03-26,REP-051,CUST-00713,UAE,CN-FIB-100,1.0,8814.0,0.1617,7388.78,AED,2026-01-05 06:00:00
L0002364,INV-2024-001146,INV,,2024-03-28,REP-013,CUST-00173,Egypt,CN-FIB-100,1.0,113791.92,0.0258,110856.09,EGP,2026-01-05 06:00:00
L0024181,INV-2025-011738,INV,,2025-08-14,REP-066,CUST-00915,Sultanate of Oman,CN-FIB-100,1.0,922.8,0.0389,886.9,OMR,2026-01-05 06:00:00
L0023555,INV-2025-011459,INV,,2025-08-17,REP-025,CUST-00354,Egypt,CL-PROD,1.0,74794.95,0.2133,58841.19,EGP,2026-01-05 06:00:00
L0029474,INV-2025-014316,INV,,2025-12-15,REP-087,CUST-00372,Egypt,DV-AP,6.0,22704.16,0.218,106527.92,EGP,2026-01-05 06:00:00
L0018204,INV-2025-008823,INV,,2025-04-15,REP-028,CUST-00395,Saudi Arabia,CL-PROD,4.0,5625.0,0.1373,19410.75,SAR,2026-01-05 06:00:00
L0026432,INV-2025-012825,INV,,2025-10-28,REP-035,CUST-00433,Saudi Arabia,MS-HELP,1.0,18000.0,0.1072,16070.4,SAR,2026-01-05 06:00:00
L0017613,INV-2025-008515,INV,,2025-03-29,REP-049,CUST-00778,UAE,CN-FIB-100,1.0,8814.0,0.1784,7241.58,AED,2026-01-05 06:00:00
L0007955,INV-2024-003868,INV,,2024-08-31,REP-005,CUST-00054,Egypt,CL-PROD,7.0,71732.4,0.1546,424498.0,EGP,2026-01-05 06:00:00
L0003171,INV-2024-001548,INV,,2024-03-02,REP-063,CUST-00786,UAE,DV-SW48,1.0,8079.5,0.1884,6557.32,AED,2026-01-05 06:00:00
L0022824,INV-2025-011085,INV,,2025-07-28,REP-072,CUST-00759,UAE,CN-FIB-100,7.0,8814.0,0.0552,58292.27,AED,2026-01-05 06:00:00
L0013513,INV-2024-006514,INV,,2024-12-25,REP-044,CUST-00497,Saudi Arabia,CN-FIB-100,1.0,9000.0,0.0222,8800.2,SAR,2026-01-05 06:00:00
L0003841,INV-2024-001888,INV,,2024-04-12,REP-040,CUST-00636,Saudi Arabia,CL-BKP,1.0,4500.0,0.0,4500.0,SAR,2026-01-05 06:00:00
L0017540,INV-2025-008481,INV,,2025-03-29,REP-057,CUST-00778,UAE,DV-RTR,16.0,4039.75,0.1715,53550.93,AED,2026-01-05 06:00:00
L0014245,INV-2025-006853,INV,,15/01/2025,REP-006,CUST-00066,Egypt,CY-EDR,1.0,149036.1,0.0881,135906.02,EGP,2026-01-05 06:00:00
L0002686,INV-2024-001312,INV,,2024-03-27,REP-031,CUST-00443,Saudi Arabia,DV-SW48,5.0,8250.0,0.0958,37298.25,SAR,2026-01-05 06:00:00
L0022881,INV-2025-011106,INV,,2025-07-04,REP-057,CUST-00803,UAE,CL-PROD,4.0,5508.75,0.1795,18079.72,AED,2026-01-05 06:00:00
L0019423,INV-2025-009428,INV,,2025-05-20,REP-079,CUST-00259,Egypt,CN-FIB-100,1.0,119833.2,0.0715,111265.13,EGP,2026-01-05 06:00:00
L0020296,INV-2025-009851,INV,,2025-05-30,REP-067,CUST-00842,Oman,CL-BKP,2.0,461.4,0.0565,870.66,OMR,2026-01-05 06:00:00
L0022066,INV-2025-010716,INV,,2025-07-28,REP-009,CUST-00008,Egypt,MS-HELP,1.0,237724.8,0.0652,222225.14,EGP,2026-01-05 06:00:00
L0023251,INV-2025-011291,INV,,2025-08-05,REP-009,CUST-00011,Egypt,CY-EDR,1.0,149589.9,0.0976,134989.93,EGP,2026-01-05 06:00:00
L0018727,INV-2025-009072,INV,,2025-04-19,REP-072,CUST-00736,UAE,DV-SW48,10.0,8079.5,0.0758,74670.74,AED,2026-01-05 06:00:00
L0000701,INV-2024-000334,INV,,2024-01-27,REP-052,CUST-00764,UAE,CN-FIB-100,6.0,8814.0,0.127,46167.73,AED,2026-01-05 06:00:00
L0002711,INV-2024-001321,INV,,2024-03-30,REP-033,CUST-00392,Saudi Arabia,CL-IAAS-L,2.0,28125.0,0.0548,53167.5,SAR,2026-01-05 06:00:00
L0022181,INV-2025-010775,INV,,2025-07-21,REP-015,CUST-00314,Egypt,CN-FIB-100,1.0,118862.4,0.0958,107475.38,EGP,2026-01-05 06:00:00
L0007364,INV-2024-003598,INV,,2024-07-22,REP-033,CUST-00405,Saudi Arabia,CN-FIB-1G,1.0,52500.0,0.0715,48746.25,SAR,2026-01-05 06:00:00
L0020986,INV-2025-010200,INV,,2025-06-14,REP-027,CUST-00355,Egypt,DV-RTR,3.0,55117.81,0.2042,131588.26,EGP,2026-01-05 06:00:00
L0014000,INV-2024-006738,INV,,2024-12-28,REP-071,CUST-00818,UAE,CL-PROD,3.0,5508.75,0.1784,13577.97,AED,2026-01-05 06:00:00
L0000378,INV-2024-000188,INV,,2024-01-14,REP-028,CUST-00416,Saudi Arabia,CN-MPLS,1.0,9000.0,0.1036,8067.6,USD,2026-01-05 06:00:00
L0000261,INV-2024-000129,INV,,2024-01-01,REP-018,CUST-00246,Egypt,CN-FIB-100,1.0,74160.0,0.1413,63681.19,EGP,2026-01-05 06:00:00
L0006575,INV-2024-003219,INV,,2024-06-27,REP-057,CUST-00779,UAE,DV-AP,17.0,1652.62,0.1416,24116.35,AED,2026-01-05 06:00:00
L0024286,INV-2025-011790,INV,,2025-09-28,REP-004,CUST-00043,Egypt,MS-HELP,2.0,240295.68,0.1144,425611.71,EGP,2026-01-05 06:00:00
L0001626,INV-2024-000796,INV,,2024-02-21,REP-041,CUST-00675,Saudi Arabia,CN-FIB-100,1.0,9000.0,0.0342,8692.2,SAR,2026-01-05 06:00:00
L0003645,INV-2024-001797,INV,,2024-04-27,REP-024,CUST-00370,Egypt,DV-AP,1.0,21573.18,0.212,16999.67,EGP,2026-01-05 06:00:00
L0008207,INV-2024-004015,INV,,2024-08-29,REP-022,CUST-00348,Egypt,DV-SW48,2.0,105207.52,0.1554,177716.54,EGP,2026-01-05 06:00:00
L0025113,INV-2025-012166,INV,,2025-09-01,REP-040,CUST-00611,Saudi Arabia,CL-BKP,4.0,4500.0,0.0,18000.0,SAR,2026-01-05 06:00:00
L0003394,INV-2024-001659,INV,,2024-04-05,REP-011,CUST-00210,Egypt,DV-AP,7.0,21573.18,0.0117,149245.42,EGP,2026-01-05 06:00:00
L0002129,INV-2024-001044,INV,,2024-03-30,REP-001,CUST-00055,Egypt,MS-HELP,1.0,227583.84,0.1029,204165.46,EGP,2026-01-05 06:00:00
L0000031,INV-2024-000011,INV,,2024-01-09,REP-003,CUST-00065,Egypt,CL-BKP,1.0,37080.0,0.093,33631.56,EGP,2026-01-05 06:00:00
L0014648,INV-2025-007065,INV,,2025-01-30,REP-027,CUST-00347,Egypt,CY-EDR,1.0,149036.1,0.2245,115577.5,EGP,2026-01-05 06:00:00
L0028130,INV-2025-013635,INV,,2025-11-24,REP-040,CUST-00657,Saudi Arabia,CL-BKP,1.0,4500.0,0.0,4500.0,SAR,2026-01-05 06:00:00
L0005735,INV-2024-002816,INV,,2024-06-17,REP-014,CUST-00077,Egypt,CN-FIB-100,1.0,115480.08,0.0514,109544.4,EGP,2026-01-05 06:00:00
L0004883,INV-2024-002404,INV,,2024-05-15,REP-031,CUST-00421,Saudi Arabia,CY-EDR,1.0,11250.0,0.0683,10481.62,SAR,2026-01-05 06:00:00
L0011035,INV-2024-005333,INV,,2024-10-27,REP-072,CUST-00721,UAE,PS-IMPL,1.0,2938.0,0.0678,2738.8,AED,2026-01-05 06:00:00
L0013121,INV-2024-006332,INV,,2024-12-06,REP-024,CUST-00366,Egypt,CY-FW,2.0,286583.4,0.2366,437555.54,EGP,2026-01-05 06:00:00
L0017703,INV-2025-008569,INV,,2025-03-20,REP-084,CUST-00901,Oman,CL-BKP,1.0,461.4,0.0887,420.47,OMR,2026-01-05 06:00:00
L0026304,INV-2025-012766,INV,,2025-10-12,REP-024,CUST-00345,Egypt ,DV-AP,1.0,22302.27,0.197,17908.72,EGP,2026-01-05 06:00:00
L0011546,INV-2024-005577,INV,,2024-11-28,REP-017,CUST-00286,Egypt, cn-fib-100,1.0,115951.68,0.0741,107359.66,EGP,2026-01-05 06:00:00
L0000880,INV-2024-000421,INV,,2024-01-16,REP-067,CUST-00897,Oman,CN-FIB-100,2.0,922.8,0.0578,1738.92,OMR,2026-01-05 06:00:00
L0017370,INV-2025-008407,INV,,26/03/2025,REP-046,CUST-00658,Saudi Arabia,CN-FIB-100,1.0,9000.0,0.0656,8409.6,SAR,2026-01-05 06:00:00
L0002559,INV-2024-001254,INV,,2024-03-31,REP-023,CUST-00353,Egypt,CL-IAAS-L,1.0,355599.75,0.2038,283128.52,EGP,2026-01-05 06:00:00
L0002681,INV-2024-001311,INV,,2024-03-01,REP-029,CUST-00414,Saudi Arabia,MS-HELP,1.0,4800.0,0.1183,4232.16,USD,2026-01-05 06:00:00
L0010639,INV-2024-005150,INV,,2024-10-17,REP-033,CUST-00438,Saudi Arabia,MS-HELP,1.0,18000.0,0.069,16758.0,SAR,2026-01-05 06:00:00
L0008472,INV-2024-004141,INV,,2024-08-27,REP-043,CUST-00630,Saudi Arabia,CN-FIB-100,1.0,9000.0,0.0327,8705.7,SAR,2026-01-05 06:00:00
L0031279,CN-2025-00307,CN,INV-2025-011689,2025-10-06,REP-061,CUST-00818,UAE,PS-TRN,-3.0,5508.75,0.2336,-12665.72,AED,2026-01-05 06:00:00
L0021857,INV-2025-010621,INV,,2025-06-19,REP-080,CUST-00905,Oman,MS-HELP,1.0,1845.6,0.0619,1731.36,OMR,2026-01-05 06:00:00
L0007430,INV-2024-003624,INV,,2024-07-12,REP-070,CUST-00434,Saudi Arabia,MS-HELP,1.0,18000.0,0.1484,15328.8,SAR,2026-01-05 06:00:00
L0028709,INV-2025-013906,INV,,2025-11-24,REP-065,CUST-00863,Oman,CY-EDR,1.0,1153.5,0.0323,1116.24,OMR,2026-01-05 06:00:00
L0017699,INV-2025-008567,INV,,2025-03-21,REP-081,CUST-00960,Oman,CN-FIB-100,3.0,922.8,0.0161,2723.83,OMR,2026-01-05 06:00:00
L0029264,INV-2025-014203,INV,,2025-12-30,REP-020,CUST-00121,Egypt,PS-TRN,2.0,75680.55,0.0376,145669.92,EGP,2026-01-05 06:00:00
L0004110,INV-2024-002023,INV,,2024-04-11,REP-054,CUST-00711,UAE,CY-EDR,1.0,11017.5,0.1188,9708.62,AED,2026-01-05 06:00:00
L0019380,INV-2025-009403,INV,,2025-05-06,REP-001,CUST-00125,Egypt,CL-BKP,1.0,59916.6,0.0366,57723.65,EGP,2026-01-05 06:00:00
L0017765,INV-2025-008592,INV,,2025-04-14,REP-007,CUST-00038,Egypt,CL-BKP,9.0,58959.6,0.1057,474548.13,EGP,2026-01-05 06:00:00
L0015995,INV-2025-007708,INV,,2025-02-27,REP-038,CUST-00477,Saudi Arabia,CN-FIB-100,1.0,9000.0,0.0531,8522.1,SAR,2026-01-05 06:00:00
L0022899,INV-2025-011115,INV,,2025-07-26,REP-060,CUST-00820,UAE,DV-RTR,5.0,4039.75,0.2246,15662.11,AED,2026-01-05 06:00:00
L0004389,INV-2024-002158,INV,,2024-05-28,REP-004,CUST-00056,Egypt,CL-BKP,1.0,57461.64,0.0847,52594.64,EGP,2026-01-05 06:00:00
L0011706,INV-2024-005656,INV,,2024-11-29,REP-025,CUST-00366,Egypt,DV-SW48,2.0,106289.04,0.2047,169063.35,EGP,2026-01-05 06:00:00
L0016866,INV-2025-008163,INV,,2025-03-16,REP-077,CUST-00235,Egypt,CY-EDR,1.0,146846.7,0.0586,138241.48,EGP,2026-01-05 06:00:00
L0003784,INV-2024-001855,INV,,2024-04-25,REP-037,CUST-00444,Saudi Arabia,MS-COLO,1.0,36000.0,0.1084,32097.6,SAR,2026-01-05 06:00:00
L0001714,INV-2024-000850,INV,,2024-02-14,REP-045,CUST-00545,Saudi Arabia,CY-EDR,1.0,11250.0,0.0927,10207.12,SAR,2026-01-05 06:00:00
L0004254,INV-2024-002088,INV,,2024-04-22,REP-063,CUST-00804,UAE,DV-AP,1.0,1652.62,0.1853,1346.39,AED,2026-01-05 06:00:00
L0005492,INV-2024-002709,INV,,2024-05-02,REP-068,CUST-00848,Oman,PS-IMPL,1.0,307.6,0.0771,283.88,OMR,2026-01-05 06:00:00
L0028811,INV-2025-013965,INV,,2025-11-05,REP-080,CUST-00867,Oman,CN-FIB-100,1.0,922.8,0.0547,872.32,OMR,2026-01-05 06:00:00
L0015296,INV-2025-007369,INV,,2025-01-31,REP-067,CUST-00901,Oman,DV-SW48,1.0,845.9,0.1251,740.08,OMR,2026-01-05 06:00:00
L0030637,INV-2025-014845,INV,,2025-12-22,REP-080,CUST-00942,Oman,CL-PROD,1.0,576.75,0.0635,540.13,OMR,2026-01-05 06:00:00
L0020628,INV-2025-010008,INV,,2025-06-06,REP-011,CUST-00159,Egypt ,CN-FIB-100,2.0,120257.04,0.0255,234380.97,EGP,2026-01-05 06:00:00
L0019969,INV-2025-009697,INV,,2025-05-01,REP-048,CUST-00772,UAE,CL-PROD,4.0,5508.75,0.1641,18419.06,AED,2026-01-05 06:00:00
L0000497,INV-2024-000234,INV,,2024-01-30,REP-039,CUST-00515,Saudi Arabia,DV-SW48,5.0,8250.0,0.1162,36456.75,SAR,2026-01-05 06:00:00
L0011410,INV-2024-005502,INV,,2024-11-13,REP-007,CUST-00028,Egypt,MS-COLO,1.0,463806.72,0.1086,413437.31,EGP,2026-01-05 06:00:00
L0019013,INV-2025-009219,INV,,2025-05-18,REP-003,CUST-00039,Egypt,CN-FIB-100,1.0,119833.2,0.0757,110761.83,EGP,2026-01-05 06:00:00
L0021668,INV-2025-010528,INV,,2025-06-29,REP-073,CUST-00709,UAE,MS-HELP,1.0,17628.0,0.1188,15533.79,AED,2026-01-05 06:00:00
L0024705,INV-2025-011995,INV,,2025-09-12,REP-001,CUST-00316,Egypt,PS-IMPL,1.0,40049.28,0.0198,39256.3,EGP,2026-01-05 06:00:00
L0011445,INV-2024-005515,INV,,2024-11-27,REP-010,CUST-00241,Egypt,DV-RTR,1.0,53144.52,0.0397,51034.68,EGP,2026-01-05 06:00:00
L0021845,INV-2025-010613,INV,,2025-06-25,REP-080,CUST-00858,Oman,CN-FIB-100,1.0,922.8,0.0851,844.27,OMR,2026-01-05 06:00:00
L0006124,INV-2024-003014,INV,,15/06/2024,REP-037,CUST-00411,Saudi Arabia,MS-HELP,1.0,18000.0,0.1324,15616.8,SAR,2026-01-05 06:00:00
L0009677,INV-2024-004708,INV,,2024-09-28,REP-047,CUST-00454,Saudi Arabia,CL-PROD,4.0,5625.0,0.0824,20646.0,SAR,2026-01-05 06:00:00
L0009782,INV-2024-004749,INV,,2024-09-30,REP-055,CUST-00741,UAE,CY-FW,1.0,22035.0,0.0757,20366.95,AED,2026-01-05 06:00:00
L0015740,INV-2025-007601,INV,,2025-02-24,REP-021,CUST-00365,Egypt,CY-EDR,1.0,147338.1,0.221,114776.38,EGP,2026-01-05 06:00:00
L0002918,INV-2024-001435,INV,,2024-03-30,REP-046,CUST-00674,Saudi Arabia,CN-FIB-100,1.0,9000.0,0.105,8055.0,SAR,2026-01-05 06:00:00
L0030703,INV-2025-014883,INV,,2025-12-27,REP-084,CUST-00837,Oman,CL-BKP,3.0,461.4,0.0747,1280.8,OMR,2026-01-05 06:00:00
L0014604,INV-2025-007043,INV,,2025-01-18,REP-024,CUST-00334,Egypt,CN-FIB-100,1.0,119228.88,0.2116,94000.05,EGP,2026-01-05 06:00:00
L0030832,CN-2024-00058,CN,INV-2024-002623,2024-05-22,REP-058,CUST-00782,UAE,DV-SW48,-2.0,8079.5,0.219,-12620.18,AED,2026-01-05 06:00:00
L0012254,INV-2024-005916,INV,,27/11/2024,REP-053,CUST-00710,UAE,CY-EDR,1.0,3000.0,0.0428,2871.6,USD,2026-01-05 06:00:00
L0025374,INV-2025-012300,INV,,2025-09-28,REP-051,CUST-00740,UAE,CN-FIB-100,1.0,8814.0,0.1798,7229.24,AED,2026-01-05 06:00:00
L0014566,INV-2025-007025,INV,,2025-01-21,REP-021,CUST-00348,Egypt,PS-IMPL,1.0,39742.96,0.2151,31194.25,EGP,2026-01-05 06:00:00
L0001700,INV-2024-000841,INV,,2024-02-13,REP-044,CUST-00672,Saudi Arabia,CN-FIB-100,1.0,9000.0,0.0295,8734.5,SAR,2026-01-05 06:00:00
L0015120,INV-2025-007279,INV,,2025-01-24,REP-055,CUST-00770,UAE,CY-SOC,1.0,66105.0,0.0711,61404.93,AED,2026-01-05 06:00:00
L0024837,INV-2025-012058,INV,,2025-09-22,REP-027,CUST-00351,Egypt,DV-RTR,10.0,55067.76,0.1994,440872.49,EGP,2026-01-05 06:00:00
L0031222,CN-2025-00275,CN,INV-2025-010439,2025-08-02,REP-047,CUST-00595,Saudi Arabia,CN-FIB-100,-2.0,9000.0,0.0243,-17562.6,SAR,2026-01-05 06:00:00
L0012905,INV-2024-006205,INV,,2024-12-14,REP-015,CUST-00263,Egypt,CL-IAAS-S,1.0,85975.02,0.0841,78744.52,EGP,2026-01-05 06:00:00
L0030360,INV-2025-014704,INV,,2025-12-13,REP-063,CUST-00780,UAE,MS-HELP,1.0,17628.0,0.2357,13473.08,AED,2026-01-05 06:00:00
L0025583,INV-2025-012387,INV,,2025-09-29,REP-071,CUST-00790,UAE,DV-SW48,5.0,8079.5,0.2519,30221.37,AED,2026-01-05 06:00:00
L0005116,INV-2024-002528,INV,,2024-05-20,REP-045,CUST-00564,Saudi Arabia,CL-BKP,1.0,4500.0,0.0748,4163.4,SAR,2026-01-05 06:00:00
L0012739,INV-2024-006121,INV,,2024-12-17,REP-008,CUST-00035,Egypt,MS-HELP,1.0,229266.72,0.1078,204551.77,EGP,2026-01-05 06:00:00
L0006012,INV-2024-002967,INV,,2024-06-08,REP-027,CUST-00367,Egypt,CL-BKP,2.0,57740.04,0.1749,95282.61,EGP,2026-01-05 06:00:00
L0001266,INV-2024-000623,INV,,2024-02-28,REP-019,CUST-00184,Egypt,CL-BKP,1.0,37080.0,0.0394,35619.05,EGP,2026-01-05 06:00:00
L0023266,INV-2025-011295,INV,,2025-08-27,REP-009,CUST-00025,Egypt,MS-HELP,1.0,239343.84,0.0923,217252.4,EGP,2026-01-05 06:00:00
L0003061,INV-2024-001492,INV,,2024-03-29,REP-056,CUST-00774,UAE,CY-FW,2.0,22035.0,0.1091,39261.96,AED,2026-01-05 06:00:00
L0024324,INV-2025-011805,INV,,2025-09-10,REP-006,CUST-00041,Egypt,CN-FIB-100,1.0,120147.84,0.1383,103531.39,EGP,2026-01-05 06:00:00
L0007402,INV-2024-003613,INV,,2024-07-20,REP-035,CUST-00432,Saudi Arabia,CN-FIB-100,1.0,9000.0,0.1072,8035.2,SAR,2026-01-05 06:00:00
L0000335,INV-2024-000169,INV,,2024-01-02,REP-026,CUST-00361,Egypt,DV-RTR,5.0,33990.0,0.1906,137557.53,EGP,2026-01-05 06:00:00
L0003563,INV-2024-001760,INV,,2024-04-26,REP-020,CUST-00317,Egypt,CL-BKP,1.0,57528.48,0.0529,54485.22,EGP,2026-01-05 06:00:00
L0003172,INV-2024-001549,INV,,2024-03-15,REP-063,CUST-00808,UAE,DV-RTR,4.0,4039.75,0.1666,13466.91,AED,2026-01-05 06:00:00
L0004338,INV-2024-002138,INV,,2024-05-09,REP-001,CUST-00059,Egypt,CN-FIB-100,1.0,114923.28,0.1134,101890.98,EGP,2026-01-05 06:00:00
L0028886,INV-2025-014008,INV,,2025-11-18,REP-084,CUST-00868,Oman,DV-RTR,2.0,422.95,0.0715,785.42,OMR,2026-01-05 06:00:00
L0026141,INV-2025-012673,INV,,2025-10-29,REP-018,CUST-00223,Egypt,CL-IAAS-S,1.0,89209.08,0.1349,77174.78,EGP,2026-01-05 06:00:00
L0030776,CN-2024-00022,CN,INV-2024-000942,2024-05-26,REP-059,CUST-00803,UAE,CL-BKP,-1.0,4407.0,0.1872,-3582.01,AED,2026-01-05 06:00:00
L0001545,INV-2024-000750,INV,,2024-02-28,REP-037,CUST-00382,Saudi Arabia,CN-MPLS,1.0,33750.0,0.1173,29791.12,SAR,2026-01-05 06:00:00
L0022979,INV-2025-011154,INV,,2025-07-30,REP-049,CUST-00801,UAE,MS-HELP,1.0,17628.0,0.2305,13564.75,AED,2026-01-05 06:00:00
L0014469,INV-2025-006976,INV,,2025-01-30,REP-019,CUST-00146,Egypt,CN-FIB-100,1.0,119228.88,0.0061,118501.58,EGP,2026-01-05 06:00:00
L0000276,INV-2024-000137,INV,,2024-01-07,REP-020,CUST-00210,Egypt,CN-FIB-100,1.0,74160.0,0.0435,70934.04,EGP,2026-01-05 06:00:00
L0002874,INV-2024-001409,INV,,2024-03-16,REP-045,CUST-00481,Saudi Arabia,CN-FIB-100,2.0,9000.0,0.1118,15987.6,SAR,2026-01-05 06:00:00
L0017332,INV-2025-008382,INV,,2025-03-08,REP-044,CUST-00575,Saudi Arabia,DV-AP,1.0,1687.5,0.0365,1625.91,SAR,2026-01-05 06:00:00
L0031192,CN-2025-00256,CN,INV-2025-009530,2025-07-02,REP-034,CUST-00412,Saudi Arabia,CL-PROD,-11.0,5625.0,0.1258,-54091.12,SAR,2026-01-05 06:00:00
L0004476,INV-2024-002187,INV,,2024-05-27,REP-008,CUST-00044,Egypt,CY-EDR,1.0,143654.1,0.0972,129690.92,EGP,2026-01-05 06:00:00
L0027395,INV-2025-013279,INV,,2025-11-14,REP-006,CUST-00057,Egypt,CL-PROD,13.0,75216.15,0.1046,875531.03,EGP,2026-01-05 06:00:00
L0024999,INV-2025-012118,INV,,2025-09-24,REP-037,CUST-00379,Saudi Arabia,CY-SOC,1.0,67500.0,0.1006,60709.5,SAR,2026-01-05 06:00:00
L0031229,CN-2025-00280,CN,INV-2025-010714,2025-10-01,REP-008,CUST-00012,Egypt,CY-FW,-1.0,297363.6,0.1119,-264088.61,EGP,2026-01-05 06:00:00
L0006033,INV-2024-002978,INV,,2024-06-11,REP-029,CUST-00408,Saudi Arabia,MS-NOC,2.0,45000.0,0.1522,76302.0,SAR,2026-01-05 06:00:00
L0021852,INV-2025-010618,INV,,2025-06-03,REP-080,CUST-00883,Oman,CN-FIB-100,1.0,922.8,0.068,860.05,OMR,2026-01-05 06:00:00
L0014684,INV-2025-007079,INV,,2025-01-24,REP-029,CUST-00421,Saudi Arabia,CN-SDWAN,2.0,13500.0,0.1375,23287.5,SAR,2026-01-05 06:00:00
L0030318,INV-2025-014684,INV,,2025-12-14,REP-057,CUST-00782,UAE,DV-SW48,1.0,8079.5,0.1709,6698.71,AED,2026-01-05 06:00:00
L0025992,INV-2025-012585,INV,,2025-10-30,REP-082,CUST-00060,Egypt,CN-FIB-100,2.0,118945.44,0.1222,208820.61,EGP,2026-01-05 06:00:00
L0011169,INV-2024-005391,INV,,2024-10-12,REP-065,CUST-00852,Oman,CN-FIB-100,1.0,922.8,0.0246,900.1,OMR,2026-01-05 06:00:00
L0021597,INV-2025-010498,INV,,2025-06-30,REP-056,CUST-00772,UAE,CL-BKP,1.0,4407.0,0.127,3847.31,AED,2026-01-05 06:00:00
L0018856,INV-2025-009131,INV,,2025-04-04,REP-049,CUST-00784,UAE,CL-BKP,1.0,4407.0,0.1949,3548.08,AED,2026-01-05 06:00:00
L0016251,INV-2025-007850,INV,,2025-02-21,REP-050,CUST-00739,UAE,CL-BKP,1.0,4407.0,0.1476,3756.53,AED,2026-01-05 06:00:00
L0021988,INV-2025-010691,INV,,2025-07-19,REP-003,CUST-00005,Egypt,CY-EDR,1.0,148578.0,0.0809,136558.04,EGP,2026-01-05 06:00:00
L0028695,INV-2025-013897,INV,,2025-11-01,REP-065,CUST-00925,Oman,DV-AP,1.0,173.02,0.0,173.02,OMR,2026-01-05 06:00:00
L0015440,INV-2025-007438,INV,,2025-02-21,REP-007,CUST-00024,Egypt,MS-HELP,1.0,235740.96,0.072,218767.61,EGP,2026-01-05 06:00:00
L0025625,INV-2025-012404,INV,,2025-09-30,REP-092,CUST-00790,UAE,CN-FIB-100,2.0,8814.0,0.2087,13949.04,AED,2026-01-05 06:00:00
L0012745,INV-2024-006124,INV,,2024-12-29,REP-008,CUST-00015,Egypt,CL-PROD,3.0,71645.85,0.0794,197871.51,EGP,2026-01-05 06:00:00
L0001464,INV-2024-000719,INV,,2024-02-21,REP-032,CUST-00402,Saudi Arabia,MS-NOC,1.0,45000.0,0.1212,39546.0,SAR,2026-01-05 06:00:00
L0005874,INV-2024-002901,INV,,2024-06-28,REP-021,CUST-00355,Egypt,MS-HELP,1.0,230960.16,0.2492,173404.89,EGP,2026-01-05 06:00:00
L0015763,INV-2025-007610,INV,,2025-02-07,REP-022,CUST-00346,Egypt,CL-BKP,2.0,58935.24,0.1572,99341.24,EGP,2026-01-05 06:00:00
L0001819,INV-2024-000900,INV,,2024-02-19,REP-051,CUST-00710,UAE,CY-EDR,11.0,11017.5,0.1491,103122.7,AED,2026-01-05 06:00:00
L0019707,INV-2025-009557,INV,,2025-05-31,REP-038,CUST-00628,Saudi Arabia,CY-EDR,1.0,11250.0,0.0901,10236.38,SAR,2026-01-05 06:00:00
L0002149,INV-2024-001052,INV,,04/03/2024,REP-002,CUST-00066,Egypt,CY-EDR,1.0,142239.9,0.082,130576.23,EGP,2026-01-05 06:00:00
L0023486,INV-2025-011421,INV,,2025-08-04,REP-001,CUST-00207,Egypt,CL-PROD,2.0,74794.95,0.0587,140808.97,EGP,2026-01-05 06:00:00
L0025730,INV-2025-012461,INV,,2025-09-02,REP-074,CUST-00946,Oman,CN-SDWAN,1.0,1384.2,0.0401,1328.69,OMR,2026-01-05 06:00:00
L0017746,INV-2025-008585,INV,,2025-04-18,REP-006,CUST-00051,Egypt, cy-edr,1.0,147399.0,0.1196,129770.08,EGP,2026-01-05 06:00:00
L0018829,INV-2025-009117,INV,,2025-04-25,REP-071,CUST-00785,UAE,DV-SW48,1.0,8079.5,0.1759,6658.32,AED,2026-01-05 06:00:00
L0027226,INV-2025-013204,INV,,2025-10-17,REP-081,CUST-00945,oman,CN-FIB-100,1.0,922.8,0.0256,899.18,OMR,2026-01-05 06:00:00
L0027127,INV-2025-013147,INV,,2025-10-25,REP-065,CUST-00954,Oman,CL-BKP,5.0,461.4,0.0356,2224.87,OMR,2026-01-05 06:00:00
L0023760,INV-2025-011541,INV,,2025-08-30,REP-038,CUST-00450,Saudi Arabia,CN-FIB-100,1.0,9000.0,0.0655,8410.5,SAR,2026-01-05 06:00:00
L0030389,INV-2025-014716,INV,,2025-12-16,REP-071,CUST-00806,UAE,CL-BKP,1.0,4407.0,0.1951,3547.19,AED,2026-01-05 06:00:00
L0023662,INV-2025-011501,INV,,2025-08-15,REP-032,CUST-00432,Saudi Arabia,CY-SOC,1.0,67500.0,0.1187,59487.75,SAR,2026-01-05 06:00:00
L0022279,INV-2025-010831,INV,,2025-07-17,REP-077,CUST-00205,Egypt,DV-AP,1.0,22286.7,0.0571,21014.13,EGP,2026-01-05 06:00:00
L0030035,INV-2025-014577,INV,,2025-12-28,REP-076,CUST-00593,KSA,CN-SDWAN,1.0,13500.0,0.0438,12908.7,SAR,2026-01-05 06:00:00
L0020522,INV-2025-009965,INV,,2025-06-13,REP-006,CUST-00011,Egypt,CY-EDR,1.0,150321.3,0.1211,132117.39,EGP,2026-01-05 06:00:00
L0012983,INV-2024-006254,INV,,2024-12-18,REP-018,CUST-00215,Egypt,CL-PROD,1.0,71645.85,0.1089,63843.62,EGP,2026-01-05 06:00:00
L0012077,INV-2024-005828,INV,,2024-11-20,REP-044,CUST-00594,Saudi Arabia,DV-RTR,4.0,4125.0,0.0731,15293.85,SAR,2026-01-05 06:00:00
L0016395,INV-2025-007911,INV,,2025-02-28,REP-061,CUST-00784,UAE,CL-BKP,8.0,4407.0,0.2111,27813.46,AED,2026-01-05 06:00:00
L0017981,INV-2025-008714,INV,,2025-04-02,REP-077,CUST-00185,Egypt,CY-EDR,1.0,147399.0,0.0514,139822.69,EGP,2026-01-05 06:00:00
L0015862,INV-2025-007654,INV,,2025-02-11,REP-032,CUST-00376,Saudi Arabia,DV-SW48,4.0,8250.0,0.0921,29960.7,SAR,2026-01-05 06:00:00
L0004099,INV-2024-002018,INV,,2024-04-23,REP-053,CUST-00756,UAE,CY-SOC,1.0,66105.0,0.0682,61596.64,AED,2026-01-05 06:00:00
L0021547,INV-2025-010479,INV,,2025-06-26,REP-054,CUST-00741,UAE,CN-SDWAN,1.0,13221.0,0.1253,11564.41,AED,2026-01-05 06:00:00
L0021022,INV-2025-010216,INV,,2025-06-29,REP-029,CUST-00381,Saudi,ps-trn ,6.0,5625.0,0.1512,28647.0,SAR,2026-01-05 06:00:00
L0017742,INV-2025-008584,INV,,2025-04-08,REP-006,CUST-00030,Egypt,CL-PROD,4.0,73699.5,0.1492,250814.14,EGP,2026-01-05 06:00:00
L0000407,INV-2024-000196,INV,,2024-01-28,REP-032,CUST-00396,Saudi Arabia,DV-SW48,1.0,8250.0,0.0783,7604.02,SAR,2026-01-05 06:00:00
L0019627,INV-2025-009522,INV,,2025-05-21,REP-034,CUST-00388,Saudi Arabia,MS-HELP,1.0,18000.0,0.1086,16045.2,SAR,2026-01-05 06:00:00
L0000020,INV-2024-000007,INV,,2024-01-04,REP-003,CUST-00025,Egypt,CL-BKP,3.0,37080.0,0.1206,97824.46,EGP,2026-01-05 06:00:00
L0020902,INV-2025-010164,INV,,2025-06-06,REP-021,CUST-00355,Egypt,DV-AP,1.0,22548.2,0.2099,17815.33,EGP,2026-01-05 06:00:00
L0020913,INV-2025-010167,INV,,2025-06-19,REP-021,CUST-00350,Egypt,MS-HELP,1.0,240514.08,0.2251,186374.36,EGP,2026-01-05 06:00:00
L0008030,INV-2024-003907,INV,,2024-08-07,REP-011,CUST-00136,Egypt,CN-FIB-100,1.0,114771.84,0.0057,114117.64,EGP,2026-01-05 06:00:00
L0015274,INV-2025-007355,INV,,2025-01-14,REP-066,CUST-00893,Oman,CN-FIB-100,1.0,922.8,0.0492,877.4,OMR,2026-01-05 06:00:00
L0005098,INV-2024-002517,INV,,2024-05-04,REP-044,CUST-00638,Saudi Arabia,CN-FIB-100,2.0,9000.0,0.0469,17155.8,SAR,2026-01-05 06:00:00
L0019482,INV-2025-009458,INV,,2025-05-27,REP-024,CUST-00348,Egypt,DV-SW48,2.0,109847.1,0.2161,172218.28,EGP,2026-01-05 06:00:00
L0018905,INV-2025-009159,INV,,2025-04-02,REP-067,CUST-00890,Oman,CL-BKP,1.0,461.4,0.0278,448.57,OMR,2026-01-05 06:00:00
L0016800,INV-2025-008124,INV,,2025-03-06,REP-019,CUST-00175,Egypt,CL-BKP,1.0,58738.68,0.0,58738.68,EGP,2026-01-05 06:00:00
L0029167,INV-2025-014150,INV,,2025-12-26,REP-017,CUST-00106,Egypt,CL-BKP,2.0,60544.44,0.0464,115470.36,EGP,2026-01-05 06:00:00
L0010792,INV-2024-005224,INV,,2024-10-02,REP-044,CUST-00483,Saudi Arabia,CL-PROD,2.0,5625.0,0.058,10597.5,SAR,2026-01-05 06:00:00
L0015604,INV-2025-007528,INV,,2025-02-27,REP-017,CUST-00322,Egypt,DV-RTR,2.0,54023.97,0.0617,101381.38,EGP,2026-01-05 06:00:00
L0009349,INV-2024-004546,INV,,2024-09-13,REP-027,CUST-00360,Egypt,CN-FIB-100,1.0,115768.56,0.1839,94478.72,EGP,2026-01-05 06:00:00
L0022502,INV-2025-010938,INV,,2025-07-24,REP-075,CUST-00401,Saudi Arabia,DV-AP,32.0,1687.5,0.1095,48087.0,SAR,2026-01-05 06:00:00
L0031250,CN-2025-00292,CN,INV-2025-011288,2025-11-23,REP-008,CUST-00054,Egypt,CN-FIB-100,-1.0,120345.84,0.151,-102173.62,EGP,2026-01-05 06:00:00
L0027552,INV-2025-013369,INV,,2025-11-23,REP-016,CUST-00170,Egypt,CL-BKP,1.0,60172.92,0.1646,50268.46,EGP,2026-01-05 06:00:00
L0005161,INV-2024-002558,INV,,2024-05-31,REP-047,CUST-00547,Saudi Arabia,DV-AP,12.0,1687.5,0.025,19743.75,SAR,2026-01-05 06:00:00
L0002475,INV-2024-001211,INV,,2024-03-24,REP-019,CUST-00078,Egypt,CN-FIB-100,2.0,113791.92,0.019,223259.75,EGP,2026-01-05 06:00:00
L0017124,INV-2025-008280,INV,,2025-03-20,REP-035,CUST-00387,Saudi Arabia,CL-BKP,1.0,4500.0,0.1127,3992.85,SAR,2026-01-05 06:00:00
L0009556,INV-2024-004640,INV,,2024-09-12,REP-042,CUST-00630,Saudi Arabia,DV-SW48,2.0,8250.0,0.0713,15323.55,SAR,2026-01-05 06:00:00
L0030998,CN-2025-00145,CN,INV-2024-005728,2025-01-03,REP-037,CUST-00418,Saudi Arabia,CN-FIB-100,-4.0,9000.0,0.1444,-30801.6,SAR,2026-01-05 06:00:00
L0001079,INV-2024-000509,INV,,2024-02-29,REP-011,CUST-00093,Egypt,CN-FIB-100,1.0,74160.0,0.0237,72402.41,EGP,2026-01-05 06:00:00
L0002132,INV-2024-001045,INV,,2024-03-22,REP-002,CUST-00022,Egypt,CN-FIB-100,1.0,113791.92,0.107,101616.18,EGP,2026-01-05 06:00:00
L0026008,INV-2025-012592,INV,,2025-10-01,REP-010,CUST-00307,Egypt,CL-IAAS-S,2.0,89209.08,0.0518,169176.1,EGP,2026-01-05 06:00:00
L0012496,INV-2024-006014,INV,,2024-11-30,REP-071,CUST-00806,UAE,CL-IAAS-S,5.0,6610.5,0.2056,26256.91,AED,2026-01-05 06:00:00
L0001702,INV-2024-000842,INV,,2024-02-29,REP-044,CUST-00590,Saudi Arabia,CL-BKP,3.0,4500.0,0.0927,12248.55,SAR,2026-01-05 06:00:00
L0028778,INV-2025-013946,INV,,2025-11-28,REP-074,CUST-00951,Oman,CL-BKP,1.0,461.4,0.0474,439.53,OMR,2026-01-05 06:00:00
L0020789,INV-2025-010101,INV,,2025-06-13,REP-020,CUST-00153,Egypt,CL-BKP,1.0,60128.52,0.0573,56683.16,EGP,2026-01-05 06:00:00
L0021680,INV-2025-010531,INV,,2025-06-17,REP-057,CUST-00806,UAE,DV-AP,6.0,1652.62,0.1958,7974.22,AED,2026-01-05 06:00:00
L0016744,INV-2025-008089,INV,,2025-03-27,REP-013,CUST-00178,Egypt,PS-IMPL,1.0,39159.12,0.0,39159.12,EGP,2026-01-05 06:00:00
L0007403,INV-2024-003613,INV,,2024-07-20,REP-035,CUST-00432,Saudi Arabia,CY-EDR,1.0,11250.0,0.1269,9822.38,SAR,2026-01-05 06:00:00
L0027159,INV-2025-013166,INV,,2025-10-27,REP-067,CUST-00910,Oman,CL-BKP,2.0,461.4,0.0427,883.4,OMR,2026-01-05 06:00:00
L0002565,INV-2024-001256,INV,,2024-03-19,REP-023,CUST-00372,Egypt,CN-SDWAN,1.0,170687.88,0.1943,137523.22,EGP,2026-01-05 06:00:00
L0013063,INV-2024-006303,INV,,2024-12-01,REP-001,CUST-00256,Egypt,CY-EDR,1.0,143291.7,0.0452,136814.92,EGP,2026-01-05 06:00:00
L0015363,INV-2025-007407,INV,,2025-02-27,REP-002,CUST-00070,Egypt,CN-SDWAN,1.0,176805.72,0.1747,145917.76,EGP,2026-01-05 06:00:00
L0000186,INV-2024-000084,INV,,2024-01-03,REP-014,CUST-00102,Egypt,DV-AP,1.0,13905.0,0.0657,12991.44,EGP,2026-01-05 06:00:00
L0000501,INV-2024-000237,INV,,2024-01-12,REP-039,CUST-00516,Saudi Arabia,CY-EDR,1.0,11250.0,0.0804,10345.5,SAR,2026-01-05 06:00:00
L0010000,INV-2024-004847,INV,,2024-09-29,REP-065,CUST-00866,Oman,CN-FIB-100,1.0,922.8,0.0241,900.56,OMR,2026-01-05 06:00:00
L0013909,INV-2024-006692,INV,,2024-12-24,REP-058,CUST-00794,UAE,DV-RTR,1.0,4039.75,0.174,3336.83,AED,2026-01-05 06:00:00
L0001647,INV-2024-000811,INV,,2024-02-15,REP-042,CUST-00447,Saudi Arabia,CN-FIB-100,3.0,9000.0,0.0511,25620.3,SAR,2026-01-05 06:00:00
L0005530,INV-2024-002726,INV,,2024-06-27,REP-003,CUST-00067,Egypt,MS-COLO,2.0,461920.32,0.0774,852335.37,EGP,2026-01-05 06:00:00
L0012915,INV-2024-006211,INV,,2024-12-18,REP-015,CUST-00294,Egypt,DV-AP,3.0,21493.76,0.106,57646.26,EGP,2026-01-05 06:00:00
L0019233,INV-2025-009315,INV,,2025-05-16,REP-015,CUST-00328,Egypt,CN-FIB-100,1.0,119833.2,0.089,109168.05,EGP,2026-01-05 06:00:00
L0001987,INV-2024-000966,INV,,2024-02-26,REP-062,CUST-00817,UAE,PS-AUD,2.0,20198.75,0.0914,36705.17,AED,2026-01-05 06:00:00
L0025950,INV-2025-012569,INV,,2025-10-09,REP-008,CUST-00057,Egypt,DV-SW48,5.0,109033.32,0.0913,495392.89,EGP,2026-01-05 06:00:00
L0010912,INV-2024-005289,INV,,2024-10-18,REP-051,CUST-00768,UAE,CN-FIB-100,1.0,8814.0,0.1598,7405.52,AED,2026-01-05 06:00:00
L0022225,INV-2025-010801,INV,,2025-07-23,REP-018,CUST-00120,Egypt,CY-EDR,1.0,148578.0,0.1003,133675.63,EGP,2026-01-05 06:00:00
L0012065,INV-2024-005821,INV,,2024-11-13,REP-043,CUST-00492,Saudi Arabia,CL-PROD,2.0,5625.0,0.0997,10128.38,SAR,2026-01-05 06:00:00
L0016431,INV-2025-007930,INV,,2025-02-20,REP-065,CUST-00951,Oman,MS-HELP,1.0,1845.6,0.0221,1804.81,OMR,2026-01-05 06:00:00
L0008114,INV-2024-003959,INV,,2024-08-27,REP-015,CUST-00272,Egypt,CL-BKP,2.0,57385.92,0.131,99736.73,EGP,2026-01-05 06:00:00
L0025873,INV-2025-012539,INV,,2025-10-01,REP-003,CUST-00040,Egypt,MS-HELP,1.0,237890.88,0.0903,216409.33,EGP,2026-01-05 06:00:00
L0009418,INV-2024-004577,INV,,2024-09-11,REP-032,CUST-00443,Saudi Arabia,CL-IAAS-S,3.0,6750.0,0.1542,17127.45,SAR,2026-01-05 06:00:00
L0028223,INV-2025-013689,INV,,2025-11-27,REP-045,CUST-00592,Saudi Arabia,CN-SDWAN,2.0,13500.0,0.102,24246.0,SAR,2026-01-05 06:00:00
L0028283,INV-2025-013723,INV,,2025-11-27,REP-047,CUST-00705,Saudi Arabia,CL-PROD,1.0,5625.0,0.0145,5543.44,SAR,2026-01-05 06:00:00
L0028153,INV-2025-013650,INV,,2025-11-04,REP-043,CUST-00455,Saudi Arabia,CN-SDWAN,1.0,13500.0,0.0134,13319.1,SAR,2026-01-05 06:00:00
L0013144,INV-2024-006344,INV,,2024-12-07,REP-025,CUST-00360,Egypt,CN-FIB-100,1.0,114633.36,0.162,96062.76,EGP,2026-01-05 06:00:00
L0002710,INV-2024-001320,INV,,2024-03-01,REP-033,CUST-00410,Saudi Arabia,CN-MPLS,2.0,33750.0,0.0491,64185.75,SAR,2026-01-05 06:00:00
L0025672,INV-2025-012426,INV,,2025-09-19,REP-065,CUST-00842,Oman,CL-IAAS-S,1.0,692.1,0.0206,677.84,OMR,2026-01-05 06:00:00
L0014474,INV-2025-006978,INV,,2025-01-31,REP-020,CUST-00072,Egypt,DV-RTR,1.0,54646.57,0.0529,51755.77,EGP,2026-01-05 06:00:00
L0002966,INV-2024-001457,INV,,2024-03-08,REP-049,CUST-00747,UAE,dv-sw48 ,2.0,8079.5,0.0627,15145.83,AED,2026-01-05 06:00:00
L0022822,INV-2025-011085,INV,,2025-07-28,REP-072,CUST-00759,UAE,MS-HELP,1.0,17628.0,0.0115,17425.28,AED,2026-01-05 06:00:00
L0005505,INV-2024-002716,INV,,2024-06-04,REP-001,CUST-00024,Egypt,CL-PROD,5.0,72175.05,0.07,335613.98,EGP,2026-01-05 06:00:00
L0013629,INV-2024-006582,INV,,2024-12-31,REP-076,CUST-00641,Saudi Arabia,CL-BKP,3.0,4500.0,0.0419,12934.35,SAR,2026-01-05 06:00:00
L0016811,INV-2025-008131,INV,,2025-03-30,,CUST-00186,Egypt,DV-RTR,2.0,53843.79,0.0025,107418.36,EGP,2026-01-05 06:00:00
L0024081,INV-2025-011686,INV,,2025-08-21,REP-060,CUST-00792,UAE,CL-BKP,4.0,4407.0,0.2192,13763.94,AED,2026-01-05 06:00:00
L0028550,INV-2025-013828,INV,,2025-11-22,REP-061,CUST-00804,UAE,CL-IAAS-S,2.0,6610.5,0.1945,10649.52,AED,2026-01-05 06:00:00
L0026815,INV-2025-013015,INV,,2025-10-10,REP-051,CUST-00748,UAE,CY-FW,4.0,22035.0,0.1541,74557.63,AED,2026-01-05 06:00:00
L0012691,INV-2024-006105,INV,,2024-12-16,REP-006,CUST-00069,Egypt,CY-EDR,1.0,143291.7,0.1207,125996.39,EGP,2026-01-05 06:00:00
L0022908,INV-2025-011120,INV,,2025-07-29,REP-060,CUST-00786,UAE,DV-AP,27.0,1652.62,0.2422,33813.6,AED,2026-01-05 06:00:00
L0023366,INV-2025-011352,INV,,2025-08-11,REP-016,CUST-00193,Egypt,DV-AP,2.0,22438.48,0.1476,38253.12,EGP,2026-01-05 06:00:00
L0030322,INV-2025-014686,INV,,2025-12-12,REP-057,CUST-00792,UAE,CL-IAAS-S,4.0,6610.5,0.2114,20852.16,AED,2026-01-05 06:00:00
L0019284,INV-2025-009345,INV,,2025-05-02,REP-017,CUST-00080,Egypt,DV-RTR,1.0,54923.55,0.0699,51084.39,EGP,2026-01-05 06:00:00
L0024237,INV-2025-011769,INV,,2025-08-29,REP-084,CUST-00868,Oman,DV-AP,1.0,173.02,0.1327,150.06,OMR,2026-01-05 06:00:00
L0012110,INV-2024-005847,INV,,2024-11-15,REP-045,CUST-00667,Saudi Arabia,cy-edr ,1.0,11250.0,0.0812,10336.5,SAR,2026-01-05 06:00:00
L0006889,INV-2024-003370,INV,,2024-07-30,REP-006,CUST-00053,Egypt,MS-HELP,1.0,232548.96,0.1503,197596.85,EGP,2026-01-05 06:00:00
L0018467,INV-2025-008948,INV,,2025-04-24,REP-042,CUST-00658,Saudi Arabia,CN-FIB-100,1.0,9000.0,0.0669,8397.9,SAR,2026-01-05 06:00:00
L0010933,INV-2024-005295,INV,,2024-10-14,REP-051,CUST-00731,UAE,MS-HELP,3.0,17628.0,0.1416,45395.63,AED,2026-01-05 06:00:00
L0005909,INV-2024-002916,INV,,2024-06-29,REP-022,CUST-00340,Egypt,DV-AP,1.0,21652.52,0.187,17603.5,EGP,2026-01-05 06:00:00
L0018790,INV-2025-009096,INV,,2025-04-30,REP-061,CUST-00819,UAE,DV-AP,1.0,1652.62,0.1871,1343.41,AED,2026-01-05 06:00:00
L0027917,INV-2025-013549,INV,,2025-11-17,REP-032,CUST-00400,Saudi Arabia,DV-SW48,2.0,8250.0,0.0736,15285.6,SAR,2026-01-05 06:00:00
L0024120,INV-2025-011705,INV,,2025-08-31,REP-049,CUST-00779,UAE,CL-BKP,1.0,4407.0,0.1957,3544.55,AED,2026-01-05 06:00:00
L0008412,INV-2024-004104,INV,,2024-08-05,REP-070,CUST-00423,Saudi Arabia,CN-FIB-100,1.0,9000.0,0.1514,7637.4,SAR,2026-01-05 06:00:00
L0014304,INV-2025-006873,INV,,2025-01-20,REP-009,CUST-00055,Egypt,DV-RTR,1.0,54646.57,0.1156,48329.43,EGP,2026-01-05 06:00:00
L0028543,INV-2025-013826,INV,,2025-11-27,REP-061,CUST-00779,UAE,DV-AP,19.0,1652.62,0.2133,24702.21,AED,2026-01-05 06:00:00
L0018827,INV-2025-009116,INV,,2025-04-21,REP-071,CUST-00781,UAE,CN-SDWAN,1.0,13221.0,0.1846,10780.4,AED,2026-01-05 06:00:00
L0009743,INV-2024-004733,INV,,2024-09-12,REP-051,CUST-00771,UAE,MS-NOC,2.0,44070.0,0.1269,76955.03,AED,2026-01-05 06:00:00
L0007971,INV-2024-003875,INV,,2024-08-30,REP-007,CUST-00039,Egypt,PS-IMPL,3.0,38257.28,0.1263,100276.16,EGP,2026-01-05 06:00:00
L0023778,INV-2025-011552,INV,,2025-08-30,REP-039,CUST-00468,Saudi Arabia,CN-FIB-100,3.0,9000.0,0.1356,23338.8,SAR,2026-01-05 06:00:00
L0004923,INV-2024-002419,INV,,2024-05-30,REP-034,CUST-00394,Saudi Arabia,CY-EDR,3.0,11250.0,0.0853,30871.12,SAR,2026-01-05 06:00:00
L0012826,INV-2024-006158,INV,,2024-12-27,REP-010,CUST-00174,Egypt,CL-BKP,1.0,57316.68,0.0414,54943.77,EGP,2026-01-05 06:00:00
L0013415,INV-2024-006454,INV,,2024-12-23,REP-040,CUST-00527,Saudi Arabia,CN-FIB-100,3.0,9000.0,0.0,27000.0,SAR,2026-01-05 06:00:00
L0028161,INV-2025-013654,INV,,2025-11-29,REP-044,CUST-00455,Saudi Arabia,CN-SDWAN,1.0,13500.0,0.0564,12738.6,SAR,2026-01-05 06:00:00
L0009563,INV-2024-004645,INV,,2024-09-11,REP-042,CUST-00564,Saudi Arabia,CL-PROD,1.0,5625.0,0.0481,5354.44,SAR,2026-01-05 06:00:00
L0023294,INV-2025-011311,INV,,2025-08-08,REP-010,CUST-00249,Egypt,DV-AP,1.0,22438.48,0.0521,21269.44,EGP,2026-01-05 06:00:00
L0017913,INV-2025-008670,INV,,2025-04-22,REP-017,CUST-00290,Egypt,CL-BKP,1.0,58959.6,0.0392,56648.38,EGP,2026-01-05 06:00:00
L0013091,INV-2024-006315,INV,,2024-12-30,REP-022,CUST-00358,Egypt,CY-EDR,1.0,143291.7,0.1679,119233.02,EGP,2026-01-05 06:00:00
L0005965,INV-2024-002943,INV,,2024-06-24,REP-025,CUST-00373,Egypt,DV-AP,3.0,21652.52,0.1658,54187.6,EGP,2026-01-05 06:00:00
L0014300,INV-2025-006871,INV,,2025-01-28,REP-009,CUST-00058,Egypt,PS-TRN,1.0,74518.05,0.1245,65240.55,EGP,2026-01-05 06:00:00
L0022005,INV-2025-010697,INV,,2025-07-26,REP-004,CUST-00043,Egypt,MS-HELP,1.0,237724.8,0.0904,216234.48,EGP,2026-01-05 06:00:00
L0019986,INV-2025-009702,INV,,2025-05-28,REP-050,CUST-00719,UAE,CN-FIB-100,5.0,8814.0,0.0804,40526.77,AED,2026-01-05 06:00:00
L0013382,INV-2024-006433,INV,,2024-12-18,REP-075,CUST-00405,Saudi Arabia,CY-EDR,1.0,11250.0,0.1226,9870.75,SAR,2026-01-05 06:00:00
L0017100,INV-2025-008268,INV,,2025-03-06,REP-033,CUST-00402,Saudi Arabia,CY-FW,2.0,6000.0,0.0926,10888.8,USD,2026-01-05 06:00:00
L0029511,INV-2025-014333,INV,,2025-12-18,REP-093,CUST-00371,Egypt,CN-SDWAN,1.0,181633.32,0.2019,144961.55,EGP,2026-01-05 06:00:00
L0024663,INV-2025-011972,INV,,2025-09-30,REP-077,CUST-00106,Egypt,DV-AP,3.0,22527.72,0.0726,62676.62,EGP,2026-01-05 06:00:00
L0004151,INV-2024-002041,INV,,2024-04-11,REP-057,CUST-00796,UAE,CL-BKP,6.0,4407.0,0.1699,21949.5,AED,2026-01-05 06:00:00
L0012945,INV-2024-006229,INV,,2024-12-28,REP-017,CUST-00265,Egypt,CN-FIB-100,1.0,114633.36,0.0291,111297.53,EGP,2026-01-05 06:00:00
L0002526,INV-2024-001239,INV,,2024-03-14,REP-021,CUST-00338,Egypt,CL-BKP,4.0,56895.96,0.2094,179927.78,EGP,2026-01-05 06:00:00
L0007630,INV-2024-003724,INV,,2024-07-08,REP-054,CUST-00744,UAE,CN-FIB-100,1.0,8814.0,0.091,8011.93,AED,2026-01-05 06:00:00
L0021232,INV-2025-010308,INV,,2025-06-02,REP-039,CUST-00487,Saudi Arabia,CL-IAAS-S,1.0,6750.0,0.086,6169.5,SAR,2026-01-05 06:00:00
L0004473,INV-2024-002186,INV,,2024-05-20,REP-008,CUST-00021,egypt,CN-FIB-100,1.0,114923.28,0.0689,107005.07,EGP,2026-01-05 06:00:00
L0020664,INV-2025-010030,INV,,2025-06-29,REP-015,CUST-00227,Egypt,MS-HELP,1.0,240514.08,0.1143,213023.32,EGP,2026-01-05 06:00:00
L0023536,INV-2025-011450,INV,,2025-08-30,REP-023,CUST-00374,Egypt,CN-FIB-100,1.0,119671.92,0.2175,93643.28,EGP,2026-01-05 06:00:00
L0005579,INV-2024-002744,INV,,2024-06-28,REP-005,CUST-00046,Egypt,CY-EDR,1.0,144350.1,0.1878,117241.15,EGP,2026-01-05 06:00:00
L0029472,INV-2025-014315,INV,,2025-12-28,REP-027,CUST-00336,Egypt,DV-AP,16.0,22704.16,0.1958,292138.97,EGP,2026-01-05 06:00:00
L0023196,INV-2025-011273,INV,,2025-08-30,REP-004,CUST-00039,Egypt,MS-HELP,1.0,239343.84,0.0849,219023.55,EGP,2026-01-05 06:00:00
L0007100,INV-2024-003479,INV,,2024-07-04,REP-018,CUST-00323,Egypt,CL-BKP,1.0,58137.24,0.1194,51195.65,EGP,2026-01-05 06:00:00
L0003381,INV-2024-001651,INV,,2024-04-30,REP-010,CUST-00299,Egypt,CY-EDR,1.0,143821.2,0.0153,141620.74,EGP,2026-01-05 06:00:00
L0008722,INV-2024-004244,INV,,2024-08-07,REP-060,CUST-00815,UAE,CY-FW,2.0,22035.0,0.1908,35661.44,AED,2026-01-05 06:00:00
L0012100,INV-2024-005842,INV,,2024-11-28,REP-045,CUST-00559,Saudi Arabia,CL-BKP,6.0,4500.0,0.1348,23360.4,SAR,2026-01-05 06:00:00
L0024601,INV-2025-011936,INV,,2025-09-30,REP-018,CUST-00215,Egypt,DV-RTR,1.0,55067.76,0.1243,48222.84,EGP,2026-01-05 06:00:00
L0003860,INV-2024-001898,INV,,2024-04-29,REP-041,CUST-00617,Saudi Arabia,CN-FIB-100,1.0,9000.0,0.0608,8452.8,SAR,2026-01-05 06:00:00
L0029543,INV-2025-014348,INV,,2025-12-19,REP-028,CUST-00378,Saudi Arabia,MS-NOC,3.0,45000.0,0.1,121500.0,SAR,2026-01-05 06:00:00
L0011327,INV-2024-005471,INV,,2024-11-29,,CUST-00016,Egypt,MS-HELP,1.0,231903.36,0.2061,184108.08,EGP,2026-01-05 06:00:00
L0029133,INV-2025-014129,INV,,2025-12-17,REP-016,CUST-00255,Egypt,CL-BKP,1.0,60544.44,0.1209,53224.62,EGP,2026-01-05 06:00:00
L0015646,INV-2025-007551,INV,,2025-02-07,REP-019,CUST-00120,Egypt,CL-BKP,1.0,58935.24,0.026,57402.92,EGP,2026-01-05 06:00:00
L0026504,INV-2025-012853,INV,,2025-10-21,REP-075,CUST-00425,Saudi Arabia,CY-EDR,1.0,11250.0,0.1013,10110.38,SAR,2026-01-05 06:00:00
L0020798,INV-2025-010107,INV,,2025-06-20,REP-020,CUST-00181,Egypt,CN-FIB-100,1.0,120257.04,0.0669,112211.84,EGP,2026-01-05 06:00:00
L0008073,INV-2024-003935,INV,,2024-08-02,REP-014,CUST-00269,Egypt,CN-FIB-100,1.0,114771.84,0.0188,112614.13,EGP,2026-01-05 06:00:00
L0017364,INV-2025-008403,INV,,2025-03-19,REP-045,CUST-00464,Saudi Arabia,CL-BKP,1.0,4500.0,0.1225,3948.75,SAR,2026-01-05 06:00:00
L0026435,INV-2025-012827,INV,,2025-10-15,REP-035,CUST-00402,Saudi Arabia,PS-AUD,5.0,20625.0,0.1023,92575.31,SAR,2026-01-05 06:00:00
L0008812,INV-2024-004289,INV,,2024-08-06,REP-065,CUST-00917,Oman,CN-FIB-100,2.0,922.8,0.0392,1773.25,OMR,2026-01-05 06:00:00
L0007830,INV-2024-003809,INV,,2024-07-13,REP-065,CUST-00870,Oman,DV-AP,3.0,173.02,0.013,512.31,OMR,2026-01-05 06:00:00
L0015917,INV-2025-007675,INV,,2025-02-26,REP-037,CUST-00439,Saudi Arabia,CN-FIB-100,1.0,9000.0,0.1502,7648.2,SAR,2026-01-05 06:00:00
L0010865,INV-2024-005271,INV,,2024-10-16,REP-047,CUST-00618,Saudi Arabia,CN-SDWAN,1.0,13500.0,0.0477,12856.05,SAR,2026-01-05 06:00:00
L0023050,INV-2025-011188,INV,,2025-07-13,REP-067,CUST-00884,oman,DV-AP,2.0,173.02,0.0521,328.01,OMR,2026-01-05 06:00:00
L0012270,INV-2024-005923,INV,,2024-11-26,REP-054,CUST-00716,UAE,CN-FIB-100,1.0,8814.0,0.1278,7687.57,AED,2026-01-05 06:00:00
L0013280,INV-2024-006398,INV,,2024-12-14,REP-032,CUST-00406,Saudi Arabia,MS-HELP,1.0,18000.0,0.173,14886.0,SAR,2026-01-05 06:00:00
L0026554,INV-2025-012876,INV,,2025-10-06,REP-039,CUST-00468,Saudi Arabia,PS-IMPL,1.0,3000.0,0.0644,2806.8,SAR,2026-01-05 06:00:00
L0014216,INV-2025-006843,INV,,2025-01-16,REP-005,CUST-00015,Egypt,DV-AP,4.0,22355.42,0.1682,74380.95,EGP,2026-01-05 06:00:00
L0030798,CN-2024-00035,CN,INV-2024-001775,2024-08-01,REP-022,CUST-00368,Egypt,CN-FIB-100,-1.0,114771.84,0.1403,-98669.35,EGP,2026-01-05 06:00:00
L0017526,INV-2025-008476,INV,,2025-03-23,REP-072,CUST-00743,UAE,CY-EDR,1.0,11017.5,0.1002,9913.55,AED,2026-01-05 06:00:00
L0022130,INV-2025-010745,INV,,2025-07-08,REP-011,CUST-00116,Egypt,CN-FIB-100,1.0,118862.4,0.0099,117685.66,EGP,2026-01-05 06:00:00
L0021583,INV-2025-010494,INV,,2025-06-15,REP-055,CUST-00768,UAE,CN-FIB-100,2.0,8814.0,0.1016,15837.0,AED,2026-01-05 06:00:00
L0019899,INV-2025-009662,INV,,2025-05-27,REP-046,CUST-00638,Saudi Arabia,CL-BKP,1.0,4500.0,0.069,4189.5,SAR,2026-01-05 06:00:00
L0019315,INV-2025-009365,INV,,2025-05-31,REP-019,CUST-00174,Egypt,CN-FIB-100,1.0,119833.2,0.0133,118239.42,EGP,2026-01-05 06:00:00
L0014351,INV-2025-006896,INV,,2025-01-15,REP-011,CUST-00315,Egypt,MS-HELP,1.0,238457.76,0.0424,228347.15,EGP,2026-01-05 06:00:00
L0019131,INV-2025-009260,INV,,2025-05-24,REP-009,CUST-00020,Egypt,CN-MPLS,1.0,449374.5,0.0783,414188.48,EGP,2026-01-05 06:00:00
L0030267,INV-2025-014663,INV,,2025-12-29,REP-088,CUST-00737,UAE,CY-FW,2.0,22035.0,0.2018,35176.67,AED,2026-01-05 06:00:00
L0026474,INV-2025-012843,INV,,2025-10-18,REP-070,CUST-00379,Saudi Arabia,CY-EDR,1.0,11250.0,0.0978,10149.75,SAR,2026-01-05 06:00:00
L0009502,INV-2024-004612,INV,,2024-09-10,REP-038,CUST-00678,Saudi Arabia,CN-FIB-100,2.0,9000.0,0.0574,16966.8,SAR,2026-01-05 06:00:00
L0026099,INV-2025-012647,INV,,2025-10-20,REP-016,CUST-00285,Egypt,CN-FIB-100,1.0,118945.44,0.1028,106717.85,EGP,2026-01-05 06:00:00
L0003402,INV-2024-001663,INV,,2024-04-11,REP-011,CUST-00268,Egypt,CL-IAAS-S,1.0,86292.72,0.019,84653.16,EGP,2026-01-05 06:00:00
L0023002,INV-2025-011166,INV,,2025-07-10,REP-065,CUST-00916,Oman,CY-EDR,1.0,1153.5,0.0215,1128.7,OMR,2026-01-05 06:00:00
L0012450,INV-2024-005989,INV,,2024-11-03,REP-061,CUST-00777,UAE,CL-BKP,1.0,4407.0,0.1858,3588.18,AED,2026-01-05 06:00:00
L0020315,INV-2025-009861,INV,,2025-05-27,REP-074,CUST-00858,Oman,CN-FIB-100,1.0,922.8,0.0593,868.08,OMR,2026-01-05 06:00:00
L0006120,INV-2024-003012,INV,,2024-06-01,REP-035,CUST-00413,Saudi Arabia,DV-RTR,1.0,4125.0,0.0825,3784.69,SAR,2026-01-05 06:00:00
L0020115,INV-2025-009757,INV,,2025-05-25,REP-057,CUST-00818,UAE,DV-SW48,4.0,8079.5,0.1225,28359.04,AED,2026-01-05 06:00:00
L0016162,INV-2025-007810,INV,,2025-02-25,REP-046,CUST-00609,Saudi Arabia,CN-FIB-100,1.0,9000.0,0.0463,8583.3,SAR,2026-01-05 06:00:00
L0012009,INV-2024-005787,INV,,2024-11-30,REP-040,CUST-00591,Saudi Arabia,DV-SW48,2.0,8250.0,0.0,16500.0,SAR,2026-01-05 06:00:00
L0026106,INV-2025-012650,INV,,2025-10-17,REP-016,CUST-00285,Egypt,DV-AP,7.0,22302.27,0.0981,140800.92,EGP,2026-01-05 06:00:00
L0007311,INV-2024-003580,INV,,2024-07-22,REP-028,CUST-00439,Saudi Arabia,PS-IMPL,1.0,3000.0,0.1008,2697.6,SAR,2026-01-05 06:00:00
L0019247,INV-2025-009323,INV,,2025-05-21,REP-015,CUST-00305,Egypt,CL-PROD,4.0,74895.75,0.0661,279780.56,EGP,2026-01-05 06:00:00
L0014696,INV-2025-007083,INV,,2025-01-13,REP-031,CUST-00421,Saudi Arabia,DV-RTR,20.0,4125.0,0.0858,75421.5,SAR,2026-01-05 06:00:00
L0022888,INV-2025-011109,INV,,2025-07-19,REP-057,CUST-00777,UAE,PS-TRN,1.0,5508.75,0.1869,4479.16,AED,2026-01-05 06:00:00
L0015015,INV-2025-007238,INV,,2025-01-27,REP-076,CUST-00641,saudi arabia,MS-HELP,1.0,18000.0,0.0385,17307.0,SAR,2026-01-05 06:00:00
L0017956,INV-2025-008699,INV,,2025-04-07,REP-020,CUST-00262,Egypt,CL-BKP,1.0,58959.6,0.0277,57326.42,EGP,2026-01-05 06:00:00
L0025640,INV-2025-012411,INV,,2025-09-30,REP-083,CUST-00801,UAE,CY-EDR,1.0,11017.5,0.1667,9180.88,AED,2026-01-05 06:00:00
L0004724,INV-2024-002335,INV,,2024-05-29,REP-020,CUST-00125,Egypt,DV-AP,1.0,21548.12,0.0543,20378.06,EGP,2026-01-05 06:00:00
L0022419,INV-2025-010904,INV,,2025-07-01,REP-029,CUST-00438,Saudi Arabia,CN-FIB-100,1.0,9000.0,0.1296,7833.6,SAR,2026-01-05 06:00:00
L0029839,INV-2025-014456,INV,,2025-12-15,REP-039,CUST-00451,Saudi Arabia, cy-edr,1.0,11250.0,0.0701,10461.38,SAR,2026-01-05 06:00:00
L0005197,INV-2024-002574,INV,,2024-05-29,REP-050,CUST-00727,UAE,CN-FIB-100,9.0,8814.0,0.1515,67308.11,AED,2026-01-05 06:00:00
L0017947,INV-2025-008695,INV,,2025-04-10,REP-019,CUST-00128,Egypt,CY-EDR,1.0,147399.0,0.0243,143817.2,EGP,2026-01-05 06:00:00
L0002726,INV-2024-001329,INV,,2024-03-27,REP-036,CUST-00381,Saudi Arabia,MS-HELP,1.0,18000.0,0.1637,15053.4,SAR,2026-01-05 06:00:00
L0020580,INV-2025-009982,INV,,2025-06-02,REP-009,CUST-00025,Egypt,CN-FIB-100,2.0,120257.04,0.0975,217063.96,EGP,2026-01-05 06:00:00
L0026041,INV-2025-012611,INV,,2025-10-30,REP-011,CUST-00312,Egypt,CL-BKP,2.0,59472.72,0.065,111213.99,EGP,2026-01-05 06:00:00
L0020073,INV-2025-009736,INV,,2025-05-19,REP-083,CUST-00755,UAE,MS-HELP,1.0,17628.0,0.0642,16496.28,AED,2026-01-05 06:00:00
L0025735,INV-2025-012464,INV,,2025-09-15,REP-074,CUST-00947,Oman,CL-PROD,2.0,576.75,0.0539,1091.33,OMR,2026-01-05 06:00:00
L0020856,INV-2025-010141,INV,,2025-06-20,REP-078,CUST-00227,Egypt,CY-EDR,1.0,150321.3,0.1256,131440.94,EGP,2026-01-05 06:00:00
L0007694,INV-2024-003746,INV,,2024-07-29,REP-058,CUST-00781,UAE,CN-FIB-100,3.0,8814.0,0.2456,19947.84,AED,2026-01-05 06:00:00
L0017219,INV-2025-008323,INV,,27/03/2025,REP-039,CUST-00565,Saudi Arabia,CY-EDR,1.0,11250.0,0.1046,10073.25,SAR,2026-01-05 06:00:00
L0015091,INV-2025-007266,INV,,2025-01-24,REP-053,CUST-00751,UAE,CL-IAAS-S,15.0,6610.5,0.0544,93763.33,AED,2026-01-05 06:00:00
L0022539,INV-2025-010952,INV,,2025-07-31,REP-038,CUST-00557,Saudi Arabia,DV-AP,5.0,1687.5,0.0768,7789.5,SAR,2026-01-05 06:00:00
L0007596,INV-2024-003714,INV,,2024-07-07,REP-051,CUST-00736,UAE,MS-HELP,1.0,17628.0,0.1187,15535.56,AED,2026-01-05 06:00:00
L0029243,INV-2025-014192,INV,,2025-12-01,REP-020,CUST-00180,Egypt,CL-BKP,1.0,60544.44,0.0294,58764.43,EGP,2026-01-05 06:00:00
L0031027,CN-2025-00160,CN,INV-2024-006111,2025-03-01,REP-006,CUST-00018,Egypt,CN-FIB-100,-7.0,117477.36,0.1608,-690109.0,EGP,2026-01-05 06:00:00
L0023172,INV-2025-011263,INV,,2025-08-30,REP-002,CUST-00009,Egypt,CN-FIB-100,1.0,119671.92,0.1351,103504.24,EGP,2026-01-05 06:00:00
L0025973,INV-2025-012577,INV,,2025-10-16,REP-009,CUST-00069,Egypt,MS-HELP,1.0,237890.88,0.096,215053.36,EGP,2026-01-05 06:00:00
L0026690,INV-2025-012956,INV,,2025-10-30,REP-045,CUST-00632,Saudi Arabia,MS-HELP,1.0,18000.0,0.1193,15852.6,SAR,2026-01-05 06:00:00
L0021025,INV-2025-010218,INV,,2025-06-07,REP-029,CUST-00443,Saudi Arabia,DV-AP,2.0,1687.5,0.1351,2919.04,SAR,2026-01-05 06:00:00
L0012400,INV-2024-005967,INV,,2024-11-21,REP-059,CUST-00811,UAE,CY-EDR,5.0,11017.5,0.1809,45122.17,AED,2026-01-05 06:00:00
L0006962,INV-2024-003400,INV,,2024-07-15,REP-010,CUST-00197,Egypt,CL-BKP,1.0,58137.24,0.0261,56619.86,EGP,2026-01-05 06:00:00
L0025476,INV-2025-012338,INV,,2025-09-13,REP-088,CUST-00769,UAE,CN-FIB-100,1.0,8814.0,0.1325,7646.14,AED,2026-01-05 06:00:00
L0002798,INV-2024-001362,INV,,2024-03-02,REP-041,CUST-00523,Saudi Arabia,MS-COLO,1.0,36000.0,0.0547,34030.8,SAR,2026-01-05 06:00:00
L0026498,INV-2025-012851,INV,,2025-10-27,REP-075,CUST-00393,Saudi Arabia,CL-IAAS-S,3.0,6750.0,0.0858,18512.55,SAR,2026-01-05 06:00:00
L0012024,INV-2024-005794,INV,,2024-11-29,REP-042,CUST-00609,Saudi Arabia,CL-BKP,4.0,4500.0,0.109,16038.0,SAR,2026-01-05 06:00:00
L0010098,INV-2024-004899,INV,,2024-10-25,REP-002,CUST-00044,Egypt,MS-HELP,1.0,233582.4,0.1404,200787.43,EGP,2026-01-05 06:00:00
L0008881,INV-2024-004322,INV,,2024-09-17,REP-001,CUST-00038,Egypt,CL-BKP,3.0,57884.28,0.1465,148212.7,EGP,2026-01-05 06:00:00
L0021734,INV-2025-010556,INV,,2025-06-03,REP-063,CUST-00788,UAE,DV-AP,2.0,1652.62,0.1605,2774.75,AED,2026-01-05 06:00:00
L0024848,INV-2025-012062,INV,,2025-09-15,REP-027,CUST-00342,Egypt,CL-BKP,1.0,60073.92,0.2175,47007.84,EGP,2026-01-05 06:00:00
L0009004,INV-2024-004370,INV,,2024-09-01,REP-007,CUST-00070,Egypt,MS-HELP,1.0,231537.12,0.1153,204840.89,EGP,2026-01-05 06:00:00
L0010343,INV-2024-005009,INV,,2024-10-15,REP-016,CUST-00155,Egypt,PS-TRN,1.0,72994.5,0.1176,64410.35,EGP,2026-01-05 06:00:00
L0013428,INV-2024-006464,INV,,16/12/2024,REP-040,CUST-00684,Saudi Arabia,DV-SW48,1.0,8250.0,0.0,8250.0,SAR,2026-01-05 06:00:00
L0000945,INV-2024-000450,INV,,2024-02-23,REP-002,CUST-00016,Egypt,MS-HELP,1.0,148320.0,0.1302,129008.74,EGP,2026-01-05 06:00:00
L0030713,INV-2025-014888,INV,,2025-12-09,REP-084,CUST-00845,Oman,DV-SW48,2.0,845.9,0.0886,1541.91,OMR,2026-01-05 06:00:00
L0019155,INV-2025-009269,INV,,2025-05-08,REP-010,CUST-00077,Egypt,CL-BKP,2.0,59916.6,0.0418,114824.17,EGP,2026-01-05 06:00:00
L0004198,INV-2024-002062,INV,,2024-04-29,REP-059,CUST-00780,UAE,DV-SW48,3.0,8079.5,0.202,19342.32,AED,2026-01-05 06:00:00
L0017870,INV-2025-008646,INV,,2025-04-28,REP-015,CUST-00251,Egypt,CL-BKP,1.0,58959.6,0.0762,54466.88,EGP,2026-01-05 06:00:00
L0002415,INV-2024-001177,INV,,2024-03-16,REP-016,CUST-00084,Egypt,CL-BKP,3.0,56895.96,0.1127,151451.36,EGP,2026-01-05 06:00:00
L0011308,INV-2024-005466,INV,,2024-11-03,REP-001,CUST-00031,Egypt,CN-FIB-100,1.0,115951.68,0.0721,107591.56,EGP,2026-01-05 06:00:00
L0005114,INV-2024-002528,INV,,2024-05-20,REP-045,CUST-00564,Saudi Arabia,CN-FIB-100,1.0,9000.0,0.085,8235.0,SAR,2026-01-05 06:00:00
L0005255,INV-2024-002594,INV,,2024-05-28,REP-053,CUST-00755,UAE,CN-MPLS,2.0,33052.5,0.0859,60426.58,AED,2026-01-05 06:00:00
L0008084,INV-2024-003941,INV,,2024-08-31,REP-015,CUST-00321,Egypt,CN-FIB-100,1.0,114771.84,0.1205,100941.83,EGP,2026-01-05 06:00:00
L0030160,INV-2025-014627,INV,,2025-12-27,REP-055,CUST-00720,UAE,CY-EDR,1.0,11017.5,0.0657,10293.65,AED,2026-01-05 06:00:00
L0010483,INV-2024-005085,INV,,2024-10-23,REP-024,CUST-00340,Egypt,CN-FIB-100,1.0,116791.2,0.2009,93327.85,EGP,2026-01-05 06:00:00
L0003277,INV-2024-001607,INV,,2024-04-20,REP-003,CUST-00053,Egypt,CL-IAAS-S,1.0,86292.72,0.0612,81011.61,EGP,2026-01-05 06:00:00
L0030802,CN-2024-00037,CN,INV-2024-001799,2024-09-04,REP-025,CUST-00337,Egypt,CN-SDWAN,-2.0,173652.84,0.2099,-274406.22,EGP,2026-01-05 06:00:00
L0003279,INV-2024-001608,INV,,2024-04-13,REP-003,CUST-00020,Egypt,CY-EDR,4.0,143821.2,0.0849,526443.12,EGP,2026-01-05 06:00:00
L0009219,INV-2024-004487,INV,,2024-09-10,REP-020,CUST-00133,Egypt,CN-FIB-100,1.0,115768.56,0.0492,110072.75,EGP,2026-01-05 06:00:00
L0028244,INV-2025-013701,INV,,2025-11-05,REP-046,CUST-00510,Saudi Arabia,CN-SDWAN,1.0,13500.0,0.0663,12604.95,SAR,2026-01-05 06:00:00
L0031283,CN-2025-00309,CN,INV-2025-011707,2025-11-06,REP-086,CUST-00799,UAE,CN-FIB-100,-1.0,8814.0,0.1956,-7089.98,AED,2026-01-05 06:00:00
L0019036,INV-2025-009228,INV,,2025-05-17,REP-004,CUST-00065,Egypt,CY-FW,1.0,299583.0,0.032,289996.34,EGP,2026-01-05 06:00:00
L0015383,INV-2025-007415,INV,,2025-02-10,REP-003,CUST-00015,Egypt,PS-IMPL,1.0,39290.16,0.0698,36547.71,EGP,2026-01-05 06:00:00
L0025515,INV-2025-012353,INV,,2025-09-26,REP-060,CUST-00792,UAE,MS-HELP,1.0,17628.0,0.2644,12967.16,AED,2026-01-05 06:00:00
L0006015,INV-2024-002969,INV,,2024-06-07,REP-028,CUST-00412,Saudi Arabia,CL-IAAS-S,8.0,6750.0,0.0636,50565.6,SAR,2026-01-05 06:00:00
L0021833,INV-2025-010606,INV,,2025-06-29,REP-074,CUST-00940,Oman,DV-AP,1.0,173.02,0.0572,163.12,OMR,2026-01-05 06:00:00
L0028488,INV-2025-013802,INV,,2025-11-23,REP-094,CUST-00725,UAE,PS-IMPL,32.0,2938.0,0.1174,82978.52,AED,2026-01-05 06:00:00
L0021202,INV-2025-010287,INV,,30/06/2025,REP-038,CUST-00518,Saudi Arabia,CL-BKP,1.0,4500.0,0.0568,4244.4,SAR,2026-01-05 06:00:00
L0005021,INV-2024-002468,INV,,2024-05-28,REP-040,CUST-00704,Saudi Arabia,CL-IAAS-S,4.0,6750.0,0.0,27000.0,SAR,2026-01-05 06:00:00
L0000217,INV-2024-000102,INV,,2024-01-14,REP-016,CUST-00322,EGY,CN-FIB-100,1.0,74160.0,0.1005,66706.92,EGP,2026-01-05 06:00:00
L0017007,INV-2025-008236,INV,,2025-03-27,REP-027,CUST-00333,Egypt,DV-AP,2.0,22027.0,0.1705,36542.79,EGP,2026-01-05 06:00:00
L0025984,INV-2025-012580,INV,,2025-10-05,REP-082,CUST-00065,Egypt,CY-EDR,1.0,148681.8,0.1081,132609.3,EGP,2026-01-05 06:00:00
L0007887,INV-2024-003840,INV,,2024-07-05,REP-068,CUST-00951,Oman,CN-FIB-100,1.0,922.8,0.0678,860.23,OMR,2026-01-05 06:00:00
L0018500,INV-2025-008966,INV,,2025-04-10,REP-043,CUST-00616,Saudi Arabia,MS-HELP,1.0,18000.0,0.0668,16797.6,SAR,2026-01-05 06:00:00
L0001799,INV-2024-000893,INV,,2024-02-07,REP-050,CUST-00719,UAE,CY-FW,1.0,22035.0,0.1011,19807.26,AED,2026-01-05 06:00:00
L0025462,INV-2025-012332,INV,,2025-09-13,REP-072,CUST-00752,UAE,MS-HELP,1.0,17628.0,0.0896,16048.53,AED,2026-01-05 06:00:00
L0021161,INV-2025-010267,INV,,2025-06-26,REP-075,CUST-00436,Saudi Arabia,CL-PROD,3.0,5625.0,0.1506,14333.62,SAR,2026-01-05 06:00:00
L0006405,INV-2024-003161,INV,,2024-06-23,REP-049,CUST-00743,UAE,CN-SDWAN,9.0,13221.0,0.1049,106507.05,AED,2026-01-05 06:00:00
L0018039,INV-2025-008749,INV,,2025-04-12,REP-079,CUST-00305,Egypt,CL-BKP,1.0,58959.6,0.0392,56648.38,EGP,2026-01-05 06:00:00
L0019238,INV-2025-009317,INV,,2025-05-18,REP-015,CUST-00079,Egypt,CY-EDR,1.0,149791.5,0.0891,136445.08,EGP,2026-01-05 06:00:00
L0024734,INV-2025-012013,INV,,2025-09-10,REP-079,CUST-00233,Egypt,DV-RTR,1.0,55067.76,0.0561,51978.46,EGP,2026-01-05 06:00:00
L0021146,INV-2025-010263,INV,,2025-06-28,REP-075,CUST-00435,Saudi Arabia,CL-BKP,4.0,1200.0,0.1528,4066.56,USD,2026-01-05 06:00:00
L0011061,INV-2024-005342,INV,,30/10/2024,REP-058,CUST-00793,UAE,CL-IAAS-S,1.0,6610.5,0.1729,5467.54,AED,2026-01-05 06:00:00
L0002142,INV-2024-001049,INV,,2024-03-30,REP-002,CUST-00048,Egypt,CN-FIB-100,9.0,113791.92,0.1433,877369.84,EGP,2026-01-05 06:00:00
L0004322,INV-2024-002129,INV,,2024-04-18,REP-069,CUST-00834,Oman,CN-SDWAN,1.0,1384.2,0.0355,1335.06,OMR,2026-01-05 06:00:00
L0027467,INV-2025-013317,INV,,2025-11-16,REP-011,CUST-00192,Egypt, cn-fib-100,1.0,120345.84,0.0,120345.84,EGP,2026-01-05 06:00:00
L0003638,INV-2024-001793,INV,,2024-04-29,REP-023,CUST-00368,Egypt,CL-PROD,3.0,71910.6,0.1993,172736.45,EGP,2026-01-05 06:00:00
L0014379,INV-2025-006913,INV,,2025-01-27,REP-013,CUST-00217,Egypt,CL-BKP,1.0,59614.44,0.0319,57712.74,EGP,2026-01-05 06:00:00
L0011924,INV-2024-005742,INV,,2024-11-27,REP-075,CUST-00438,Saudi Arabia,CY-EDR,1.0,11250.0,0.1057,10060.88,SAR,2026-01-05 06:00:00
L0011016,INV-2024-005326,INV,,2024-10-11,REP-056,CUST-00773,UAE,CL-BKP,3.0,1200.0,0.0907,3273.48,USD,2026-01-05 06:00:00
L0018288,INV-2025-008854,INV,,2025-04-27,REP-034,CUST-00412,Saudi Arabia,CL-BKP,25.0,4500.0,0.1197,99033.75,SAR,2026-01-05 06:00:00
L0027474,INV-2025-013323,INV,,2025-11-28,REP-011,CUST-00157,Egypt,CL-BKP,1.0,60172.92,0.0528,56995.79,EGP,2026-01-05 06:00:00
L0021541,INV-2025-010476,INV,,2025-06-22,REP-051,CUST-00733,UAE,CY-EDR,8.0,11017.5,0.138,75976.68,AED,2026-01-05 06:00:00
L0027994,INV-2025-013575,INV,,2025-11-20,REP-037,CUST-00408,Saudi Arabia,CN-FIB-100,10.0,9000.0,0.1392,77472.0,SAR,2026-01-05 06:00:00
L0017315,INV-2025-008375,INV,,2025-03-21,REP-043,CUST-00513,Saudi,CY-EDR,1.0,11250.0,0.0658,10509.75,SAR,2026-01-05 06:00:00
L0008724,INV-2024-004245,INV,,2024-08-21,REP-061,CUST-00776,UAE,CL-IAAS-S,5.0,6610.5,0.1896,26785.75,AED,2026-01-05 06:00:00
L0011013,INV-2024-005326,INV,,2024-10-11,REP-056,CUST-00773,UAE,CL-BKP,1.0,1200.0,0.1189,1057.32,USD,2026-01-05 06:00:00
L0021424,INV-2025-010418,INV,,2025-06-24,REP-046,CUST-00570,Saudi Arabia,CL-PROD,3.0,5625.0,0.0711,15675.19,SAR,2026-01-05 06:00:00
L0016941,INV-2025-008206,INV,,2025-03-17,REP-022,CUST-00369,Egypt ,DV-SW48,4.0,107687.58,0.193,347615.51,EGP,2026-01-05 06:00:00
L0002674,INV-2024-001307,INV,,2024-03-27,REP-028,CUST-00383,saudi arabia,PS-TRN,5.0,5625.0,0.0737,26052.19,SAR,2026-01-05 06:00:00
L0018813,INV-2025-009109,INV,,2025-04-30,REP-063,CUST-00811,UAE,DV-SW48,1.0,8079.5,0.188,6560.55,AED,2026-01-05 06:00:00
L0029611,INV-2025-014373,INV,,2025-12-31,REP-032,CUST-00377,Saudi Arabia,CN-FIB-100,1.0,9000.0,0.1202,7918.2,SAR,2026-01-05 06:00:00
L0013637,INV-2024-006587,INV,,2024-12-06,REP-076,CUST-00527,Saudi Arabia,DV-AP,6.0,1687.5,0.0374,9746.33,SAR,2026-01-05 06:00:00
L0004528,INV-2024-002210,INV,,2024-05-29,REP-011,CUST-00212,Egypt,CN-FIB-100,1.0,114923.28,0.0372,110648.13,EGP,2026-01-05 06:00:00
L0030159,INV-2025-014627,INV,,2025-12-27,REP-055,CUST-00720,UAE,DV-AP,39.0,1652.62,0.1056,57646.03,AED,2026-01-05 06:00:00
L0004416,INV-2024-002168,INV,,2024-05-06,REP-005,CUST-00012,Egypt,CN-FIB-100,2.0,114923.28,0.1274,200564.11,EGP,2026-01-05 06:00:00
L0016084,INV-2025-007765,INV,,2025-02-07,REP-043,CUST-00462,Saudi Arabia,CN-SDWAN,2.0,13500.0,0.0472,25725.6,SAR,2026-01-05 06:00:00
L0005778,INV-2024-002841,INV,,2024-06-02,REP-016,CUST-00224,Egypt,CN-FIB-100,1.0,115480.08,0.0978,104186.13,EGP,2026-01-05 06:00:00
L0025805,INV-2025-012507,INV,,2025-09-23,REP-084,CUST-00948,Oman,CN-FIB-100,1.0,922.8,0.0316,893.64,OMR,2026-01-05 06:00:00
L0023505,INV-2025-011431,INV,,2025-08-08,REP-078,CUST-00136,Egypt,DV-AP,2.0,22438.48,0.1161,39666.74,EGP,2026-01-05 06:00:00
L0011625,INV-2024-005621,INV,,2024-11-27,REP-021,CUST-00362,Egypt,DV-RTR,2.0,53144.52,0.2152,83415.64,EGP,2026-01-05 06:00:00
L0004571,INV-2024-002237,INV,,2024-05-29,REP-013,CUST-00304,Egypt,DV-AP,2.0,21548.12,0.0482,41019.0,EGP,2026-01-05 06:00:00
L0026884,INV-2025-013041,INV,,2025-10-19,REP-072,CUST-00749,UAE,CL-IAAS-L,2.0,27543.75,0.0794,50713.55,AED,2026-01-05 06:00:00
L0003330,INV-2024-001627,INV,,2024-04-10,REP-007,CUST-00004,Egypt,MS-HELP,1.0,230113.92,0.1285,200544.28,EGP,2026-01-05 06:00:00
L0010511,INV-2024-005097,INV,,2024-10-27,REP-025,CUST-00331,Egypt,PS-TRN,4.0,72994.5,0.1698,242400.14,EGP,2026-01-05 06:00:00
L0014669,INV-2025-007074,INV,,2025-01-28,REP-028,CUST-00437,Saudi Arabia,CY-EDR,3.0,11250.0,0.1156,29848.5,SAR,2026-01-05 06:00:00
L0027732,INV-2025-013471,INV,,2025-11-21,REP-023,CUST-00355,Egypt,DV-AP,1.0,22564.84,0.1868,18349.73,EGP,2026-01-05 06:00:00
L0020495,INV-2025-009954,INV,,2025-06-30,REP-006,CUST-00013,Egypt,DV-OLD-01,2.0,481028.16,0.1317,835353.5,EGP,2026-01-05 06:00:00
L0020973,INV-2025-010195,INV,,2025-06-04,REP-026,CUST-00359,Egypt,CY-EDR,1.0,150321.3,0.1933,121264.19,EGP,2026-01-05 06:00:00
L0011440,INV-2024-005513,INV,,2024-11-26,REP-009,CUST-00026,Egypt,CL-IAAS-S,2.0,86963.76,0.1091,154952.03,EGP,2026-01-05 06:00:00
L0001372,INV-2024-000677,INV,,2024-02-02,REP-024,CUST-00372,Egypt,CY-EDR,1.0,92700.0,0.2099,73242.27,EGP,2026-01-05 06:00:00
L0010526,INV-2024-005104,INV,,2024-10-08,REP-026,CUST-00343,Egypt,CN-SDWAN,1.0,175186.8,0.1948,141060.41,EGP,2026-01-05 06:00:00
L0008502,INV-2024-004158,INV,,2024-08-30,REP-044,CUST-00654,Saudi Arabia,CL-BKP,1.0,4500.0,0.0639,4212.45,SAR,2026-01-05 06:00:00
L0027547,INV-2025-013367,INV,,2025-11-27,REP-016,CUST-00117,Egypt,CL-BKP,1.0,60172.92,0.1082,53662.21,EGP,2026-01-05 06:00:00
L0011114,INV-2024-005366,INV,,2024-10-20,REP-061,CUST-00787,UAE,DV-RTR,11.0,4039.75,0.1878,36091.93,AED,2026-01-05 06:00:00
L0000169,INV-2024-000072,INV,,2024-01-17,REP-013,CUST-00103,Egypt,MS-HELP,1.0,148320.0,0.0448,141675.26,EGP,2026-01-05 06:00:00
L0028785,INV-2025-013951,INV,,2025-11-02,REP-074,CUST-00907,Sultanate of Oman,CL-IAAS-S,2.0,692.1,0.0638,1295.89,OMR,2026-01-05 06:00:00
L0005466,INV-2024-002692,INV,,2024-05-06,REP-067,CUST-00854,Oman,CN-FIB-100,1.0,922.8,0.0665,861.43,OMR,2026-01-05 06:00:00
L0019882,INV-2025-009653,INV,,2025-05-29,REP-046,CUST-00590,Saudi Arabia,PS-IMPL,4.0,3000.0,0.1031,10762.8,SAR,2026-01-05 06:00:00
L0006867,INV-2024-003362,INV,,2024-07-12,REP-004,CUST-00043,Egypt,PS-IMPL,3.0,38758.16,0.0472,110786.32,EGP,2026-01-05 06:00:00
L0010984,INV-2024-005313,INV,,2024-10-30,REP-055,CUST-00752,UAE,CL-IAAS-L,4.0,7500.0,0.0976,27072.0,USD,2026-01-05 06:00:00
L0026963,INV-2025-013071,INV,,2025-10-31,REP-057,CUST-00783,UAE,DV-SW48,1.0,8079.5,0.2361,6171.93,AED,2026-01-05 06:00:00
L0026177,INV-2025-012696,INV,,2025-10-07,REP-019,CUST-00269,Egypt, cl-bkp,2.0,59472.72,0.0212,116423.8,EGP,2026-01-05 06:00:00
L0004068,INV-2024-002003,INV,,2024-04-16,REP-051,CUST-00761,UAE,CN-FIB-100,1.0,8814.0,0.1484,7506.0,AED,2026-01-05 06:00:00
L0007481,INV-2024-003654,INV,,2024-07-30,REP-042,CUST-00534,Saudi Arabia,CL-BKP,1.0,4500.0,0.089,4099.5,SAR,2026-01-05 06:00:00
L0004277,INV-2024-002100,INV,,2024-04-28,REP-065,CUST-00857,Oman,CL-BKP,3.0,461.4,0.0072,1374.23,OMR,2026-01-05 06:00:00
L0018893,INV-2025-009152,INV,,2025-04-18,REP-067,CUST-00882,Oman,CL-BKP,1.0,461.4,0.0756,426.52,OMR,2026-01-05 06:00:00
L0004128,INV-2024-002031,INV,,2024-04-28,REP-056,CUST-00732,UAE,CL-IAAS-L,4.0,27543.75,0.1442,94287.76,AED,2026-01-05 06:00:00
L0012554,INV-2024-006044,INV,,2024-11-29,REP-066,CUST-00875,Oman,CL-PROD,1.0,576.75,0.0473,549.47,OMR,2026-01-05 06:00:00
L0027597,INV-2025-013394,INV,,2025-11-26,REP-018,CUST-00153,Egypt,CN-FIB-100,1.0,120345.84,0.1217,105699.75,EGP,2026-01-05 06:00:00
L0031286,CN-2025-00310,CN,INV-2025-011710,2025-12-19,REP-086,CUST-00778,UAE,CY-EDR,-1.0,11017.5,0.2096,-8708.23,AED,2026-01-05 06:00:00
L0030305,INV-2025-014679,INV,,24/12/2025,REP-094,CUST-00720,UAE,cl-bkp ,1.0,4407.0,0.1375,3801.04,AED,2026-01-05 06:00:00
L0002414,INV-2024-001176,INV,,2024-03-28,REP-016,CUST-00196,Egypt,CN-FIB-100,1.0,113791.92,0.1093,101354.46,EGP,2026-01-05 06:00:00
L0030280,INV-2025-014668,INV,,2025-12-29,REP-073,CUST-00751,UAE,CL-BKP,2.0,1200.0,0.0923,2178.48,USD,2026-01-05 06:00:00
L0018869,INV-2025-009139,INV,,2025-04-15,REP-065,CUST-00843,Oman,CL-BKP,1.0,461.4,0.0124,455.68,OMR,2026-01-05 06:00:00
L0009033,INV-2024-004381,INV,,2024-09-30,REP-010,CUST-00224,Egypt,CY-EDR,1.0,144710.7,0.0202,141787.54,EGP,2026-01-05 06:00:00
L0026945,INV-2025-013065,INV,,2025-10-29,REP-091,CUST-00738,UAE, ms-help,1.0,17628.0,0.1233,15454.47,AED,2026-01-05 06:00:00
L0024477,INV-2025-011864,INV,,2025-09-20,REP-011,CUST-00212,Egypt,CL-BKP,1.0,60073.92,0.0323,58133.53,EGP,2026-01-05 06:00:00
L0015411,INV-2025-007426,INV,,2025-02-26,REP-005,CUST-00045,Egypt,PS-IMPL,9.0,39290.16,0.2194,276029.09,EGP,2026-01-05 06:00:00
L0013751,INV-2024-006633,INV,,2024-12-25,REP-053,CUST-00748,UAE,CY-EDR,1.0,11017.5,0.0874,10054.57,AED,2026-01-05 06:00:00
L0009674,INV-2024-004706,INV,,2024-09-30,REP-046,CUST-00574,Saudi Arabia,CN-FIB-100,1.0,9000.0,0.0709,8361.9,SAR,2026-01-05 06:00:00
L0003747,INV-2024-001841,INV,,2024-04-04,REP-033,CUST-00386,Saudi Arabia,MS-HELP,1.0,18000.0,0.0441,17206.2,SAR,2026-01-05 06:00:00
L0029066,INV-2025-014088,INV,,2025-12-29,REP-011,CUST-00295,Egypt,CL-BKP,1.0,60544.44,0.0463,57741.23,XXX,2026-01-05 06:00:00
L0006808,INV-2024-003342,INV,,2024-07-19,REP-001,CUST-00021,Egypt,DV-RTR,2.0,53292.47,0.1158,94242.4,EGP,2026-01-05 06:00:00
L0022937,INV-2025-011133,INV,,2025-07-22,REP-063,CUST-00779,UAE,CL-PROD,6.0,5508.75,0.2479,24858.79,AED,2026-01-05 06:00:00
L0029725,INV-2025-014407,INV,,2025-12-25,REP-070,CUST-00396,Saudi Arabia,CL-PROD,2.0,5625.0,0.1409,9664.88,SAR,2026-01-05 06:00:00
L0013717,INV-2024-006621,INV,,2024-12-10,REP-051,CUST-00716,UAE,CL-BKP,5.0,4407.0,0.1793,18084.12,AED,2026-01-05 06:00:00
L0025900,INV-2025-012549,INV,,2025-10-31,REP-005,CUST-00014,Egypt,DV-AP,4.0,22302.27,0.2049,70930.14,EGP,2026-01-05 06:00:00
L0031054,CN-2025-00177,CN,INV-2024-006422,2025-04-25,REP-037,CUST-00428,Saudi Arabia,CN-SDWAN,-1.0,13500.0,0.0955,-12210.75,SAR,2026-01-05 06:00:00
L0029408,INV-2025-014281,INV,,2025-12-07,REP-023,CUST-00332,Egypt,CL-BKP,1.0,60544.44,0.1854,49319.5,EGP,2026-01-05 06:00:00
L0017393,INV-2025-008422,INV,,2025-03-24,REP-047,CUST-00465,Saudi Arabia,CN-FIB-100,1.0,9000.0,0.0311,8720.1,SAR,2026-01-05 06:00:00
L0030086,INV-2025-014602,INV,,2025-12-29,REP-050,CUST-00730,UAE,CN-FIB-100,1.0,8814.0,0.1225,7734.28,AED,2026-01-05 06:00:00
L0014317,INV-2025-006877,INV,,2025-01-05,REP-009,CUST-00018,Egypt,CL-BKP,1.0,59614.44,0.1194,52496.48,EGP,2026-01-05 06:00:00
L0020302,INV-2025-009855,INV,,2025-05-17,REP-067,CUST-00874,Oman,CY-EDR,1.0,1153.5,0.0961,1042.65,OMR,2026-01-05 06:00:00
L0020925,INV-2025-010173,INV,,2025-06-29,REP-023,CUST-00373,Egypt,CL-BKP,1.0,60128.52,0.2322,46166.68,EGP,2026-01-05 06:00:00
L0008995,INV-2024-004367,INV,,2024-09-19,REP-007,CUST-00006,Egypt,CL-BKP,2.0,57884.28,0.1007,104110.67,EGP,2026-01-05 06:00:00
L0026967,INV-2025-013075,INV,,2025-10-18,REP-060,CUST-00791,UAE,CY-EDR,1.0,11017.5,0.2619,8132.02,AED,2026-01-05 06:00:00
L0022903,INV-2025-011118,INV,,2025-07-28,REP-060,CUST-00781,UAE,CN-MPLS,1.0,33052.5,0.224,25648.74,AED,2026-01-05 06:00:00
L0010441,INV-2024-005067,INV,,2024-10-12,REP-020,CUST-00237,Egypt,CY-EDR,1.0,145989.0,0.0187,143259.01,EGP,2026-01-05 06:00:00
L0022326,INV-2025-010861,INV,,2025-07-29,REP-023,CUST-00375,Egypt,DV-SW48,2.0,108957.2,0.1921,176053.04,EGP,2026-01-05 06:00:00
L0023537,INV-2025-011450,INV,,2025-08-30,REP-023,CUST-00374,Egypt,CY-EDR,1.0,149589.9,0.2224,116321.11,EGP,2026-01-05 06:00:00
L0017074,INV-2025-008258,INV,,2025-03-04,REP-032,CUST-00377,Saudi Arabia,MS-NOC,1.0,45000.0,0.1014,40437.0,SAR,2026-01-05 06:00:00
L0018421,INV-2025-008919,INV,,2025-04-27,REP-039,CUST-00547,Saudi Arabia,CN-SDWAN,1.0,13500.0,0.1099,12016.35,SAR,2026-01-05 06:00:00
L0023016,INV-2025-011171,INV,,2025-07-03,REP-065,CUST-00918,Oman,CN-FIB-100,1.0,922.8,0.0,922.8,OMR,2026-01-05 06:00:00
L0006489,INV-2024-003189,INV,,2024-06-19,REP-054,CUST-00773,UAE,CN-FIB-100,2.0,8814.0,0.0915,16015.04,AED,2026-01-05 06:00:00
L0016309,INV-2025-007871,INV,,2025-02-18,REP-055,CUST-00724,UAE,DV-SW48,1.0,8079.5,0.0812,7423.44,AED,2026-01-05 06:00:00
L0014227,INV-2025-006847,INV,,2025-01-07,REP-005,CUST-00007,Egypt,CN-FIB-100,3.0,119228.88,0.1913,289261.19,EGP,2026-01-05 06:00:00
L0019446,INV-2025-009441,INV,,2025-05-28,REP-021,CUST-00360,Egypt,DV-SW48,2.0,109847.1,0.1859,178853.05,EGP,2026-01-05 06:00:00
L0014791,INV-2025-007115,INV,,2025-01-29,REP-037,CUST-00428,Saudi Arabia,MS-HELP,7.0,18000.0,0.1673,104920.2,SAR,2026-01-05 06:00:00
L0028230,INV-2025-013692,INV,,2025-11-27,REP-045,CUST-00657,KSA,CN-FIB-100,2.0,9000.0,0.104,16128.0,SAR,2026-01-05 06:00:00
L0010542,INV-2024-005114,INV,,2024-10-14,REP-027,CUST-00351,Egypt,CN-FIB-100,2.0,116791.2,0.225,181026.36,EGP,2026-01-05 06:00:00
L0017472,INV-2025-008456,INV,,2025-03-29,REP-051,CUST-00733,UAE,CY-FW,4.0,6000.0,0.1735,19836.0,USD,2026-01-05 06:00:00
L0019623,INV-2025-009521,INV,,2025-05-06,REP-034,CUST-00404,Saudi Arabia,CY-EDR,2.0,11250.0,0.1074,20083.5,SAR,2026-01-05 06:00:00
L0003378,INV-2024-001649,INV,,2024-04-16,REP-010,CUST-00246,Egypt,CN-FIB-100,1.0,115056.96,0.0324,111329.11,EGP,2026-01-05 06:00:00
L0011292,INV-2024-005460,INV,,2024-10-11,REP-074,CUST-00913,Oman,CL-BKP,1.0,461.4,0.0214,451.53,OMR,2026-01-05 06:00:00
L0022188,INV-2025-010778,INV,,2025-07-12,REP-015,CUST-00174,Egypt,DV-AP,5.0,22286.7,0.0945,100903.03,EGP,2026-01-05 06:00:00
L0022427,INV-2025-010907,INV,,2025-07-20,REP-031,CUST-00387,Saudi Arabia,MS-COLO,1.0,36000.0,0.0766,33242.4,SAR,2026-01-05 06:00:00
L0008045,INV-2024-003916,INV,,2024-08-31,REP-012,CUST-00272,Egypt,CL-BKP,3.0,57385.92,0.0911,156474.19,EGP,2026-01-05 06:00:00
L0008794,INV-2024-004278,INV,,2024-08-02,REP-065,CUST-00841,Oman,CL-BKP,3.0,461.4,0.0007,1383.23,OMR,2026-01-05 06:00:00
L0013220,INV-2024-006378,INV,,2024-12-16,REP-028,CUST-00431,Saudi Arabia,CY-FW,1.0,22500.0,0.0882,20515.5,SAR,2026-01-05 06:00:00
L0025877,INV-2025-012540,INV,,2025-10-23,REP-003,CUST-00038,Egypt,CL-BKP,1.0,59472.72,0.0731,55125.26,EGP,2026-01-05 06:00:00
L0012916,INV-2024-006212,INV,,2024-12-27,REP-015,CUST-00221,Egypt,CN-FIB-100,1.0,114633.36,0.1107,101943.45,EGP,2026-01-05 06:00:00
L0009806,INV-2024-004756,INV,,2024-09-26,REP-072,CUST-00766,UAE,PS-TRN,1.0,5508.75,0.0698,5124.24,AED,2026-01-05 06:00:00
L0023061,INV-2025-011196,INV,,2025-07-18,REP-067,CUST-00854,Oman,DV-AP,1.0,173.02,0.0651,161.76,OMR,2026-01-05 06:00:00
L0010973,INV-2024-005307,INV,,2024-10-27,REP-053,CUST-00754,UAE,CN-FIB-100,5.0,8814.0,0.1079,39314.85,AED,2026-01-05 06:00:00
L0015538,INV-2025-007488,INV,,2025-02-18,REP-013,CUST-00265,Egypt,CN-FIB-100,1.0,117870.48,0.0069,117057.17,EGP,2026-01-05 06:00:00
L0023020,INV-2025-011174,INV,,2025-07-04,REP-065,CUST-00890,Oman,DV-SW48,1.0,845.9,0.0168,831.69,OMR,2026-01-05 06:00:00
L0030779,CN-2024-00024,CN,INV-2024-000954,2024-02-29,REP-061,CUST-00788,UAE,CL-PROD,-6.0,5508.75,0.1447,-28269.8,AED,2026-01-05 06:00:00
L0008588,INV-2024-004194,INV,,2024-08-29,REP-050,CUST-00735,UAE,CY-EDR,1.0,11017.5,0.1371,9507.0,AED,2026-01-05 06:00:00
L0013302,INV-2024-006406,INV,,2024-12-28,REP-033,CUST-00412,saudi arabia,CL-PROD,8.0,5625.0,0.0542,42561.0,SAR,2026-01-05 06:00:00
L0022036,INV-2025-010706,INV,,2025-07-16,REP-006,CUST-00016,Egypt,CY-EDR,1.0,148578.0,0.112,131937.26,EGP,2026-01-05 06:00:00
L0002054,INV-2024-001001,INV,,2024-02-05,REP-066,CUST-00923,Oman,PS-TRN,1.0,576.75,0.057,543.88,OMR,2026-01-05 06:00:00
L0001606,INV-2024-000783,INV,,2024-02-28,REP-040,CUST-00500,Saudi Arabia,CY-EDR,1.0,11250.0,0.0576,10602.0,SAR,2026-01-05 06:00:00
L0014821,INV-2025-007127,INV,,2025-01-31,REP-070,CUST-00405,Saudi Arabia,MS-COLO,2.0,36000.0,0.1178,63518.4,SAR,2026-01-05 06:00:00
L0010944,INV-2024-005298,INV,,2024-10-18,REP-051,CUST-00711,UAE,CL-PROD,2.0,5508.75,0.1495,9370.38,AED,2026-01-05 06:00:00
L0015769,INV-2025-007614,INV,,2025-02-27,REP-023,CUST-00367,Egypt,CL-BKP,1.0,58935.24,0.1732,48727.66,EGP,2026-01-05 06:00:00
L0025011,INV-2025-012123,INV,,2025-09-16,REP-070,CUST-00429,Saudi Arabia,MS-HELP,1.0,18000.0,0.1324,15616.8,SAR,2026-01-05 06:00:00
L0028075,INV-2025-013606,INV,,2025-11-01,REP-038,CUST-00675,Saudi Arabia, cl-bkp,1.0,4500.0,0.1206,3957.3,SAR,2026-01-05 06:00:00
L0023186,INV-2025-011268,INV,,2025-08-06,REP-004,CUST-00044,Egypt,CY-EDR,1.0,149589.9,0.0719,138834.39,EGP,2026-01-05 06:00:00
L0025936,INV-2025-012563,INV,,2025-10-31,REP-007,CUST-00022,Egypt,CN-SDWAN,2.0,178418.16,0.1521,302561.52,EGP,2026-01-05 06:00:00
L0011313,INV-2024-005467,INV,,2024-11-13,REP-001,CUST-00009,Egypt,CN-SDWAN,2.0,173927.52,0.0982,313695.68,EGP,2026-01-05 06:00:00
L0021506,INV-2025-010463,INV,,2025-06-03,REP-050,CUST-00751,UAE,CN-FIB-100,1.0,2400.0,0.1125,2130.0,USD,2026-01-05 06:00:00
L0007712,INV-2024-003755,INV,,2024-07-04,REP-058,CUST-00805,UAE,CL-PROD,4.0,5508.75,0.1756,18165.65,AED,2026-01-05 06:00:00
L0003145,INV-2024-001537,INV,,2024-03-31,REP-062,CUST-00791,UAE,DV-SW48,4.0,8079.5,0.0855,29554.81,AED,2026-01-05 06:00:00
L0019624,INV-2025-009521,INV,,2025-05-06,REP-034,CUST-00404,Saudi Arabia,MS-HELP,1.0,18000.0,0.0891,16396.2,SAR,2026-01-05 06:00:00
L0015952,INV-2025-007686,INV,,2025-02-06,REP-075,CUST-00439,Saudi Arabia,CN-MPLS,1.0,9000.0,0.1213,7908.3,USD,2026-01-05 06:00:00
L0019610,INV-2025-009517,INV,,2025-05-04,REP-033,CUST-00394,Saudi Arabia,CY-FW,1.0,22500.0,0.0598,21154.5,SAR,2026-01-05 06:00:00
L0018689,INV-2025-009061,INV,,2025-04-22,REP-054,CUST-00714,uae,CN-FIB-100,1.0,8814.0,0.1059,7880.6,AED,2026-01-05 06:00:00
L0001116,INV-2024-000529,INV,,2024-02-28,REP-013,CUST-00284,Egypt,CL-BKP,1.0,37080.0,0.0714,34432.49,EGP,2026-01-05 06:00:00
L0000709,INV-2024-000337,INV,,2024-01-21,REP-052,CUST-00726,UAE,CL-BKP,1.0,4407.0,0.1136,3906.36,AED,2026-01-05 06:00:00
L0005093,INV-2024-002515,INV,,2024-05-05,REP-044,CUST-00629,Saudi Arabia,DV-AP,4.0,1687.5,0.0241,6587.32,SAR,2026-01-05 06:00:00
L0022184,INV-2025-010777,INV,,2025-07-27,REP-015,CUST-00314,Egypt,CN-FIB-100,1.0,118862.4,0.1147,105228.88,EGP,2026-01-05 06:00:00
L0005043,INV-2024-002482,INV,,2024-05-03,REP-042,CUST-00629,Saudi Arabia,CN-FIB-100,1.0,9000.0,0.07,8370.0,SAR,2026-01-05 06:00:00
L0023969,INV-2025-011647,INV,,2025-08-14,REP-056,CUST-00714,UAE,CY-EDR,4.0,11017.5,0.0769,40681.02,AED,2026-01-05 06:00:00
L0001779,INV-2024-000887,INV,,2024-02-10,REP-048,CUST-00754,UAE, cl-prod,15.0,5508.75,0.1514,70120.88,AED,2026-01-05 06:00:00
L0031130,CN-2025-00224,CN,INV-2025-008377,2025-07-19,REP-043,CUST-00595,Saudi Arabia,CL-BKP,-1.0,4500.0,0.0657,-4204.35,SAR,2026-01-05 06:00:00
L0004159,INV-2024-002043,INV,,2024-04-02,REP-057,CUST-00818,UAE,DV-RTR,2.0,4039.75,0.1662,6736.69,AED,2026-01-05 06:00:00
L0015004,INV-2025-007231,INV,,2025-01-12,REP-047,CUST-00485,Saudi Arabia,CN-SDWAN,1.0,13500.0,0.028,13122.0,SAR,2026-01-05 06:00:00
L0018532,INV-2025-008986,INV,,2025-04-15,REP-044,CUST-00705,Saudi Arabia,DV-RTR,2.0,4125.0,0.0503,7835.02,SAR,2026-01-05 06:00:00
L0012646,INV-2024-006092,INV,,2024-12-31,REP-003,CUST-00066,Egypt,MS-HELP,1.0,229266.72,0.1274,200058.14,EGP,2026-01-05 06:00:00
L0022068,INV-2025-010717,INV,,2025-07-27,REP-009,CUST-00060,Egypt, ms-help,1.0,237724.8,0.108,212050.52,EGP,2026-01-05 06:00:00
L0009919,INV-2024-004806,INV,,2024-09-26,REP-063,CUST-00816,UAE,CL-IAAS-S,3.0,6610.5,0.1316,17221.67,AED,2026-01-05 06:00:00
L0026019,INV-2025-012598,INV,,2025-10-31,REP-010,CUST-00095,Egypt,DV-SW48,1.0,109033.32,0.0441,104224.95,EGP,2026-01-05 06:00:00
L0018124,INV-2025-008788,INV,,2025-04-02,REP-025,CUST-00364,Egypt,CL-PROD,2.0,73699.5,0.1962,118479.32,EGP,2026-01-05 06:00:00
L0000056,INV-2024-000019,INV,,2024-01-31,REP-006,CUST-00058,Egypt,CY-EDR,3.0,92700.0,0.1235,243754.65,EGP,2026-01-05 06:00:00
L0009008,INV-2024-004371,INV,,2024-09-21,REP-008,CUST-00062,Egypt,CL-PROD,2.0,72355.35,0.1179,127649.31,EGP,2026-01-05 06:00:00
L0029918,INV-2025-014506,INV,,2025-12-16,REP-044,CUST-00620,Saudi Arabia,PS-TRN,3.0,5625.0,0.0711,15675.19,SAR,2026-01-05 06:00:00
L0019205,INV-2025-009300,INV,,2025-05-10,REP-013,CUST-00099,Egypt,CL-BKP,1.0,59916.6,0.0581,56435.45,EGP,2026-01-05 06:00:00
L0008190,INV-2024-004004,INV,,2024-08-18,REP-020,CUST-00089,Egypt,CL-BKP,1.0,57385.92,0.0661,53592.71,EGP,2026-01-05 06:00:00
L0019951,INV-2025-009690,INV,,2025-05-20,REP-076,CUST-00637,Saudi Arabia, cn-fib-100,2.0,9000.0,0.0683,16770.6,SAR,2026-01-05 06:00:00
L0012182,INV-2024-005891,INV,,2024-11-15,REP-076,CUST-00586,Saudi Arabia,CY-EDR,2.0,11250.0,0.0493,21390.75,SAR,2026-01-05 06:00:00
L0031199,CN-2025-00260,CN,INV-2025-009688,2025-08-13,REP-076,CUST-00637,Saudi Arabia,CY-EDR,-1.0,11250.0,0.0491,-10697.62,SAR,2026-01-05 06:00:00
L0005034,INV-2024-002476,INV,,2024-05-16,REP-040,CUST-00681,Saudi Arabia,CL-IAAS-S,1.0,6750.0,0.0,6750.0,SAR,2026-01-05 06:00:00
L0008532,INV-2024-004175,INV,,2024-08-01,REP-047,CUST-00557,Saudi Arabia,CN-FIB-100,1.0,9000.0,0.0134,8879.4,SAR,2026-01-05 06:00:00
L0007748,INV-2024-003770,INV,,2024-07-19,REP-059,CUST-00819,UAE,CN-FIB-100,1.0,8814.0,0.208,6980.69,AED,2026-01-05 06:00:00
L0003831,INV-2024-001883,INV,,2024-04-30,REP-039,CUST-00536,Saudi Arabia,CL-PROD,3.0,5625.0,0.1162,14914.12,SAR,2026-01-05 06:00:00
L0025298,INV-2025-012267,INV,,2025-09-26,REP-047,CUST-00476,Saudi Arabia,CN-FIB-100,1.0,9000.0,0.0053,8952.3,SAR,2026-01-05 06:00:00
L0007070,INV-2024-003463,INV,,2024-07-24,REP-016,CUST-00165,Egypt,CN-FIB-100,1.0,116274.48,0.0945,105286.54,EGP,2026-01-05 06:00:00
L0015329,INV-2025-007389,INV,,2025-01-27,REP-074,CUST-00899,Oman,CL-BKP,1.0,461.4,0.0759,426.38,OMR,2026-01-05 06:00:00
L0014557,INV-2025-007020,INV,,2025-01-11,REP-079,CUST-00124,Egypt,DV-AP,6.0,22355.42,0.0325,129773.21,EGP,2026-01-05 06:00:00
L0029434,INV-2025-014298,INV,,2025-12-31,REP-025,CUST-00341,Egypt,DV-SW48,2.0,110998.14,0.217,173823.09,EGP,2026-01-05 06:00:00
L0027173,INV-2025-013173,INV,,2025-10-16,REP-067,CUST-00823,Oman,CN-FIB-100,1.0,922.8,0.0754,853.22,OMR,2026-01-05 06:00:00
L0008685,INV-2024-004228,INV,,2024-08-21,REP-059,CUST-00787,UAE,DV-SW48,3.0,8079.5,0.1622,20307.02,AED,2026-01-05 06:00:00
L0007677,INV-2024-003740,INV,,2024-07-22,REP-057,CUST-00779,UAE,CL-BKP,1.0,4407.0,0.1691,3661.78,AED,2026-01-05 06:00:00
L0027322,INV-2025-013250,INV,,2025-11-27,REP-004,CUST-00014,Egypt,CL-IAAS-S,1.0,90259.38,0.0557,85231.93,EGP,2026-01-05 06:00:00
L0026088,INV-2025-012638,INV,,2025-10-18,REP-015,CUST-00079,Egypt,CN-FIB-100,1.0,118945.44,0.1131,105492.71,EGP,2026-01-05 06:00:00
L0025794,INV-2025-012500,INV,,2025-09-22,REP-084,CUST-00907,Oman,CL-PROD,3.0,576.75,0.1442,1480.75,OMR,2026-01-05 06:00:00
L0007216,INV-2024-003538,INV,,2024-07-28,REP-024,CUST-00362,Egypt,DV-AP,2.0,21801.46,0.2216,33940.51,EGP,2026-01-05 06:00:00
L0000361,INV-2024-000182,INV,,2024-01-28,REP-028,CUST-00434,Saudi Arabia,CN-FIB-100,1.0,9000.0,0.0925,8167.5,SAR,2026-01-05 06:00:00
L0028394,INV-2025-013772,INV,,2025-11-16,REP-055,CUST-00757,UAE,CN-SDWAN,2.0,13221.0,0.0626,24786.73,AED,2026-01-05 06:00:00
L0014142,INV-2024-006814,INV,,2024-12-21,REP-074,CUST-00861,Oman,CN-FIB-100,1.0,922.8,0.0274,897.52,OMR,2026-01-05 06:00:00
L0010182,INV-2024-004932,INV,,2024-10-10,REP-006,CUST-00031,Egypt,CN-FIB-100,2.0,116791.2,0.1187,205856.17,EGP,2026-01-05 06:00:00
L0012603,INV-2024-006073,INV,,2024-11-18,REP-068,CUST-00870,Oman,CL-BKP,1.0,461.4,0.0873,421.12,OMR,2026-01-05 06:00:00
L0024542,INV-2025-011903,INV,,2025-09-28,REP-016,CUST-00275,Egypt,CN-FIB-100,1.0,120147.84,0.1284,104720.86,EGP,2026-01-05 06:00:00
L0021862,INV-2025-010625,INV,,2025-06-07,REP-080,CUST-00889,Oman,PS-IMPL,1.0,307.6,0.0404,295.17,OMR,2026-01-05 06:00:00
L0028833,INV-2025-013977,INV,,2025-11-12,REP-081,CUST-00925,oman,CN-FIB-100,1.0,922.8,0.0006,922.25,OMR,2026-01-05 06:00:00
L0018881,INV-2025-009145,INV,,2025-04-28,REP-066,CUST-00842,Oman,CN-FIB-100,1.0,922.8,0.0563,870.85,OMR,2026-01-05 06:00:00
L0010426,INV-2024-005057,INV,,2024-10-16,REP-019,CUST-00164,Egypt,CL-IAAS-S,1.0,87593.4,0.0419,83923.24,EGP,2026-01-05 06:00:00
L0012112,INV-2024-005848,INV,,2024-11-06,REP-045,CUST-00699,Saudi Arabia,CN-FIB-100,1.0,9000.0,0.1024,8078.4,SAR,2026-01-05 06:00:00
L0017903,INV-2025-008665,INV,,2025-04-29,REP-017,CUST-00247,Egypt,MS-HELP,1.0,235838.4,0.0313,228456.66,EGP,2026-01-05 06:00:00
L0010828,INV-2024-005246,INV,,2024-10-05,REP-045,CUST-00450,Saudi Arabia,CN-FIB-100,1.0,9000.0,0.0733,8340.3,SAR,2026-01-05 06:00:00
L0000223,INV-2024-000105,INV,,2024-01-27,REP-017,CUST-00171,Egypt,CN-FIB-100,1.0,74160.0,0.0306,71890.7,EGP,2026-01-05 06:00:00
L0013104,INV-2024-006323,INV,,2024-12-02,REP-023,CUST-00336,Egypt,CL-PROD,5.0,71645.85,0.1777,294571.91,EGP,2026-01-05 06:00:00
L0000532,INV-2024-000258,INV,,2024-01-25,REP-042,CUST-00621,Saudi Arabia,CN-FIB-100,1.0,9000.0,0.0624,8438.4,SAR,2026-01-05 06:00:00
L0011664,INV-2024-005639,INV,,2024-11-29,REP-023,CUST-00359,Egypt,CL-BKP,1.0,57975.84,0.2021,46258.92,EGP,2026-01-05 06:00:00
L0005350,INV-2024-002635,INV,,2024-05-18,REP-059,CUST-00792,UAE,CL-PROD,1.0,5508.75,0.1752,4543.62,AED,2026-01-05 06:00:00
L0003199,INV-2024-001565,INV,,2024-03-27,REP-067,CUST-00886,Oman,DV-RTR,5.0,422.95,0.0709,1964.81,OMR,2026-01-05 06:00:00
L0019339,INV-2025-009379,INV,,2025-05-17,REP-020,CUST-00209,Egypt,DV-AP,4.0,22468.72,0.0868,82073.74,EGP,2026-01-05 06:00:00
L0020996,INV-2025-010204,INV,,2025-06-07,REP-027,CUST-00343,Egypt,DV-RTR,5.0,55117.81,0.1424,236345.17,EGP,2026-01-05 06:00:00
L0013816,INV-2024-006655,INV,,2024-12-29,REP-055,CUST-00731,UAE,CY-FW,1.0,22035.0,0.1039,19745.56,AED,2026-01-05 06:00:00
L0025030,INV-2025-012128,INV,,2025-09-18,REP-070,CUST-00394,Saudi Arabia,CL-BKP,4.0,4500.0,0.1418,15447.6,SAR,2026-01-05 06:00:00
L0027145,INV-2025-013158,INV,,2025-10-28,REP-066,CUST-00933,Oman,CL-BKP,2.0,461.4,0.0152,908.77,OMR,2026-01-05 06:00:00
L0024881,INV-2025-012077,INV,,2025-09-19,REP-093,CUST-00336,Egypt,CY-EDR,1.0,150184.8,0.1857,122295.48,EGP,2026-01-05 06:00:00
L0004512,INV-2024-002201,INV,,2024-05-25,REP-010,CUST-00135,Egypt,CY-EDR,1.0,143654.1,0.037,138338.9,EGP,2026-01-05 06:00:00
L0027934,INV-2025-013555,INV,,2025-11-29,REP-033,CUST-00436,Saudi Arabia,CL-BKP,5.0,4500.0,0.0555,21251.25,SAR,2026-01-05 06:00:00
L0025749,INV-2025-012471,INV,,2025-09-29,REP-080,CUST-00924,Oman,CN-FIB-100,1.0,922.8,0.0876,841.96,OMR,2026-01-05 06:00:00
L0003458,INV-2024-001697,INV,,2024-04-03,REP-014,CUST-00246,Egypt,CY-EDR,1.0,143821.2,0.027,139938.03,EGP,2026-01-05 06:00:00
L0018634,INV-2025-009041,INV,,2025-04-18,REP-048,CUST-00737,UAE,PS-IMPL,3.0,2938.0,0.1717,7300.64,AED,2026-01-05 06:00:00
L0021598,INV-2025-010499,INV,,2025-06-08,REP-056,CUST-00711,UAE,PS-TRN,4.0,5508.75,0.0621,20666.63,AED,2026-01-05 06:00:00
L0018957,INV-2025-009190,INV,,2025-04-13,REP-081,CUST-00918,Oman,CN-FIB-100,3.0,922.8,0.0582,2607.28,OMR,2026-01-05 06:00:00
L0018521,INV-2025-008979,INV,,2025-04-03,REP-044,CUST-00453,Saudi Arabia,DV-RTR,2.0,4125.0,0.0285,8014.88,SAR,2026-01-05 06:00:00
L0002631,INV-2024-001288,INV,,2024-03-10,REP-026,CUST-00363,Egypt,DV-SW48,1.0,104309.26,0.2012,83322.24,EGP,2026-01-05 06:00:00
L0023431,INV-2025-011388,INV,,2025-08-30,REP-018,CUST-00111,Egypt,cn-fib-100 ,1.0,119671.92,0.1439,102451.13,EGP,2026-01-05 06:00:00
L0025654,INV-2025-012417,INV,,2025-09-12,REP-065,CUST-00882,Oman,DV-SW48,1.0,845.9,0.0212,827.97,OMR,2026-01-05 06:00:00
L0016043,INV-2025-007739,INV,,2025-02-02,REP-040,CUST-00585,Saudi Arabia,CN-SDWAN,1.0,13500.0,0.0021,13471.65,SAR,2026-01-05 06:00:00
L0012109,INV-2024-005847,INV,,2024-11-15,REP-045,CUST-00667,Saudi Arabia,DV-SW48,1.0,8250.0,0.0754,7627.95,SAR,2026-01-05 06:00:00
L0027154,INV-2025-013163,INV,,25/10/2025,REP-067,CUST-00919,Oman,CN-FIB-100,1.0,922.8,0.0638,863.93,OMR,2026-01-05 06:00:00
L0001774,INV-2024-000885,INV,,2024-02-16,REP-048,CUST-00756,UAE,CN-SDWAN,19.0,13221.0,0.175,207239.18,AED,2026-01-05 06:00:00
L0013286,INV-2024-006400,INV,,2024-12-28,REP-033,CUST-00380,Saudi Arabia,CN-SDWAN,1.0,13500.0,0.0354,13022.1,SAR,2026-01-05 06:00:00
L0021822,INV-2025-010601,INV,,2025-06-09,REP-074,CUST-00909,Oman,CN-FIB-100,1.0,922.8,0.0741,854.42,OMR,2026-01-05 06:00:00
L0013396,INV-2024-006442,INV,,27/12/2024,REP-038,CUST-00482,Saudi Arabia,CL-IAAS-S,1.0,6750.0,0.0651,6310.58,SAR,2026-01-05 06:00:00
L0006235,INV-2024-003071,INV,,2024-06-27,REP-042,CUST-00542,Saudi Arabia,CL-IAAS-S,4.0,6750.0,0.0642,25266.6,SAR,2026-01-05 06:00:00
L0005084,INV-2024-002509,INV,,2024-05-28,REP-043,CUST-00500,Saudi Arabia,CY-EDR,2.0,11250.0,0.0754,20803.5,SAR,2026-01-05 06:00:00
L0016034,INV-2025-007733,INV,,2025-02-04,REP-040,CUST-00571,Saudi Arabia,DV-AP,1.0,1687.5,0.0,1687.5,SAR,2026-01-05 06:00:00
L0013508,INV-2024-006511,INV,,2024-12-27,REP-043,CUST-00609,Saudi Arabia,CL-BKP,2.0,4500.0,0.0599,8460.9,SAR,2026-01-05 06:00:00
L0007717,INV-2024-003757,INV,,2024-07-24,REP-059,CUST-00792,UAE,CN-FIB-100,2.0,8814.0,0.1527,14936.2,AED,2026-01-05 06:00:00
L0029821,INV-2025-014446,INV,,2025-12-27,REP-038,CUST-00683,Saudi Arabia,CY-EDR,5.0,11250.0,0.0747,52048.12,SAR,2026-01-05 06:00:00
L0004515,INV-2024-002202,INV,,30/05/2024,REP-010,CUST-00113,Egypt,PS-IMPL,2.0,38307.76,0.0213,74983.61,EGP,2026-01-05 06:00:00
L0015803,INV-2025-007632,INV,,2025-02-16,REP-027,CUST-00346,Egypt,DV-SW48,1.0,108047.94,0.167,90003.93,EGP,2026-01-05 06:00:00
L0006645,INV-2024-003251,INV,,2024-06-24,REP-060,CUST-00783,UAE,CN-FIB-100,1.0,8814.0,0.159,7412.57,AED,2026-01-05 06:00:00
L0006465,INV-2024-003183,INV,,2024-06-02,REP-053,CUST-00769,UAE,CY-EDR,3.0,3000.0,0.0437,8606.7,USD,2026-01-05 06:00:00
L0025517,INV-2025-012354,INV,,2025-09-16,REP-060,CUST-00791,UAE,CL-BKP,5.0,4407.0,0.1934,17773.43,AED,2026-01-05 06:00:00
L0013641,INV-2024-006589,INV,,2024-12-31,REP-076,CUST-00695,Saudi Arabia, cn-fib-100,1.0,9000.0,0.0441,8603.1,SAR,2026-01-05 06:00:00
L0011782,INV-2024-005686,INV,,2024-11-28,REP-029,CUST-00415,Saudi Arabia,CL-BKP,1.0,4500.0,0.1433,3855.15,SAR,2026-01-05 06:00:00
L0006220,INV-2024-003063,INV,,2024-06-27,REP-041,CUST-00458,Saudi Arabia,CY-EDR,1.0,11250.0,0.0425,10771.88,SAR,2026-01-05 06:00:00
L0012072,INV-2024-005826,INV,,2024-11-27,REP-044,CUST-00636,Saudi Arabia,CN-FIB-100,1.0,9000.0,0.0454,8591.4,SAR,2026-01-05 06:00:00
L0022026,INV-2025-010703,INV,,2025-07-28,REP-006,CUST-00007,Egypt,CN-SDWAN,1.0,178293.6,0.1215,156630.93,EGP,2026-01-05 06:00:00
L0029000,INV-2025-014055,INV,,2025-12-21,REP-008,CUST-00058,Egypt,DV-RTR,3.0,55499.07,0.0629,156024.54,EGP,2026-01-05 06:00:00
L0013287,INV-2024-006401,INV,,2024-12-02,REP-033,CUST-00407,Saudi Arabia,CL-BKP,1.0,4500.0,0.042,4311.0,SAR,2026-01-05 06:00:00
L0019426,INV-2025-009430,INV,,2025-05-29,REP-079,CUST-00180,Egypt,CY-EDR,2.0,149791.5,0.0405,287449.89,EGP,2026-01-05 06:00:00
L0009967,INV-2024-004827,INV,,2024-09-03,REP-071,CUST-00819,UAE,CY-EDR,1.0,11017.5,0.187,8957.23,AED,2026-01-05 06:00:00
L0011091,INV-2024-005354,INV,,2024-10-03,REP-059,CUST-00807,UAE,CL-BKP,1.0,4407.0,0.1956,3544.99,AED,2026-01-05 06:00:00
L0024619,INV-2025-011947,INV,,2025-09-30,REP-019,CUST-00095,Egypt,CL-PROD,2.0,75092.4,0.0279,145994.64,EGP,2026-01-05 06:00:00
L0001622,INV-2024-000795,INV,,2024-02-28,REP-041,CUST-00497,Saudi Arabia,CN-FIB-100,1.0,9000.0,0.0848,8236.8,SAR,2026-01-05 06:00:00
L0014818,INV-2025-007126,INV,,2025-01-02,REP-070,CUST-00412,Saudi Arabia,CN-SDWAN,3.0,13500.0,0.121,35599.5,SAR,2026-01-05 06:00:00
L0029130,INV-2025-014127,INV,,2025-12-28,REP-016,CUST-00184,Egypt,CN-FIB-100,3.0,121088.88,0.1105,323125.68,EGP,2026-01-05 06:00:00
L0018998,INV-2025-009213,INV,,2025-05-04,REP-002,CUST-00058,Egypt,CN-FIB-100,1.0,119833.2,0.1199,105465.2,EGP,2026-01-05 06:00:00
L0003629,INV-2024-001790,INV,,2024-04-13,REP-023,CUST-00369,Egypt,DV-AP,16.0,21573.18,0.1767,284179.19,EGP,2026-01-05 06:00:00
L0029004,INV-2025-014057,INV,,2025-12-07,REP-008,CUST-00051,Egypt,PS-AUD,1.0,277495.35,0.0831,254435.49,EGP,2026-01-05 06:00:00
L0029845,INV-2025-014460,INV,,2025-12-01,REP-039,CUST-00509,Saudi Arabia,CN-FIB-100,1.0,9000.0,0.0892,8197.2,SAR,2026-01-05 06:00:00
L0014603,INV-2025-007042,INV,,2025-01-03,REP-024,CUST-00332,Egypt,CL-PROD,1.0,74518.05,0.2231,57893.07,EGP,2026-01-05 06:00:00
L0000922,INV-2024-000442,INV,,2024-02-13,REP-001,CUST-00018,Egypt,DV-AP,6.0,13905.0,0.0842,76405.19,EGP,2026-01-05 06:00:00
L0027512,INV-2025-013347,INV,,2025-11-20,REP-013,CUST-00186,Egypt,CN-FIB-100,1.0,120345.84,0.0647,112559.46,EGP,2026-01-05 06:00:00
L0005177,INV-2024-002567,INV,,2024-05-20,REP-049,CUST-00759,UAE,CL-BKP,3.0,4407.0,0.0875,12064.16,AED,2026-01-05 06:00:00
L0007625,INV-2024-003723,INV,,2024-07-29,REP-054,CUST-00773,UAE,ps-trn ,4.0,5508.75,0.1305,19159.43,AED,2026-01-05 06:00:00
L0030546,INV-2025-014798,INV,,2025-12-29,REP-067,CUST-00835,Oman,CN-FIB-100,1.0,922.8,0.0723,856.08,OMR,2026-01-05 06:00:00
L0023575,INV-2025-011469,INV,,2025-08-30,REP-027,CUST-00375,Egypt,DV-RTR,4.0,54849.63,0.214,172447.24,EGP,2026-01-05 06:00:00
L0003765,INV-2024-001848,INV,,2024-04-26,REP-035,CUST-00376,Saudi Arabia,CN-FIB-1G,3.0,52500.0,0.1078,140521.5,SAR,2026-01-05 06:00:00
L0030742,CN-2024-00003,CN,INV-2024-000140,2024-04-24,REP-020,CUST-00293,Egypt,CL-BKP,-1.0,57528.48,0.0493,-54692.33,EGP,2026-01-05 06:00:00
L0005448,INV-2024-002681,INV,,2024-05-03,REP-065,CUST-00935,Oman,CL-IAAS-S,2.0,692.1,0.0,1384.2,OMR,2026-01-05 06:00:00
L0017222,INV-2025-008324,INV,,2025-03-14,REP-039,CUST-00636,Saudi Arabia,CN-FIB-100,1.0,9000.0,0.078,8298.0,SAR,2026-01-05 06:00:00
L0000466,INV-2024-000222,INV,,2024-01-20,REP-037,CUST-00428,Saudi Arabia,MS-HELP,1.0,18000.0,0.0977,16241.4,SAR,2026-01-05 06:00:00
L0024750,INV-2025-012021,INV,,2025-09-01,REP-023,CUST-00362,Egypt,CY-EDR,4.0,150184.8,0.2202,468456.43,EGP,2026-01-05 06:00:00
L0021486,INV-2025-010455,INV,,2025-06-26,REP-076,CUST-00473,Saudi Arabia,CL-PROD,3.0,5625.0,0.0406,16189.88,SAR,2026-01-05 06:00:00
L0008238,INV-2024-004031,INV,,2024-08-15,REP-024,CUST-00356,Egypt,CY-EDR,1.0,143464.8,0.178,117928.07,EGP,2026-01-05 06:00:00
L0015809,INV-2025-007634,INV,,2025-02-10,REP-027,CUST-00341,Egypt,DV-SW48,1.0,108047.94,0.2092,85444.31,EGP,2026-01-05 06:00:00
L0010128,INV-2024-004912,INV,,2024-10-18,REP-004,CUST-00019,Egypt,CN-FIB-100,2.0,116791.2,0.1071,208565.72,EGP,2026-01-05 06:00:00
L0024367,INV-2025-011819,INV,,2025-09-10,REP-008,CUST-00064,Egypt,PS-IMPL,1.0,40049.28,0.1033,35912.19,EGP,2026-01-05 06:00:00
L0018064,INV-2025-008760,INV,,2025-04-20,REP-021,CUST-00354,Egypt,DV-RTR,4.0,54046.3,0.1855,176082.85,EGP,2026-01-05 06:00:00
L0019667,INV-2025-009541,INV,,18/05/2025,REP-075,CUST-00403,Saudi Arabia,PS-IMPL,9.0,3000.0,0.1028,24224.4,SAR,2026-01-05 06:00:00
L0005742,INV-2024-002821,INV,,2024-06-10,REP-014,CUST-00124,Egypt,DV-RTR,1.0,52928.37,0.0142,52176.79,EGP,2026-01-05 06:00:00
L0013279,INV-2024-006398,INV,,2024-12-14,REP-032,CUST-00406,Saudi Arabia,DV-RTR,1.0,4125.0,0.0863,3769.01,SAR,2026-01-05 06:00:00
L0013252,INV-2024-006389,INV,,2024-12-14,REP-031,CUST-00384,Saudi Arabia,CL-BKP,3.0,4500.0,0.11,12015.0,SAR,2026-01-05 06:00:00
L0020842,INV-2025-010133,INV,,2025-06-26,REP-001,CUST-00113,Egypt,DV-RTR,3.0,55117.81,0.0,165353.43,EGP,2026-01-05 06:00:00
L0002551,INV-2024-001251,INV,,2024-03-22,REP-023,CUST-00332,Egypt,DV-SW48,5.0,104309.26,0.183,426103.33,EGP,2026-01-05 06:00:00
L0011447,INV-2024-005516,INV,,2024-11-08,REP-010,CUST-00145,Egypt,CN-FIB-100,1.0,115951.68,0.0087,114942.9,EGP,2026-01-05 06:00:00
L0009239,INV-2024-004497,INV,,2024-09-02,REP-020,CUST-00310,Egypt,CY-EDR,1.0,144710.7,0.0775,133495.62,EGP,2026-01-05 06:00:00
L0027570,INV-2025-013380,INV,,2025-11-06,REP-017,CUST-00252,Egypt,CN-FIB-100,1.0,120345.84,0.0379,115784.73,EGP,2026-01-05 06:00:00
L0017463,INV-2025-008452,INV,,2025-03-28,REP-051,CUST-00732,UAE,PS-IMPL,8.0,2938.0,0.1747,19397.85,AED,2026-01-05 06:00:00
L0027498,INV-2025-013339,INV,,2025-11-29,REP-013,CUST-00076,Egypt,CL-BKP,1.0,60172.92,0.0292,58415.87,EGP,2026-01-05 06:00:00
L0005509,INV-2024-002718,INV,,2024-06-26,REP-001,CUST-00020,Egypt,MS-HELP,1.0,230960.16,0.0899,210196.84,EGP,2026-01-05 06:00:00
L0017103,INV-2025-008269,INV,,2025-03-31,REP-033,CUST-00437,Saudi Arabia,MS-HELP,1.0,18000.0,0.0655,16821.0,SAR,2026-01-05 06:00:00
L0014025,INV-2024-006749,INV,,2024-12-31,REP-073,CUST-00803,UAE,DV-AP,2.0,1652.62,0.1887,2681.54,AED,2026-01-05 06:00:00
L0007809,INV-2024-003798,INV,,2024-07-22,REP-073,CUST-00805,UAE,CL-BKP,1.0,4407.0,0.1549,3724.36,AED,2026-01-05 06:00:00
L0012545,INV-2024-006038,INV,,2024-11-23,REP-066,CUST-00938,Oman,MS-HELP,1.0,1845.6,0.0309,1788.57,OMR,2026-01-05 06:00:00
L0012052,INV-2024-005814,INV,,2024-11-27,REP-043,CUST-00516,Saudi Arabia,DV-SW48,2.0,8250.0,0.044,15774.0,SAR,2026-01-05 06:00:00
L0022585,INV-2025-010978,INV,,2025-07-27,REP-042,CUST-00680,Saudi Arabia,CY-FW,1.0,22500.0,0.0402,21595.5,SAR,2026-01-05 06:00:00
L0013731,INV-2024-006625,INV,,2024-12-26,REP-051,CUST-00735,UAE,CY-EDR,4.0,11017.5,0.1383,37975.12,AED,2026-01-05 06:00:00
L0025729,INV-2025-012461,INV,,2025-09-02,REP-074,CUST-00946,Oman,CN-FIB-100,1.0,922.8,0.0518,875.0,OMR,2026-01-05 06:00:00
L0025996,INV-2025-012586,INV,,2025-10-13,REP-082,CUST-00046,Egypt,CN-FIB-100,5.0,118945.44,0.0816,546197.46,EGP,2026-01-05 06:00:00
L0024254,INV-2025-011779,INV,,2025-09-28,REP-002,CUST-00024,Egypt,CN-FIB-100,2.0,120147.84,0.1745,198364.08,EGP,2026-01-05 06:00:00
L0013002,INV-2024-006264,INV,,2024-12-28,REP-018,CUST-00301,Egypt,CL-PROD,2.0,71645.85,0.0946,129736.31,EGP,2026-01-05 06:00:00
L0031080,CN-2025-00191,CN,INV-2024-006749,2025-03-03,REP-073,CUST-00803,UAE,DV-AP,-2.0,1652.62,0.1887,-2681.54,AED,2026-01-05 06:00:00
L0019735,INV-2025-009573,INV,,2025-05-26,REP-040,CUST-00623,Saudi Arabia,CN-FIB-100,1.0,9000.0,0.0,9000.0,SAR,2026-01-05 06:00:00
L0001125,INV-2024-000534,INV,,2024-02-14,REP-013,CUST-00298,Egypt,CN-FIB-100,1.0,74160.0,0.0312,71846.21,EGP,2026-01-05 06:00:00
L0008975,INV-2024-004359,INV,,2024-09-26,REP-006,CUST-00005,Egypt,CY-FW,2.0,289421.4,0.1321,502377.67,EGP,2026-01-05 06:00:00
L0024156,INV-2025-011723,INV,,2025-08-31,REP-065,CUST-00912,Oman,CY-EDR,1.0,1153.5,0.0406,1106.67,OMR,2026-01-05 06:00:00
L0019569,INV-2025-009499,INV,,2025-05-08,REP-087,CUST-00355,Egypt,CN-FIB-100,1.0,119833.2,0.1555,101199.14,EGP,2026-01-05 06:00:00
L0010854,INV-2024-005263,INV,,2024-10-27,REP-047,CUST-00572,Saudi Arabia,CN-FIB-100,1.0,9000.0,0.0306,8724.6,SAR,2026-01-05 06:00:00
L0002734,INV-2024-001330,INV,,2024-03-09,REP-036,CUST-00385,Saudi Arabia,MS-HELP,1.0,18000.0,0.1428,15429.6,SAR,2026-01-05 06:00:00
L0006337,INV-2024-003131,INV,,2024-06-22,REP-046,CUST-00629,Saudi Arabia,ps-impl ,5.0,3000.0,0.0691,13963.5,SAR,2026-01-05 06:00:00
L0016071,INV-2025-007757,INV,,2025-02-24,REP-042,CUST-00663,Saudi Arabia,CY-EDR,1.0,11250.0,0.0876,10264.5,SAR,2026-01-05 06:00:00
L0013862,INV-2024-006669,INV,,2024-12-26,REP-072,CUST-00729,UAE,CN-FIB-100,1.0,8814.0,0.0829,8083.32,AED,2026-01-05 06:00:00
L0021579,INV-2025-010492,INV,,2025-06-28,REP-055,CUST-00773,UAE,PS-IMPL,1.0,2938.0,0.0873,2681.51,AED,2026-01-05 06:00:00
L0011389,INV-2024-005492,INV,,2024-11-08,REP-006,CUST-00043,Egypt,MS-NOC,1.0,579758.4,0.1782,476445.45,EGP,2026-01-05 06:00:00
L0007319,INV-2024-003583,INV,,2024-07-28,REP-031,CUST-00432,Saudi Arabia,CL-BKP,1.0,1200.0,0.0642,1122.96,USD,2026-01-05 06:00:00
L0027235,INV-2025-013209,INV,,2025-10-06,REP-084,CUST-00908,Oman,CL-BKP,3.0,461.4,0.0744,1281.22,OMR,2026-01-05 06:00:00
L0029467,INV-2025-014312,INV,,2025-12-11,REP-027,CUST-00356,Egypt,CN-FIB-100,1.0,121088.88,0.1987,97028.52,EGP,2026-01-05 06:00:00
L0026969,INV-2025-013076,INV,,2025-10-19,REP-060,CUST-00786,UAE,DV-SW48,1.0,8079.5,0.256,6011.15,AED,2026-01-05 06:00:00
L0015172,INV-2025-007301,INV,,2025-01-03,REP-058,CUST-00809,UAE,DV-RTR,5.0,4039.75,0.1711,16742.74,AED,2026-01-05 06:00:00
L0028260,INV-2025-013708,INV,,2025-11-14,REP-046,CUST-00688,Saudi Arabia,CL-PROD,2.0,5625.0,0.0765,10389.38,SAR,2026-01-05 06:00:00
L0027212,INV-2025-013196,INV,,2025-10-31,REP-081,CUST-00937,Oman,CY-EDR,1.0,1153.5,0.0415,1105.63,OMR,2026-01-05 06:00:00
L0025340,INV-2025-012288,INV,,2025-09-28,REP-050,CUST-00732,UAE,MS-NOC,1.0,44070.0,0.1143,39032.8,AED,2026-01-05 06:00:00
L0003325,INV-2024-001626,INV,,2024-04-18,REP-007,CUST-00010,Egypt,CY-FW,1.0,287642.4,0.1046,257555.0,EGP,2026-01-05 06:00:00
L0023181,INV-2025-011267,INV,,2025-08-24,REP-003,CUST-00057,Egypt,CY-FW,1.0,299179.8,0.0917,271745.01,EGP,2026-01-05 06:00:00
L0008540,INV-2024-004179,INV,,2024-08-23,REP-047,CUST-00633,Saudi Arabia,CY-EDR,1.0,11250.0,0.0565,10614.38,SAR,2026-01-05 06:00:00
L0023185,INV-2025-011268,INV,,2025-08-06,REP-004,CUST-00044,Egypt,PS-IMPL,2.0,39890.64,0.0927,72385.56,EGP,2026-01-05 06:00:00
L0019930,INV-2025-009679,INV,,2025-05-29,REP-076,CUST-00615,Saudi Arabia,CL-BKP,1.0,4500.0,0.0881,4103.55,SAR,2026-01-05 06:00:00
L0026135,INV-2025-012669,INV,,2025-10-30,REP-018,CUST-00185,Egypt,CY-EDR,1.0,148681.8,0.1266,129858.68,EGP,2026-01-05 06:00:00
L0015844,INV-2025-007646,INV,,2025-02-28,REP-029,CUST-00388,Saudi Arabia,MS-HELP,1.0,18000.0,0.1093,16032.6,SAR,2026-01-05 06:00:00
L0003323,INV-2024-001625,INV,,2024-04-25,REP-006,CUST-00061,Egypt,CL-BKP,12.0,57528.48,0.1296,600873.47,EGP,2026-01-05 06:00:00
L0030550,INV-2025-014799,INV,,2025-12-27,REP-067,CUST-00908,Oman,DV-AP,3.0,173.02,0.0608,487.5,OMR,2026-01-05 06:00:00
L0024409,INV-2025-011834,INV,,2025-09-18,REP-009,CUST-00039,Egypt,CY-EDR,1.0,150184.8,0.1227,131757.13,EGP,2026-01-05 06:00:00
L0006428,INV-2024-003172,INV,,2024-06-25,REP-051,CUST-00775,UAE,CN-FIB-100,1.0,8814.0,0.142,7562.41,AED,2026-01-05 06:00:00
L0020523,INV-2025-009965,INV,,2025-06-13,REP-006,CUST-00011,Egypt,PS-IMPL,5.0,40085.68,0.1379,172789.32,EGP,2026-01-05 06:00:00
L0010120,INV-2024-004909,INV,,2024-10-09,REP-003,CUST-00031,Egypt,CY-EDR,1.0,145989.0,0.0711,135609.18,EGP,2026-01-05 06:00:00
L0003780,INV-2024-001854,INV,,2024-04-23,REP-036,CUST-00400,Saudi Arabia,CL-IAAS-S,2.0,6750.0,0.1378,11639.7,SAR,2026-01-05 06:00:00
L0006289,INV-2024-003104,INV,,2024-06-30,REP-044,CUST-00508,Saudi Arabia,CN-FIB-100,2.0,9000.0,0.075,16650.0,SAR,2026-01-05 06:00:00
L0013863,INV-2024-006670,INV,,2024-12-29,REP-057,CUST-00802,UAE,DV-RTR,5.0,4039.75,0.1967,16225.66,AED,2026-01-05 06:00:00
L0029219,INV-2025-014180,INV,,2025-12-04,REP-019,CUST-00255,Egypt,CN-FIB-100,1.0,121088.88,0.0417,116039.47,EGP,2026-01-05 06:00:00
L0011756,INV-2024-005679,INV,,2024-11-27,REP-027,CUST-00362,Egypt,DV-AP,3.0,21740.94,0.1996,52204.35,EGP,2026-01-05 06:00:00
L0004308,INV-2024-002120,INV,,2024-04-17,REP-068,CUST-00885,Oman,CL-BKP,4.0,461.4,0.0764,1704.6,OMR,2026-01-05 06:00:00
L0016840,INV-2025-008145,INV,,2025-03-12,REP-019,CUST-00071,Egypt,CL-PROD,2.0,73423.35,0.0272,142852.47,EGP,2026-01-05 06:00:00
L0016012,INV-2025-007721,INV,,2025-02-26,REP-039,CUST-00633,Saudi Arabia,DV-SW48,1.0,8250.0,0.1253,7216.28,SAR,2026-01-05 06:00:00
L0018875,INV-2025-009142,INV,,2025-04-30,REP-065,CUST-00943,Oman,CN-FIB-100,1.0,922.8,0.0369,888.75,OMR,2026-01-05 06:00:00
L0022436,INV-2025-010911,INV,,2025-07-29,REP-032,CUST-00425,Saudi Arabia,CL-IAAS-S,24.0,6750.0,0.0955,146529.0,SAR,2026-01-05 06:00:00
L0001975,INV-2024-000961,INV,,2024-02-24,REP-062,CUST-00797,UAE,CL-BKP,1.0,4407.0,0.1515,3739.34,AED,2026-01-05 06:00:00
L0008621,INV-2024-004205,INV,,2024-08-14,REP-054,CUST-00718,UAE,MS-HELP,1.0,17628.0,0.1181,15546.13,AED,2026-01-05 06:00:00
L0028074,INV-2025-013606,INV,,2025-11-01,REP-038,CUST-00675,Saudi Arabia,DV-RTR,3.0,4125.0,0.0636,11587.95,SAR,2026-01-05 06:00:00
L0021767,INV-2025-010572,INV,,2025-06-26,REP-086,CUST-00817,UAE,CY-EDR,1.0,11017.5,0.1913,8909.85,AED,2026-01-05 06:00:00
L0006657,INV-2024-003258,INV,,2024-06-28,REP-061,CUST-00811,UAE,CL-BKP,1.0,4407.0,0.2199,3437.9,AED,2026-01-05 06:00:00
L0025884,INV-2025-012543,INV,,2025-10-01,REP-004,CUST-00060,Egypt,MS-HELP,1.0,237890.88,0.0352,229517.12,EGP,2026-01-05 06:00:00
L0004115,INV-2024-002024,INV,,2024-04-07,REP-055,CUST-00756,UAE,CN-FIB-100,1.0,8814.0,0.098,7950.23,AED,2026-01-05 06:00:00
L0003228,INV-2024-001586,INV,,2024-03-12,REP-069,CUST-00843,Oman,MS-HELP,1.0,1845.6,0.0229,1803.34,OMR,2026-01-05 06:00:00
L0025818,INV-2025-012514,INV,,2025-09-07,REP-084,CUST-00954,Oman,CY-EDR,1.0,1153.5,0.0988,1039.53,OMR,2026-01-05 06:00:00
L0014782,INV-2025-007113,INV,,2025-01-31,REP-035,CUST-00420,Saudi Arabia,MS-HELP,1.0,18000.0,0.0869,16435.8,SAR,2026-01-05 06:00:00
L0011742,INV-2024-005673,INV,,2024-11-09,REP-027,CUST-00369,Egypt,CL-IAAS-S,1.0,86963.76,0.1966,69866.68,EGP,2026-01-05 06:00:00
L0022740,INV-2025-011058,INV,,2025-07-16,REP-050,CUST-00735,UAE,CN-SDWAN,3.0,13221.0,0.1241,34740.82,AED,2026-01-05 06:00:00
L0017594,INV-2025-008505,INV,,2025-03-30,REP-071,CUST-00808,UAE,DV-RTR,8.0,4039.75,0.1718,26765.77,AED,2026-01-05 06:00:00
L0003836,INV-2024-001886,INV,,2024-04-19,REP-039,CUST-00650,Saudi Arabia,CL-IAAS-S,4.0,6750.0,0.0907,24551.1,SAR,2026-01-05 06:00:00
L0028835,INV-2025-013979,INV,,2025-11-27,REP-081,CUST-00893,Oman,DV-RTR,4.0,422.95,0.04,1624.13,OMR,2026-01-05 06:00:00
L0031017,CN-2025-00154,CN,INV-2024-006018,2025-03-22,REP-071,CUST-00818,UAE,CY-EDR,-1.0,11017.5,0.2068,-8739.08,AED,2026-01-05 06:00:00
L0015920,INV-2025-007677,INV,,2025-02-03,REP-070,CUST-00387,Saudi Arabia,MS-HELP,1.0,18000.0,0.1003,16194.6,SAR,2026-01-05 06:00:00
L0002198,INV-2024-001069,INV,,2024-03-30,REP-004,CUST-00052,Egypt,MS-HELP,1.0,227583.84,0.1041,203892.36,EGP,2026-01-05 06:00:00
L0028984,INV-2025-014048,INV,,2025-12-30,REP-006,CUST-00016,Egypt,CN-FIB-100,1.0,121088.88,0.1265,105771.14,EGP,2026-01-05 06:00:00
L0004797,INV-2024-002368,INV,,2024-05-27,REP-026,CUST-00372,Egypt,CY-EDR,2.0,143654.1,0.138,247659.67,EGP,2026-01-05 06:00:00
L0025279,INV-2025-012253,INV,,2025-09-03,REP-045,CUST-00650,Saudi Arabia,CN-MPLS,1.0,33750.0,0.109,30071.25,SAR,2026-01-05 06:00:00
L0015200,INV-2025-007314,INV,,2025-01-29,REP-063,CUST-00816,UAE,DV-AP,13.0,1652.62,0.1746,17732.94,AED,2026-01-05 06:00:00
L0019232,INV-2025-009315,INV,,2025-05-16,REP-015,CUST-00328,Egypt,CN-FIB-100,1.0,119833.2,0.0836,109815.14,EGP,2026-01-05 06:00:00
L0029889,INV-2025-014490,INV,,2025-12-22,REP-043,CUST-00603,Saudi Arabia,DV-AP,1.0,1687.5,0.0384,1622.7,SAR,2026-01-05 06:00:00
L0018205,INV-2025-008823,INV,,2025-04-15,REP-028,CUST-00395,Saudi Arabia,MS-HELP,2.0,18000.0,0.0564,33969.6,SAR,2026-01-05 06:00:00
L0007429,INV-2024-003624,INV,,2024-07-12,REP-070,CUST-00434,Saudi Arabia,CL-BKP,1.0,4500.0,0.1472,3837.6,SAR,2026-01-05 06:00:00
L0022657,INV-2025-011020,INV,,2025-07-31,REP-045,CUST-00462,Saudi Arabia,DV-RTR,1.0,4125.0,0.0981,3720.34,SAR,2026-01-05 06:00:00
L0018221,INV-2025-008829,INV,,2025-04-01,REP-029,CUST-00382,Saudi Arabia,DV-AP,7.0,1687.5,0.103,10595.81,SAR,2026-01-05 06:00:00
L0021050,INV-2025-010227,INV,,2025-06-10,REP-032,CUST-00406,Saudi Arabia,CN-FIB-100,1.0,9000.0,0.1177,7940.7,SAR,2026-01-05 06:00:00
L0021949,INV-2025-010677,INV,,2025-07-27,REP-002,CUST-00023,Egypt,CN-FIB-100,1.0,118862.4,0.1192,104694.0,EGP,2026-01-05 06:00:00
L0029287,INV-2025-014217,INV,,2025-12-31,REP-001,CUST-00155,Egypt,CN-FIB-100,1.0,121088.88,0.0715,112431.03,EGP,2026-01-05 06:00:00
L0001104,INV-2024-000521,INV,,2024-02-25,REP-012,CUST-00113,Egypt,DV-AP,1.0,13905.0,0.0566,13117.98,EGP,2026-01-05 06:00:00
L0013602,INV-2024-006564,INV,,2024-12-27,REP-046,CUST-00684,Saudi Arabia,CN-FIB-100,2.0,9000.0,0.0575,16965.0,SAR,2026-01-05 06:00:00
L0011030,INV-2024-005330,INV,,2024-10-10,REP-072,CUST-00728,UAE,PS-TRN,2.0,5508.75,0.0776,10162.54,AED,2026-01-05 06:00:00
L0024479,INV-2025-011865,INV,,2025-09-01,REP-011,CUST-00295,Egypt,CL-BKP,1.0,60073.92,0.0137,59250.91,EGP,2026-01-05 06:00:00
L0012464,INV-2024-005995,INV,,2024-11-21,REP-061,CUST-00778,UAE,CY-SOC,1.0,66105.0,0.1914,53452.5,AED,2026-01-05 06:00:00
L0029661,INV-2025-014389,INV,,2025-12-30,REP-035,CUST-00391,Saudi Arabia,CN-FIB-100,1.0,9000.0,0.1164,7952.4,SAR,2026-01-05 06:00:00
L0010730,INV-2024-005187,INV,,2024-10-28,REP-039,CUST-00510,Saudi Arabia,CL-PROD,3.0,5625.0,0.0887,15378.19,SAR,2026-01-05 06:00:00
L0012863,INV-2024-006178,INV,,2024-12-20,REP-011,CUST-00108,Egypt,CN-FIB-100,1.0,114633.36,0.0399,110059.49,EGP,2026-01-05 06:00:00
L0006180,INV-2024-003037,INV,,2024-06-21,REP-038,CUST-00607,Saudi Arabia,CL-PROD,1.0,5625.0,0.0467,5362.31,SAR,2026-01-05 06:00:00
L0018900,INV-2025-009156,INV,,2025-04-01,REP-067,CUST-00852,Oman,DV-SW48,1.0,845.9,0.0481,805.21,OMR,2026-01-05 06:00:00
L0009887,INV-2024-004791,INV,,2024-09-23,REP-061,CUST-00785,UAE,MS-HELP,1.0,17628.0,0.1623,14766.98,AED,2026-01-05 06:00:00
L0019084,INV-2025-009244,INV,,31/05/2025,REP-006,CUST-00008,Egypt,CN-FIB-100,1.0,119833.2,0.1519,101630.54,EGP,2026-01-05 06:00:00
L0026867,INV-2025-013035,INV,,2025-10-17,REP-056,CUST-00707,UAE,CY-EDR,3.0,11017.5,0.1048,29588.6,AED,2026-01-05 06:00:00
L0019748,INV-2025-009581,INV,,2025-05-16,REP-040,CUST-00645,Saudi Arabia,CL-PROD,2.0,5625.0,0.0317,10893.38,SAR,2026-01-05 06:00:00
L0010703,INV-2024-005171,INV,,2024-10-03,REP-070,CUST-00377,Saudi Arabia,PS-TRN,6.0,5625.0,0.1431,28920.38,SAR,2026-01-05 06:00:00
L0005129,INV-2024-002537,INV,,2024-05-22,REP-045,CUST-00490,Saudi Arabia,CL-PROD,3.0,5625.0,0.1122,14981.62,SAR,2026-01-05 06:00:00
L0030799,CN-2024-00036,CN,INV-2024-001777,2024-08-12,REP-022,CUST-00353,Egypt,CY-EDR,-1.0,143464.8,0.161,-120366.97,EGP,2026-01-05 06:00:00
L0026453,INV-2025-012834,INV,,15/10/2025,REP-037,CUST-00402,Saudi Arabia,CL-IAAS-S,13.0,6750.0,0.0987,79089.08,SAR,2026-01-05 06:00:00
L0008117,INV-2024-003961,INV,,2024-08-07,REP-016,CUST-00106,Egypt,CL-PROD,1.0,71732.4,0.1346,62077.22,EGP,2026-01-05 06:00:00
L0020252,INV-2025-009827,INV,,2025-05-29,REP-065,CUST-00951,Oman,CL-PROD,2.0,576.75,0.0487,1097.32,OMR,2026-01-05 06:00:00
L0009506,INV-2024-004615,INV,,2024-09-17,REP-038,CUST-00447,Saudi Arabia,CL-BKP,4.0,4500.0,0.0577,16961.4,SAR,2026-01-05 06:00:00
L0028528,INV-2025-013818,INV,,29/11/2025,REP-060,CUST-00787,UAE,DV-SW48,2.0,8079.5,0.2459,12185.5,AED,2026-01-05 06:00:00
L0028575,INV-2025-013840,INV,,2025-11-26,REP-063,CUST-00788,UAE,CN-FIB-100,2.0,8814.0,0.1947,14195.83,AED,2026-01-05 06:00:00
L0024164,INV-2025-011728,INV,,2025-08-01,REP-065,CUST-00970,Oman, dv-ap,2.0,173.02,0.0,346.04,OMR,2026-01-05 06:00:00
L0003717,INV-2024-001827,INV,,2024-04-08,REP-029,CUST-00417,Saudi Arabia,CN-FIB-100,3.0,9000.0,0.1115,23989.5,SAR,2026-01-05 06:00:00
L0026455,INV-2025-012835,INV,,2025-10-30,REP-037,CUST-00434,Saudi Arabia,PS-AUD,6.0,20625.0,0.1228,108553.5,SAR,2026-01-05 06:00:00
L0005640,INV-2024-002766,INV,,2024-06-17,REP-010,CUST-00187,Egypt,CY-EDR,1.0,144350.1,0.0158,142069.37,EGP,2026-01-05 06:00:00
L0014206,INV-2025-006840,INV,,2025-01-30,REP-003,CUST-00006,Egypt,CN-FIB-100,2.0,119228.88,0.1519,202236.03,EGP,2026-01-05 06:00:00
L0026874,INV-2025-013037,INV,,2025-10-16,REP-056,CUST-00732,UAE,CN-FIB-100,1.0,8814.0,0.1247,7714.89,AED,2026-01-05 06:00:00
L0017658,INV-2025-008539,INV,,2025-03-30,REP-074,CUST-00865,Oman,CL-BKP,2.0,461.4,0.0608,866.69,OMR,2026-01-05 06:00:00
L0028599,INV-2025-013850,INV,,2025-11-23,REP-049,CUST-00816,UAE,CL-BKP,1.0,4407.0,0.2203,3436.14,XXX,2026-01-05 06:00:00
L0029337,INV-2025-014246,INV,,2025-12-20,REP-079,CUST-00254,Egypt,CN-FIB-100,1.0,121088.88,0.0683,112818.51,EGP,2026-01-05 06:00:00
L0016515,INV-2025-007980,INV,,2025-02-25,REP-074,CUST-00850,Oman,CL-BKP,1.0,461.4,0.0572,435.01,OMR,2026-01-05 06:00:00
L0023766,INV-2025-011544,INV,,2025-08-13,REP-038,CUST-00638,Saudi Arabia,CN-FIB-100,2.0,9000.0,0.0834,16498.8,SAR,2026-01-05 06:00:00
L0014848,INV-2025-007139,INV,,2025-01-14,REP-038,CUST-00461,Saudi Arabia,CN-FIB-100,1.0,9000.0,0.0229,8793.9,SAR,2026-01-05 06:00:00
L0030677,INV-2025-014867,INV,,2025-12-14,REP-081,CUST-00863,Oman,CY-EDR,1.0,1153.5,0.0276,1121.66,OMR,2026-01-05 06:00:00
L0014414,INV-2025-006935,INV,,2025-01-30,REP-016,CUST-00240,Egypt,CN-FIB-100,1.0,119228.88,0.1095,106173.32,EGP,2026-01-05 06:00:00
L0003528,INV-2024-001739,INV,,2024-04-02,REP-019,CUST-00110,Egypt,MS-HELP,1.0,230113.92,0.0412,220633.23,EGP,2026-01-05 06:00:00
L0002286,INV-2024-001103,INV,,2024-03-12,REP-009,CUST-00019,Egypt,CY-EDR,1.0,142239.9,0.0621,133406.8,EGP,2026-01-05 06:00:00
L0001593,INV-2024-000776,INV,,2024-02-16,REP-039,CUST-00618,Saudi Arabia,CN-FIB-100,2.0,9000.0,0.0677,16781.4,SAR,2026-01-05 06:00:00
L0008039,INV-2024-003913,INV,,2024-08-28,REP-012,CUST-00150,EGY,CN-FIB-100,1.0,114771.84,0.1051,102709.32,EGP,2026-01-05 06:00:00
L0027590,INV-2025-013390,INV,,2025-11-19,REP-017,CUST-00091,Egypt,DV-SW48,1.0,110317.02,0.0475,105076.96,EGP,2026-01-05 06:00:00
L0006538,INV-2024-003206,INV,,2024-06-20,REP-055,CUST-00725,UAE,CN-FIB-100,1.0,8814.0,0.0647,8243.73,AED,2026-01-05 06:00:00
L0030921,CN-2024-00106,CN,INV-2024-004449,2024-10-06,REP-016,CUST-00167,Egypt,MS-HELP,-1.0,233582.4,0.1442,-199899.82,EGP,2026-01-05 06:00:00
L0028708,INV-2025-013905,INV,,2025-11-23,REP-065,CUST-00889,Oman,CL-IAAS-S,2.0,692.1,0.0098,1370.63,OMR,2026-01-05 06:00:00
L0016418,INV-2025-007924,INV,,2025-02-14,REP-071,CUST-00783,UAE,DV-RTR,2.0,4039.75,0.1763,6655.08,AED,2026-01-05 06:00:00
L0021452,INV-2025-010434,INV,,2025-06-29,REP-047,CUST-00691,Saudi Arabia,CY-EDR,1.0,11250.0,0.0727,10432.12,SAR,2026-01-05 06:00:00
L0030442,INV-2025-014741,INV,,2025-12-19,REP-089,CUST-00793,UAE,CY-EDR,5.0,11017.5,0.2122,43397.93,AED,2026-01-05 06:00:00
L0003230,INV-2024-001587,INV,,2024-03-12,REP-069,CUST-00838,Sultanate of Oman,CL-BKP,2.0,461.4,0.0558,871.31,OMR,2026-01-05 06:00:00
L0013984,INV-2024-006728,INV,,2024-12-31,REP-063,CUST-00814,UAE,DV-AP,2.0,1652.62,0.1678,2750.62,AED,2026-01-05 06:00:00
L0002439,INV-2024-001191,INV,,2024-03-10,REP-018,CUST-00237,Egypt,CL-BKP,1.0,56895.96,0.0847,52076.87,EGP,2026-01-05 06:00:00
L0020353,INV-2025-009886,INV,,2025-05-19,REP-080,CUST-00916,Oman,CL-PROD,3.0,576.75,0.0434,1655.16,OMR,2026-01-05 06:00:00
L0008947,INV-2024-004347,INV,,2024-09-09,REP-004,CUST-00054,Egypt,MS-HELP,1.0,231537.12,0.0475,220539.11,EGP,2026-01-05 06:00:00
L0027839,INV-2025-013519,INV,,2025-11-29,REP-093,CUST-00367,Egypt,DV-AP,15.0,22564.84,0.2276,261436.24,EGP,2026-01-05 06:00:00
L0018650,INV-2025-009047,INV,,2025-04-27,REP-050,CUST-00741,UAE,PS-TRN,6.0,5508.75,0.1116,29363.84,AED,2026-01-05 06:00:00
L0031140,CN-2025-00230,CN,INV-2025-008587,2025-05-10,REP-006,CUST-00027,Egypt,CN-SDWAN,-1.0,179749.8,0.1334,-155771.18,EGP,2026-01-05 06:00:00
L0030842,CN-2024-00063,CN,INV-2024-002833,2024-10-12,REP-015,CUST-00281,Egypt,CL-BKP,-1.0,58395.6,0.0864,-53350.22,EGP,2026-01-05 06:00:00
L0027765,INV-2025-013486,INV,,2025-11-04,REP-025,CUST-00359,Egypt,CY-FW,1.0,300864.6,0.1856,245024.13,EGP,2026-01-05 06:00:00
L0024767,INV-2025-012027,INV,,2025-09-26,REP-023,CUST-00373,Egypt,DV-RTR,1.0,55067.76,0.1856,44847.18,EGP,2026-01-05 06:00:00
L0011022,INV-2024-005328,INV,,2024-10-25,REP-056,CUST-00773,UAE,CN-SDWAN,3.0,13221.0,0.0591,37318.92,AED,2026-01-05 06:00:00
L0015103,INV-2025-007271,INV,,2025-01-28,REP-053,CUST-00707,UAE,CL-IAAS-S,3.0,6610.5,0.0481,18877.6,AED,2026-01-05 06:00:00
L0013095,INV-2024-006317,INV,,2024-12-06,REP-022,CUST-00346,Egypt,CY-EDR,1.0,143291.7,0.1465,122299.47,EGP,2026-01-05 06:00:00
L0011386,INV-2024-005490,INV,,2024-11-19,REP-005,CUST-00009,Egypt,CN-FIB-100,1.0,115951.68,0.1722,95984.8,EGP,2026-01-05 06:00:00
L0020864,INV-2025-010144,INV,,2025-06-03,REP-078,CUST-00274,Egypt,DV-SW48,1.0,110235.62,0.1362,95221.53,EGP,2026-01-05 06:00:00
L0026278,INV-2025-012754,INV,,2025-10-25,REP-023,CUST-00347,Egypt,CL-PROD,2.0,74340.9,0.1556,125546.91,EGP,2026-01-05 06:00:00
L0026010,INV-2025-012593,INV,,2025-10-19,REP-010,CUST-00211,Egypt ,CL-BKP,1.0,59472.72,0.037,57272.23,EGP,2026-01-05 06:00:00
L0024552,INV-2025-011910,INV,,2025-09-07,REP-016,CUST-00234,Egypt,DV-AP,4.0,0.0,0.1174,0.0,EGP,2026-01-05 06:00:00
L0007180,INV-2024-003522,INV,,2024-07-24,REP-022,CUST-00346,Egypt,MS-HELP,1.0,232548.96,0.1554,196410.85,EGP,2026-01-05 06:00:00
L0003057,INV-2024-001490,INV,,2024-03-17,REP-056,CUST-00712,UAE,MS-NOC,2.0,44070.0,0.1186,77686.6,AED,2026-01-05 06:00:00
L0018963,INV-2025-009194,INV,,2025-04-11,REP-081,CUST-00948,Oman,PS-IMPL,1.0,307.6,0.0566,290.19,OMR,2026-01-05 06:00:00
L0011541,INV-2024-005574,INV,,2024-11-30,REP-017,CUST-00164,Egypt,DV-AP,1.0,21740.94,0.0006,21727.9,EGP,2026-01-05 06:00:00
L0028715,INV-2025-013909,INV,,2025-11-06,REP-065,CUST-00956,Oman,PS-IMPL,1.0,307.6,0.0024,306.86,OMR,2026-01-05 06:00:00
L0014606,INV-2025-007044,INV,,2025-01-19,REP-024,CUST-00372,Egypt,DV-SW48,1.0,109293.14,0.1891,88625.81,EGP,2026-01-05 06:00:00
L0029965,INV-2025-014535,INV,,2025-12-17,REP-045,CUST-00464,Saudi Arabia,CN-MPLS,1.0,33750.0,0.1136,29916.0,SAR,2026-01-05 06:00:00
L0020619,INV-2025-010003,INV,,2025-06-20,REP-010,CUST-00115,Egypt,DV-AP,1.0,22548.2,0.0533,21346.38,EGP,2026-01-05 06:00:00
L0009751,INV-2024-004736,INV,,2024-09-27,REP-053,CUST-00765,UAE,CL-BKP,21.0,4407.0,0.0541,87540.21,AED,2026-01-05 06:00:00
L0013946,INV-2024-006712,INV,,2024-12-31,REP-060,CUST-00807,UAE,MS-COLO,2.0,35256.0,0.2187,55091.03,AED,2026-01-05 06:00:00
L0008898,INV-2024-004328,INV,,2024-09-08,REP-002,CUST-00030,Egypt,CY-EDR,1.0,144710.7,0.1975,116130.34,EGP,2026-01-05 06:00:00
L0019620,INV-2025-009520,INV,,2025-05-01,REP-034,CUST-00438,Saudi Arabia,MS-HELP,1.0,18000.0,0.1142,15944.4,SAR,2026-01-05 06:00:00
L0024511,INV-2025-011884,INV,,2025-09-23,REP-015,CUST-00202,Egypt,CN-FIB-100,1.0,120147.84,0.0748,111160.78,EGP,2026-01-05 06:00:00
L0013087,INV-2024-006314,INV,,2024-12-26,REP-022,CUST-00374,Egypt,CL-BKP,2.0,57316.68,0.1082,102230.03,EGP,2026-01-05 06:00:00
L0022789,INV-2025-011074,INV,,2025-07-03,REP-055,CUST-00723,UAE,CY-SOC,1.0,66105.0,0.0936,59917.57,AED,2026-01-05 06:00:00
L0028768,INV-2025-013940,INV,,2025-11-27,REP-074,CUST-00880,Oman,CL-BKP,1.0,461.4,0.0477,439.39,OMR,2026-01-05 06:00:00
L0018299,INV-2025-008858,INV,,2025-04-30,REP-034,CUST-00409,Saudi Arabia,CY-EDR,4.0,11250.0,0.1795,36922.5,SAR,2026-01-05 06:00:00
L0018857,INV-2025-009132,INV,,2025-04-28,REP-049,CUST-00815,UAE,CL-BKP,13.0,4407.0,0.2203,44669.79,AED,2026-01-05 06:00:00
L0012079,INV-2024-005829,INV,,2024-11-29,REP-044,CUST-00666,Saudi Arabia,CL-PROD,3.0,5625.0,0.0594,15872.62,SAR,2026-01-05 06:00:00
L0019462,INV-2025-009449,INV,,2025-05-27,REP-023,CUST-00361,Egypt,DV-AP,11.0,22468.72,0.1736,204249.65,EGP,2026-01-05 06:00:00
L0016467,INV-2025-007953,INV,,2025-02-03,REP-066,CUST-00824,Oman,DV-SW48,1.0,845.9,0.0273,822.81,OMR,2026-01-05 06:00:00
L0021511,INV-2025-010465,INV,,2025-06-16,REP-050,CUST-00772,UAE,CY-SOC,1.0,66105.0,0.0889,60228.27,AED,2026-01-05 06:00:00
L0023937,INV-2025-011635,INV,,2025-08-02,REP-051,CUST-00726,UAE,CY-EDR,2.0,11017.5,0.1679,18335.32,AED,2026-01-05 06:00:00
L0011538,INV-2024-005571,INV,,2024-11-01,REP-016,CUST-00158,Egypt,DV-RTR,1.0,53144.52,0.1379,45815.89,EGP,2026-01-05 06:00:00
L0020259,INV-2025-009830,INV,,2025-05-29,REP-065,CUST-00867,Oman,CL-BKP,1.0,461.4,0.032,446.64,OMR,2026-01-05 06:00:00
L0002811,INV-2024-001370,INV,,2024-03-01,REP-042,CUST-00452,Saudi Arabia,CY-EDR,1.0,11250.0,0.0315,10895.62,SAR,2026-01-05 06:00:00
L0023494,INV-2025-011425,INV,,2025-08-05,REP-001,CUST-00195,Egypt,CN-FIB-100,1.0,119671.92,0.0111,118343.56,EGP,2026-01-05 06:00:00
L0021105,INV-2025-010247,INV,,2025-06-26,REP-037,CUST-00413,Saudi Arabia,MS-COLO,1.0,9600.0,0.143,8227.2,USD,2026-01-05 06:00:00
L0027017,INV-2025-013094,INV,,2025-10-04,REP-063,CUST-00788,UAE,CY-EDR,1.0,11017.5,0.1611,9242.58,AED,2026-01-05 06:00:00
L0008920,INV-2024-004336,INV,,2024-09-24,REP-003,CUST-00044,Egypt,CY-EDR,1.0,144710.7,0.0572,136433.25,EGP,2026-01-05 06:00:00
L0011242,INV-2024-005427,INV,,2024-10-26,REP-067,CUST-00865,Oman,CY-EDR,1.0,1153.5,0.0779,1063.64,OMR,2026-01-05 06:00:00
L0019717,INV-2025-009564,INV,,2025-05-28,REP-039,CUST-00477,Saudi Arabia,CL-BKP,5.0,4500.0,0.1094,20038.5,SAR,2026-01-05 06:00:00
L0015624,INV-2025-007538,INV,,2025-02-13,REP-018,CUST-00132,Egypt,CN-FIB-100,1.0,117870.48,0.1328,102217.28,EGP,2026-01-05 06:00:00
L0023994,INV-2025-011655,INV,,2025-08-31,REP-072,CUST-00747,UAE,CY-FW,3.0,22035.0,0.1106,58793.79,AED,2026-01-05 06:00:00
L0021434,INV-2025-010424,INV,,2025-06-08,REP-047,CUST-00511,Saudi Arabia,CL-BKP,1.0,4500.0,0.0237,4393.35,SAR,2026-01-05 06:00:00
L0030485,INV-2025-014764,INV,,2025-12-31,REP-065,CUST-00859,Oman,CN-FIB-100,1.0,922.8,0.0165,907.57,OMR,2026-01-05 06:00:00
L0000877,INV-2024-000419,INV,,2024-01-11,REP-067,CUST-00938,Oman,CY-EDR,1.0,1153.5,0.0542,1090.98,OMR,2026-01-05 06:00:00
L0010818,INV-2024-005240,INV,,2024-10-30,REP-045,CUST-00477,Saudi Arabia,CL-BKP,1.0,4500.0,0.1121,3995.55,SAR,2026-01-05 06:00:00
L0003791,INV-2024-001859,INV,,2024-04-14,REP-038,CUST-00686,Saudi Arabia,CN-MPLS,1.0,33750.0,0.1008,30348.0,SAR,2026-01-05 06:00:00
L0021083,INV-2025-010239,INV,,2025-06-27,REP-033,CUST-00413,Saudi Arabia,CN-FIB-100,1.0,9000.0,0.0395,8644.5,SAR,2026-01-05 06:00:00
L0027836,INV-2025-013517,INV,,2025-11-09,REP-093,CUST-00360,Egypt,DV-SW48,1.0,110317.02,0.2033,87889.57,EGP,2026-01-05 06:00:00
L0013646,INV-2024-006591,INV,,2024-12-01,REP-076,CUST-00469,Saudi Arabia,DV-AP,1.0,1687.5,0.0743,1562.12,SAR,2026-01-05 06:00:00
L0022183,INV-2025-010777,INV,,2025-07-27,REP-015,CUST-00314,Egypt,CN-FIB-100,1.0,118862.4,0.1072,106120.35,EGP,2026-01-05 06:00:00
L0009742,INV-2024-004733,INV,,2024-09-12,REP-051,CUST-00771,UAE,DV-AP,6.0,1652.62,0.1633,8296.48,AED,2026-01-05 06:00:00
L0013555,INV-2024-006538,INV,,2024-12-07,REP-045,CUST-00471,Saudi Arabia,CN-SDWAN,2.0,13500.0,0.0857,24686.1,SAR,2026-01-05 06:00:00
L0017855,INV-2025-008637,INV,,2025-04-29,REP-013,CUST-00128,Egypt,CN-FIB-100,1.0,117919.2,0.0447,112648.21,EGP,2026-01-05 06:00:00
L0015300,INV-2025-007371,INV,,2025-01-29,REP-067,CUST-00967,Oman,DV-AP,7.0,173.02,0.0651,1132.29,OMR,2026-01-05 06:00:00
L0010184,INV-2024-004932,INV,,2024-10-10,REP-006,CUST-00031,Egypt,CN-FIB-100,1.0,116791.2,0.1721,96691.43,EGP,2026-01-05 06:00:00
L0021773,INV-2025-010574,INV,,2025-06-21,REP-086,CUST-00789,UAE,CN-SDWAN,2.0,13221.0,0.198,21206.48,AED,2026-01-05 06:00:00
L0025180,INV-2025-012196,INV,,2025-09-02,REP-042,CUST-00658,Saudi Arabia,MS-COLO,1.0,36000.0,0.0654,33645.6,SAR,2026-01-05 06:00:00
L0002065,INV-2024-001006,INV,,2024-02-28,REP-066,CUST-00893,Oman,DV-AP,1.0,173.02,0.0815,158.92,OMR,2026-01-05 06:00:00
L0026166,INV-2025-012688,INV,,2025-10-13,REP-019,CUST-00277,Egypt,CL-IAAS-S,2.0,89209.08,0.0172,175349.37,EGP,2026-01-05 06:00:00
L0031246,CN-2025-00290,CN,INV-2025-011208,2025-10-04,REP-074,CUST-00884,Oman,CL-BKP,-1.0,461.4,0.0179,-453.14,OMR,2026-01-05 06:00:00
L0027691,INV-2025-013447,INV,,2025-11-29,REP-078,CUST-00297,Egypt,CY-EDR,1.0,150432.3,0.1217,132124.69,EGP,2026-01-05 06:00:00
L0003590,INV-2024-001773,INV,,2024-04-12,REP-021,CUST-00352,Egypt,DV-SW48,4.0,105468.88,0.217,330328.53,EGP,2026-01-05 06:00:00
L0031341,CN-2025-00339,CN,INV-2025-013487,2025-12-28,REP-025,CUST-00360,Egypt,CN-FIB-100,-1.0,121088.88,0.1828,-98953.83,EGP,2026-01-05 06:00:00
L0025528,INV-2025-012360,INV,,2025-09-25,REP-061,CUST-00804,UAE,CY-FW,1.0,22035.0,0.2367,16819.32,AED,2026-01-05 06:00:00
L0020484,INV-2025-009948,INV,,2025-06-26,REP-005,CUST-00008,Egypt,CN-FIB-100,1.0,120257.04,0.1595,101076.04,EGP,2026-01-05 06:00:00
L0004608,INV-2024-002258,INV,,2024-05-20,REP-014,CUST-00103,Egypt,DV-RTR,2.0,52673.17,0.0258,102628.4,EGP,2026-01-05 06:00:00
L0022596,INV-2025-010986,INV,,2025-07-05,REP-043,CUST-00581,Saudi Arabia,CL-BKP,1.0,4500.0,0.0434,4304.7,SAR,2026-01-05 06:00:00
L0005957,INV-2024-002940,INV,,2024-06-05,REP-024,CUST-00367,Egypt,DV-RTR,10.0,52928.37,0.2243,410565.37,EGP,2026-01-05 06:00:00
L0008015,INV-2024-003898,INV,,2024-08-05,REP-011,CUST-00276,Egypt,CN-FIB-100,1.0,114771.84,0.0243,111982.88,EGP,2026-01-05 06:00:00
L0006047,INV-2024-002983,INV,,2024-06-04,REP-031,CUST-00391,Saudi Arabia,CY-EDR,2.0,11250.0,0.0866,20551.5,SAR,2026-01-05 06:00:00
L0023489,INV-2025-011422,INV,,2025-08-24,REP-001,CUST-00298,Egypt,CL-IAAS-S,1.0,89753.94,0.0671,83731.45,EGP,2026-01-05 06:00:00
L0001011,INV-2024-000475,INV,,2024-02-09,REP-007,CUST-00043,Egypt,MS-HELP,1.0,148320.0,0.1158,131144.54,EGP,2026-01-05 06:00:00
L0026555,INV-2025-012876,INV,,2025-10-06,REP-039,CUST-00468,Saudi Arabia,MS-HELP,1.0,18000.0,0.0461,17170.2,SAR,2026-01-05 06:00:00
L0012314,INV-2024-005936,INV,,2024-11-30,REP-056,CUST-00749,UAE,CN-FIB-100,1.0,8814.0,0.1429,7554.48,AED,2026-01-05 06:00:00
L0014406,INV-2025-006930,INV,,2025-01-19,REP-015,CUST-00108,Egypt,PS-IMPL,1.0,39742.96,0.1014,35713.02,EGP,2026-01-05 06:00:00
L0018653,INV-2025-009048,INV,,2025-04-28,REP-050,CUST-00715,UAE,CN-FIB-100,7.0,8814.0,0.137,53245.37,AED,2026-01-05 06:00:00
L0007527,INV-2024-003684,INV,,2024-07-03,REP-045,CUST-00614,Saudi Arabia,CL-PROD,3.0,5625.0,0.0924,15315.75,SAR,2026-01-05 06:00:00
L0013898,INV-2024-006687,INV,,2024-12-30,REP-058,CUST-00794,UAE,CY-FW,1.0,22035.0,0.2015,17594.95,AED,2026-01-05 06:00:00
L0021401,INV-2025-010405,INV,,2025-06-30,REP-045,CUST-00562,Saudi Arabia,DV-RTR,2.0,4125.0,0.129,7185.75,SAR,2026-01-05 06:00:00
L0010574,INV-2024-005125,INV,,2024-10-21,REP-028,CUST-00395,Saudi Arabia,CL-PROD,3.0,5625.0,0.1009,15172.31,SAR,2026-01-05 06:00:00
L0024896,INV-2025-012084,INV,,2025-09-30,REP-028,CUST-00418,Saudi Arabia,CN-FIB-100,1.0,9000.0,0.125,7875.0,SAR,2026-01-05 06:00:00
L0004526,INV-2024-002209,INV,,2024-05-26,REP-011,CUST-00198,Egypt,DV-AP,1.0,21548.12,0.0509,20451.32,EGP,2026-01-05 06:00:00
L0023351,INV-2025-011344,INV,,2025-08-06,REP-015,CUST-00132,Egypt,CN-FIB-100,1.0,119671.92,0.1039,107238.01,EGP,2026-01-05 06:00:00
L0026622,INV-2025-012917,INV,,2025-10-08,REP-043,CUST-00482,Saudi Arabia,cn-fib-100 ,1.0,0.0,0.0252,0.0,SAR,2026-01-05 06:00:00
L0020343,INV-2025-009879,INV,,2025-05-25,REP-080,CUST-00822,Oman,CN-FIB-100,1.0,922.8,0.0996,830.89,OMR,2026-01-05 06:00:00
L0019838,INV-2025-009633,INV,,2025-05-06,REP-044,CUST-00631,Saudi Arabia,CN-FIB-100,1.0,9000.0,0.0525,8527.5,SAR,2026-01-05 06:00:00
L0025137,INV-2025-012178,INV,,2025-09-21,REP-042,CUST-00612,Saudi Arabia,DV-AP,3.0,1687.5,0.0359,4880.76,SAR,2026-01-05 06:00:00
L0002609,INV-2024-001274,INV,,2024-03-23,REP-025,CUST-00352,Egypt,CY-EDR,1.0,142239.9,0.2001,113777.7,EGP,2026-01-05 06:00:00
L0021785,INV-2025-010579,INV,,2025-06-21,REP-065,CUST-00896,Oman,CN-FIB-100,1.0,922.8,0.0,922.8,OMR,2026-01-05 06:00:00
L0020753,INV-2025-010077,INV,,2025-06-30,REP-018,CUST-00278,Egypt,DV-AP,3.0,22548.2,0.1591,56882.34,EGP,2026-01-05 06:00:00
L0000669,INV-2024-000324,INV,,2024-01-27,REP-050,CUST-00708,UAE,CL-IAAS-S,1.0,6610.5,0.0762,6106.78,AED,2026-01-05 06:00:00
L0009300,INV-2024-004524,INV,,2024-09-05,REP-024,CUST-00374,Egypt,DV-RTR,1.0,53060.59,0.2115,41838.28,EGP,2026-01-05 06:00:00
L0030382,INV-2025-014714,INV,,2025-12-05,REP-071,CUST-00807,UAE,CL-BKP,1.0,4407.0,0.2092,3485.06,AED,2026-01-05 06:00:00
L0020930,INV-2025-010176,INV,,2025-06-30,REP-023,CUST-00334,Egypt,DV-SW48,6.0,110235.62,0.1943,532901.03,EGP,2026-01-05 06:00:00
L0028821,INV-2025-013971,INV,,2025-11-02,REP-080,CUST-00848,Oman,DV-RTR,2.0,422.95,0.0544,799.88,OMR,2026-01-05 06:00:00
L0028801,INV-2025-013959,INV,,2025-11-26,REP-080,CUST-00868,Oman,CL-BKP,1.0,461.4,0.0833,422.97,OMR,2026-01-05 06:00:00
L0010102,INV-2024-004902,INV,,2024-10-31,REP-003,CUST-00056,Egypt,CY-EDR,1.0,145989.0,0.1017,131141.92,EGP,2026-01-05 06:00:00
L0002768,INV-2024-001345,INV,,2024-03-11,REP-039,CUST-00539,Saudi Arabia,CL-BKP,1.0,4500.0,0.074,4167.0,SAR,2026-01-05 06:00:00
L0024213,INV-2025-011754,INV,,2025-08-10,REP-080,CUST-00892,Oman,CL-PROD,2.0,576.75,0.0491,1096.86,OMR,2026-01-05 06:00:00
L0023260,INV-2025-011293,INV,,2025-08-30,REP-009,CUST-00055,Egypt,PS-TRN,1.0,74794.95,0.1005,67278.06,EGP,2026-01-05 06:00:00
L0001590,INV-2024-000774,INV,,2024-02-14,REP-039,CUST-00647,Saudi Arabia,DV-AP,3.0,1687.5,0.095,4581.56,SAR,2026-01-05 06:00:00
L0005277,INV-2024-002604,INV,,2024-05-11,REP-056,CUST-00756,UAE,CN-FIB-100,1.0,8814.0,0.1043,7894.7,AED,2026-01-05 06:00:00
L0015589,INV-2025-007517,INV,,2025-02-25,REP-016,CUST-00307,Egypt,CN-FIB-100,1.0,117870.48,0.1044,105564.8,EGP,2026-01-05 06:00:00
L0024371,INV-2025-011821,INV,,2025-09-01,REP-008,CUST-00050,egypt,CL-BKP,1.0,60073.92,0.1114,53381.69,EGP,2026-01-05 06:00:00
L0030744,CN-2024-00004,CN,INV-2024-000232,2024-04-03,REP-038,CUST-00516,Saudi Arabia,CL-IAAS-S,-1.0,6750.0,0.0728,-6258.6,SAR,2026-01-05 06:00:00
L0029143,INV-2025-014135,INV,,2025-12-12,REP-016,CUST-00118,Egypt,CL-PROD,2.0,75680.55,0.1364,130715.45,EGP,2026-01-05 06:00:00
L0015160,INV-2025-007295,INV,,2025-01-06,REP-057,CUST-00800,UAE,CN-FIB-100,1.0,8814.0,0.1494,7497.19,AED,2026-01-05 06:00:00
L0028253,INV-2025-013705,INV,,2025-11-16,REP-046,CUST-00546,Saudi Arabia,CN-FIB-100,2.0,9000.0,0.0607,16907.4,SAR,2026-01-05 06:00:00
L0009426,INV-2024-004580,INV,,2024-09-30,REP-032,CUST-00429,Saudi Arabia,MS-HELP,1.0,18000.0,0.1387,15503.4,SAR,2026-01-05 06:00:00
L0008691,INV-2024-004231,INV,,2024-08-31,REP-059,CUST-00810,UAE,CY-EDR,1.0,11017.5,0.2284,8501.1,AED,2026-01-05 06:00:00
L0001781,INV-2024-000888,INV,,2024-02-22,REP-048,CUST-00762,UAE,CL-BKP,11.0,4407.0,0.2015,38708.88,AED,2026-01-05 06:00:00
L0024135,INV-2025-011712,INV,,2025-08-12,REP-086,CUST-00800,uae,CN-SDWAN,2.0,13221.0,0.1934,21328.12,AED,2026-01-05 06:00:00
L0021437,INV-2025-010425,INV,,2025-06-24,REP-047,CUST-00504,Saudi Arabia,CL-BKP,1.0,4500.0,0.0734,4169.7,SAR,2026-01-05 06:00:00
L0005187,INV-2024-002571,INV,,2024-05-01,REP-049,CUST-00748,UAE, ms-help,1.0,17628.0,0.1185,15539.08,AED,2026-01-05 06:00:00
L0010226,INV-2024-004947,INV,,2024-10-31,REP-007,CUST-00040,Egypt,CN-MPLS,1.0,437967.0,0.134,379279.42,EGP,2026-01-05 06:00:00
L0012847,INV-2024-006170,INV,,2024-12-30,REP-011,CUST-00275,Egypt,DV-AP,2.0,21493.76,0.0598,40416.87,EGP,2026-01-05 06:00:00
L0026323,INV-2025-012775,INV,,2025-10-04,REP-027,CUST-00338,Egypt,PS-IMPL,4.0,39648.48,0.2256,122815.13,EGP,2026-01-05 06:00:00
L0022990,INV-2025-011159,INV,,2025-07-30,REP-086,CUST-00791,UAE,DV-AP,1.0,1652.62,0.2443,1248.88,AED,2026-01-05 06:00:00
L0000448,INV-2024-000214,INV,,2024-01-29,REP-036,CUST-00385,Saudi Arabia,MS-NOC,2.0,45000.0,0.135,77850.0,SAR,2026-01-05 06:00:00
L0008694,INV-2024-004231,INV,,2024-08-31,REP-059,CUST-00810,UAE,DV-SW48,1.0,8079.5,0.2034,6436.13,AED,2026-01-05 06:00:00
L0008070,INV-2024-003932,INV,,2024-08-29,REP-014,CUST-00270,Egypt,CL-IAAS-S,1.0,86078.88,0.0234,84064.63,EGP,2026-01-05 06:00:00
L0012938,INV-2024-006226,INV,,2024-12-29,REP-017,CUST-00221,Egypt,CL-PROD,1.0,71645.85,0.0447,68443.28,EGP,2026-01-05 06:00:00
L0017151,INV-2025-008290,INV,,2025-03-01,REP-037,CUST-00428,Saudi Arabia,CL-PROD,1.0,5625.0,0.1247,4923.56,SAR,2026-01-05 06:00:00
L0024976,INV-2025-012110,INV,,2025-09-30,REP-034,CUST-00390,Saudi Arabia,CL-BKP,1.0,4500.0,0.1101,4004.55,SAR,2026-01-05 06:00:00
L0024502,INV-2025-011878,INV,,2025-09-30,REP-013,CUST-00135,Egypt,PS-IMPL,2.0,0.0,0.075,0.0,EGP,2026-01-05 06:00:00
L0022510,INV-2025-010942,INV,,2025-07-20,REP-075,CUST-00389,Saudi Arabia,CN-MPLS,1.0,33750.0,0.0867,30823.88,SAR,2026-01-05 06:00:00
L0002634,INV-2024-001289,INV,,2024-03-21,REP-026,CUST-00372,Egypt,DV-SW48,3.0,104309.26,0.1797,256694.66,EGP,2026-01-05 06:00:00
L0023940,INV-2025-011636,INV,,2025-08-30,REP-051,CUST-00755,UAE,CN-SDWAN,5.0,13221.0,0.1804,54179.66,AED,2026-01-05 06:00:00
L0022266,INV-2025-010821,INV,,2025-07-12,REP-020,CUST-00162,Egypt,CN-FIB-100,1.0,118862.4,0.0657,111053.14,EGP,2026-01-05 06:00:00
L0022522,INV-2025-010945,INV,,2025-07-01,REP-085,CUST-00385,Saudi Arabia,CN-FIB-100,3.0,9000.0,0.0954,24424.2,SAR,2026-01-05 06:00:00
L0011338,INV-2024-005475,INV,,2024-11-27,REP-003,CUST-00032,Egypt,CY-EDR,1.0,144939.6,0.1031,129996.33,EGP,2026-01-05 06:00:00
L0007383,INV-2024-003606,INV,,2024-07-27,REP-034,CUST-00444,Saudi Arabia,MS-HELP,1.0,18000.0,0.1082,16052.4,SAR,2026-01-05 06:00:00
L0028979,INV-2025-014046,INV,,2025-12-18,REP-006,CUST-00016,Egypt,CN-FIB-100,1.0,121088.88,0.1603,101678.33,EGP,2026-01-05 06:00:00
L0021339,INV-2025-010371,INV,,2025-06-01,REP-044,CUST-00538,Saudi Arabia,CN-FIB-100,1.0,9000.0,0.0521,8531.1,SAR,2026-01-05 06:00:00
L0000958,INV-2024-000454,INV,,2024-02-26,REP-003,CUST-00015,Egypt,CY-EDR,2.0,92700.0,0.1001,166841.46,EGP,2026-01-05 06:00:00
L0013833,INV-2024-006659,INV,,2024-12-30,REP-056,CUST-00713,UAE,CN-SDWAN,1.0,13221.0,0.1019,11873.78,AED,2026-01-05 06:00:00
L0001267,INV-2024-000623,INV,,2024-02-28,REP-019,CUST-00184,Egypt,CL-BKP,1.0,37080.0,0.076,34261.92,EGP,2026-01-05 06:00:00
L0017578,INV-2025-008500,INV,,2025-03-31,REP-063,CUST-00806,UAE,DV-SW48,2.0,8079.5,0.1961,12990.22,AED,2026-01-05 06:00:00
L0000833,INV-2024-000395,INV,,2024-01-22,REP-064,CUST-00799,UAE,DV-AP,2.0,1652.62,0.174,2730.13,AED,2026-01-05 06:00:00
L0028303,INV-2025-013734,INV,,2025-11-01,REP-076,CUST-00571,Saudi Arabia,CN-FIB-100,2.0,9000.0,0.0544,17020.8,SAR,2026-01-05 06:00:00
L0006958,INV-2024-003396,INV,,2024-07-15,REP-010,CUST-00325,Egypt,CN-FIB-100,1.0,116274.48,0.042,111390.95,EGP,2026-01-05 06:00:00
L0000790,INV-2024-000372,INV,,2024-01-13,REP-060,CUST-00804,UAE,DV-AP,2.0,1652.62,0.1421,2835.57,AED,2026-01-05 06:00:00
L0025154,INV-2025-012185,INV,,2025-09-21,REP-042,CUST-00685,Saudi Arabia,CY-EDR,1.0,11250.0,0.0857,10285.88,SAR,2026-01-05 06:00:00
L0007167,INV-2024-003516,INV,,2024-07-30,REP-021,CUST-00339,Egypt,CY-EDR,1.0,145343.1,0.2658,106710.9,EGP,2026-01-05 06:00:00
L0008712,INV-2024-004239,INV,,2024-08-06,REP-060,CUST-00788,UAE,CN-FIB-100,1.0,8814.0,0.1927,7115.54,AED,2026-01-05 06:00:00
L0023116,INV-2025-011231,INV,,2025-07-09,REP-081,CUST-00878,Oman,CN-FIB-100,1.0,922.8,0.0308,894.38,OMR,2026-01-05 06:00:00
L0019028,INV-2025-009225,INV,,2025-05-05,REP-004,CUST-00007,Egypt,CN-SDWAN,3.0,179749.8,0.0977,486564.73,EGP,2026-01-05 06:00:00
L0010814,INV-2024-005238,INV,,2024-10-02,REP-045,CUST-00611,Saudi Arabia,CL-BKP,2.0,4500.0,0.0722,8350.2,SAR,2026-01-05 06:00:00
L0006003,INV-2024-002963,INV,,2024-06-03,REP-027,CUST-00337,Egypt,DV-SW48,3.0,105856.74,0.1989,254405.5,EGP,2026-01-05 06:00:00
L0015698,INV-2025-007579,INV,,2025-02-17,REP-001,CUST-00201,Egypt,CY-EDR,1.0,147338.1,0.0601,138483.08,EGP,2026-01-05 06:00:00
L0024460,INV-2025-011855,INV,,2025-09-22,REP-010,CUST-00079,Egypt,MS-HELP,1.0,240295.68,0.0451,229458.34,EGP,2026-01-05 06:00:00
L0007362,INV-2024-003598,INV,,2024-07-22,REP-033,CUST-00405,Saudi Arabia,CL-PROD,11.0,5625.0,0.0671,57723.19,SAR,2026-01-05 06:00:00
L0017156,INV-2025-008291,INV,,2025-03-14,REP-037,CUST-00380,Saudi Arabia,MS-HELP,7.0,18000.0,0.1344,109065.6,SAR,2026-01-05 06:00:00
L0031241,CN-2025-00288,CN,INV-2025-011160,2025-09-08,REP-086,CUST-00803,UAE,CL-BKP,-1.0,4407.0,0.199,-3530.01,AED,2026-01-05 06:00:00
L0010430,INV-2024-005059,INV,,2024-10-27,REP-020,CUST-00238,Egypt,DV-AP,1.0,21898.35,0.0187,21488.85,EGP,2026-01-05 06:00:00
L0014739,INV-2025-007097,INV,,2025-01-05,REP-032,CUST-00414,Saudi Arabia,MS-HELP,4.0,18000.0,0.0584,67795.2,SAR,2026-01-05 06:00:00
L0011230,INV-2024-005421,INV,,2024-10-23,REP-067,CUST-00957,Oman,CL-BKP,4.0,461.4,0.097,1666.58,OMR,2026-01-05 06:00:00
L0028274,INV-2025-013717,INV,,2025-11-29,REP-047,CUST-00631,Saudi Arabia,CN-FIB-100,1.0,9000.0,0.0483,8565.3,SAR,2026-01-05 06:00:00
L0003515,INV-2024-001730,INV,,2024-04-30,REP-018,CUST-00298,Egypt,CL-IAAS-S,2.0,86292.72,0.13,150149.33,EGP,2026-01-05 06:00:00
L0029794,INV-2025-014433,INV,,2025-12-21,REP-085,CUST-00413,Saudi Arabia,CN-SDWAN,3.0,13500.0,0.1289,35279.55,SAR,2026-01-05 06:00:00
L0029658,INV-2025-014388,INV,,2025-12-28,REP-035,CUST-00418,Saudi Arabia,MS-HELP,1.0,18000.0,0.1237,15773.4,SAR,2026-01-05 06:00:00
L0002254,INV-2024-001091,INV,,2024-03-20,REP-007,CUST-00032,Egypt,CN-SDWAN,1.0,170687.88,0.0935,154728.56,EGP,2026-01-05 06:00:00
L0024879,INV-2025-012077,INV,,2025-09-19,REP-093,CUST-00336,Egypt,DV-AP,3.0,22527.72,0.1894,54782.91,EGP,2026-01-05 06:00:00
L0000253,INV-2024-000124,INV,,2024-01-25,REP-018,CUST-00136,EGY,CN-FIB-100,1.0,74160.0,0.1153,65609.35,EGP,2026-01-05 06:00:00
L0007938,INV-2024-003861,INV,,2024-08-25,REP-003,CUST-00004,Egypt,CY-EDR,1.0,143464.8,0.0933,130079.53,EGP,2026-01-05 06:00:00
L0012088,INV-2024-005834,INV,,2024-11-29,REP-044,CUST-00669,Saudi Arabia,CL-IAAS-S,1.0,6750.0,0.0762,6235.65,SAR,2026-01-05 06:00:00
L0014207,INV-2025-006841,INV,,2025-01-29,REP-004,CUST-00048,Egypt,MS-HELP,1.0,238457.76,0.0503,226463.33,EGP,2026-01-05 06:00:00
L0022663,INV-2025-011024,INV,,2025-07-29,REP-046,CUST-00457,Saudi Arabia,DV-AP,5.0,1687.5,0.0625,7910.16,SAR,2026-01-05 06:00:00
L0024521,INV-2025-011889,INV,,2025-09-30,REP-015,CUST-00075,Egypt,CN-FIB-100,1.0,120147.84,0.1299,104540.64,EGP,2026-01-05 06:00:00
L0000552,INV-2024-000271,INV,,2024-01-31,REP-043,CUST-00516,Saudi Arabia,DV-SW48,1.0,8250.0,0.0447,7881.22,SAR,2026-01-05 06:00:00
L0003842,INV-2024-001888,INV,,2024-04-12,REP-040,CUST-00636,Saudi Arabia,CY-EDR,1.0,11250.0,0.0245,10974.38,SAR,2026-01-05 06:00:00
L0003189,INV-2024-001559,INV,,2024-03-14,REP-066,CUST-00943,Oman,CL-BKP,1.0,461.4,0.0156,454.2,OMR,2026-01-05 06:00:00
L0002834,INV-2024-001385,INV,,2024-03-27,REP-043,CUST-00693,Saudi Arabia,CN-FIB-100,2.0,9000.0,0.082,16524.0,SAR,2026-01-05 06:00:00
L0018987,INV-2025-009208,INV,,2025-04-29,REP-084,CUST-00860,Oman,PS-IMPL,2.0,307.6,0.1072,549.25,OMR,2026-01-05 06:00:00
L0009899,INV-2024-004796,INV,,2024-09-23,REP-061,CUST-00801,UAE,DV-AP,16.0,1652.62,0.1832,21597.76,AED,2026-01-05 06:00:00
L0021321,INV-2025-010360,INV,,2025-06-27,REP-043,CUST-00469,Saudi Arabia,CL-BKP,1.0,4500.0,0.0318,4356.9,SAR,2026-01-05 06:00:00
L0028519,INV-2025-013814,INV,,2025-11-27,REP-060,CUST-00805,UAE,CY-EDR,1.0,11017.5,0.2219,8572.72,AED,2026-01-05 06:00:00
L0027888,INV-2025-013539,INV,,2025-11-27,REP-031,CUST-00413,Saudi Arabia,CY-SOC,1.0,67500.0,0.0987,60837.75,SAR,2026-01-05 06:00:00
L0008125,INV-2024-003966,INV,,2024-08-20,REP-016,CUST-00254,Egypt,CY-EDR,1.0,143464.8,0.1391,123508.85,EGP,2026-01-05 06:00:00
L0001560,INV-2024-000757,INV,,2024-02-10,REP-038,CUST-00543,Saudi Arabia,CN-SDWAN,2.0,13500.0,0.0597,25388.1,SAR,2026-01-05 06:00:00
L0003087,INV-2024-001506,INV,,2024-03-09,REP-058,CUST-00806,UAE,CN-FIB-100,2.0,8814.0,0.2146,13845.03,AED,2026-01-05 06:00:00
L0026830,INV-2025-013022,INV,,2025-10-30,REP-055,CUST-00730,UAE,PS-IMPL,10.0,2938.0,0.097,26530.14,AED,2026-01-05 06:00:00
L0016683,INV-2025-008053,INV,,2025-03-08,REP-009,CUST-00029,Egypt,CN-FIB-100,1.0,117477.36,0.1229,103039.39,EGP,2026-01-05 06:00:00
L0022552,INV-2025-010959,INV,,2025-07-06,REP-039,CUST-00623,Saudi Arabia,CL-PROD,2.0,5625.0,0.0779,10373.62,SAR,2026-01-05 06:00:00
L0012531,INV-2024-006031,INV,,2024-11-26,REP-065,CUST-00917,Oman,DV-AP,2.0,173.02,0.0,346.04,OMR,2026-01-05 06:00:00
L0025782,INV-2025-012493,INV,,2025-09-21,REP-081,CUST-00850,Oman,CL-BKP,1.0,461.4,0.0524,437.22,OMR,2026-01-05 06:00:00
L0013009,INV-2024-006267,INV,,2024-12-29,REP-019,CUST-00305,Egypt,PS-IMPL,2.0,38211.12,0.04,73365.35,EGP,2026-01-05 06:00:00
L0025146,INV-2025-012182,INV,,2025-09-21,REP-042,CUST-00554,Saudi Arabia,DV-AP,3.0,1687.5,0.0597,4760.27,SAR,2026-01-05 06:00:00
L0002579,INV-2024-001262,INV,,2024-03-09,REP-024,CUST-00371,Egypt,DV-AP,1.0,21335.98,0.2015,17036.78,EGP,2026-01-05 06:00:00
L0028618,INV-2025-013856,INV,,2025-11-20,REP-086,CUST-00820,UAE,DV-RTR,4.0,4039.75,0.1889,13106.56,AED,2026-01-05 06:00:00
L0004825,INV-2024-002381,INV,,2024-05-11,REP-027,CUST-00365,Egypt,DV-SW48,2.0,105346.34,0.1842,171883.09,EGP,2026-01-05 06:00:00
L0003500,INV-2024-001720,INV,,2024-04-04,REP-016,CUST-00112,Egypt,CN-FIB-100,1.0,115056.96,0.0793,105932.94,EGP,2026-01-05 06:00:00
L0009383,INV-2024-004564,INV,,2024-09-28,REP-029,CUST-00409,Saudi Arabia,CN-FIB-100,1.0,9000.0,0.1653,7512.3,SAR,2026-01-05 06:00:00
L0021416,INV-2025-010414,INV,,2025-06-28,REP-045,CUST-00485,Saudi Arabia,CN-FIB-100,1.0,9000.0,0.1559,7596.9,SAR,2026-01-05 06:00:00
L0016796,INV-2025-008122,INV,,2025-03-31,REP-019,CUST-00232,Egypt,PS-IMPL,3.0,39159.12,0.0519,111380.29,EGP,2026-01-05 06:00:00
L0006891,INV-2024-003370,INV,,2024-07-30,REP-006,CUST-00053,Egypt,MS-HELP,1.0,232548.96,0.13,202317.6,EGP,2026-01-05 06:00:00
L0025282,INV-2025-012254,INV,,2025-09-27,REP-045,CUST-00482,Saudi Arabia,DV-RTR,3.0,4125.0,0.1042,11085.52,SAR,2026-01-05 06:00:00
L0024810,INV-2025-012046,INV,,2025-09-05,REP-025,CUST-00340,Egypt,DV-RTR,3.0,55067.76,0.1901,133798.14,EGP,2026-01-05 06:00:00
L0022884,INV-2025-011107,INV,,2025-07-21,REP-057,CUST-00811,UAE,CL-BKP,1.0,4407.0,0.1785,3620.35,AED,2026-01-05 06:00:00
L0004423,INV-2024-002170,INV,,2024-05-18,REP-006,CUST-00027,egypt,PS-IMPL,1.0,38307.76,0.1378,33028.95,EGP,2026-01-05 06:00:00
L0002832,INV-2024-001383,INV,,2024-03-25,REP-043,CUST-00481,Saudi Arabia,CN-FIB-100,1.0,9000.0,0.0409,8631.9,SAR,2026-01-05 06:00:00
L0000977,INV-2024-000461,INV,,2024-02-27,REP-003,CUST-00047,Egypt,PS-AUD,2.0,169950.0,0.1357,293775.57,EGP,2026-01-05 06:00:00
L0022996,INV-2025-011162,INV,,2025-07-28,REP-089,CUST-00777,UAE,PS-AUD,2.0,20198.75,0.2459,30463.75,AED,2026-01-05 06:00:00
L0029785,INV-2025-014430,INV,,2025-12-27,REP-085,CUST-00402,Saudi Arabia,CL-IAAS-L,1.0,28125.0,0.0887,25630.31,SAR,2026-01-05 06:00:00
L0021590,INV-2025-010496,INV,,2025-06-28,REP-055,CUST-00717,UAE,PS-TRN,18.0,5508.75,0.0714,92077.65,AED,2026-01-05 06:00:00
L0029197,INV-2025-014168,INV,,2025-12-14,REP-018,CUST-00278,Egypt,CL-BKP,2.0,60544.44,0.1179,106812.5,EGP,2026-01-05 06:00:00
L0007379,INV-2024-003605,INV,,2024-07-31,REP-034,CUST-00386,Saudi Arabia,CN-FIB-100,1.0,9000.0,0.1403,7737.3,SAR,2026-01-05 06:00:00
L0009626,INV-2024-004680,INV,,2024-09-25,REP-044,CUST-00478,Saudi Arabia,CN-SDWAN,1.0,13500.0,0.0542,12768.3,SAR,2026-01-05 06:00:00
L0030987,CN-2025-00141,CN,INV-2024-005648,2025-01-22,REP-024,CUST-00370,Egypt,CN-FIB-100,-1.0,119228.88,0.2563,-88670.52,EGP,2026-01-05 06:00:00
L0014641,INV-2025-007063,INV,,2025-01-08,REP-027,CUST-00361,Egypt,CL-BKP,1.0,59614.44,0.1809,48830.19,EGP,2026-01-05 06:00:00
L0019881,INV-2025-009653,INV,,2025-05-29,REP-046,CUST-00590,Saudi Arabia,DV-SW48,2.0,8250.0,0.0931,14963.85,SAR,2026-01-05 06:00:00
L0010838,INV-2024-005253,INV,,2024-10-03,REP-046,CUST-00519,Saudi Arabia,CL-IAAS-L,1.0,28125.0,0.0325,27210.94,SAR,2026-01-05 06:00:00
L0018198,INV-2025-008820,INV,,2025-04-04,REP-028,CUST-00406,Saudi Arabia,CY-EDR,1.0,11250.0,0.0955,10175.62,SAR,2026-01-05 06:00:00
L0020441,INV-2025-009931,INV,,2025-06-29,REP-003,CUST-00016,Egypt,CY-EDR,1.0,150321.3,0.0852,137513.93,EGP,2026-01-05 06:00:00
L0006679,INV-2024-003268,INV,,2024-06-26,REP-063,CUST-00793,UAE,CN-SDWAN,3.0,13221.0,0.1442,33943.6,AED,2026-01-05 06:00:00
L0022671,INV-2025-011029,INV,,2025-07-10,REP-047,CUST-00448,Saudi Arabia,CN-FIB-100,1.0,9000.0,0.0816,8265.6,SAR,2026-01-05 06:00:00
L0029943,INV-2025-014523,INV,,10/12/2025,REP-044,CUST-00603,Saudi Arabia,CN-FIB-100,1.0,9000.0,0.0624,8438.4,SAR,2026-01-05 06:00:00
L0029358,INV-2025-014258,INV,,2025-12-27,REP-079,CUST-00144,Egypt,PS-IMPL,1.0,40362.96,0.0534,38207.58,EGP,2026-01-05 06:00:00
L0024951,INV-2025-012103,INV,,2025-09-04,REP-032,CUST-00417,Saudi Arabia,CY-EDR,1.0,11250.0,0.1104,10008.0,SAR,2026-01-05 06:00:00
L0019010,INV-2025-009217,INV,,2025-05-28,REP-003,CUST-00055,Egypt,CY-FW,2.0,299583.0,0.0785,552131.47,EGP,2026-01-05 06:00:00
L0020474,INV-2025-009944,INV,,2025-06-30,REP-005,CUST-00062,Egypt,MS-HELP,1.0,240514.08,0.1708,199434.28,EGP,2026-01-05 06:00:00
L0023375,INV-2025-011357,INV,,2025-08-03,REP-016,CUST-00230,Egypt,CN-FIB-100,1.0,119671.92,0.094,108422.76,EGP,2026-01-05 06:00:00
L0015265,INV-2025-007349,INV,,2025-01-09,REP-066,CUST-00842,Oman,MS-HELP,1.0,1845.6,0.1,1661.04,OMR,2026-01-05 06:00:00
L0020841,INV-2025-010133,INV,,2025-06-26,REP-001,CUST-00113,Egypt,CL-BKP,1.0,60128.52,0.0187,59004.12,EGP,2026-01-05 06:00:00
L0025767,INV-2025-012484,INV,,2025-09-28,REP-081,CUST-00872,Oman,CY-EDR,1.0,1153.5,0.0863,1053.95,OMR,2026-01-05 06:00:00
L0011413,INV-2024-005503,INV,,2024-11-29,REP-007,CUST-00002,Egypt,CL-BKP,1.0,57975.84,0.107,51772.43,EGP,2026-01-05 06:00:00
L0012217,INV-2024-005906,INV,,2024-11-29,REP-050,CUST-00710,UAE,CY-EDR,5.0,11017.5,0.1528,46670.13,AED,2026-01-05 06:00:00
L0011713,INV-2024-005659,INV,,2024-11-04,REP-025,CUST-00373,Egypt,CL-BKP,2.0,57975.84,0.1992,92854.11,EGP,2026-01-05 06:00:00
L0018866,INV-2025-009137,INV,,2025-04-09,REP-065,CUST-00945,Oman,CY-EDR,1.0,1153.5,0.0,1153.5,OMR,2026-01-05 06:00:00
L0020046,INV-2025-009726,INV,,2025-05-22,REP-056,CUST-00727,UAE,MS-HELP,2.0,17628.0,0.1033,31614.06,AED,2026-01-05 06:00:00
L0014393,INV-2025-006921,INV,,2025-01-27,REP-015,CUST-00214,Egypt,CL-BKP,1.0,59614.44,0.0965,53861.65,EGP,2026-01-05 06:00:00
L0006791,INV-2024-003333,INV,,2024-06-04,REP-068,CUST-00917,Oman,DV-SW48,1.0,845.9,0.0941,766.3,OMR,2026-01-05 06:00:00
L0028921,INV-2025-014026,INV,,2025-12-12,REP-002,CUST-00015,Egypt,CN-SDWAN,2.0,181633.32,0.1478,309575.83,EGP,2026-01-05 06:00:00
L0022310,INV-2025-010850,INV,,2025-07-27,REP-079,CUST-00194,Egypt,DV-AP,1.0,22286.7,0.0611,20924.98,EGP,2026-01-05 06:00:00
L0029957,INV-2025-014530,INV,,2025-12-20,REP-045,CUST-00533,Saudi Arabia,MS-COLO,1.0,36000.0,0.0781,33188.4,SAR,2026-01-05 06:00:00
L0010208,INV-2024-004941,INV,,2024-10-07,REP-006,CUST-00019,Egypt,CN-FIB-100,1.0,116791.2,0.1344,101094.46,EGP,2026-01-05 06:00:00
L0023104,INV-2025-011224,INV,,2025-07-01,REP-081,CUST-00916,Oman,CL-BKP,1.0,461.4,0.0518,437.5,OMR,2026-01-05 06:00:00
L0025648,INV-2025-012413,INV,,2025-09-26,REP-065,CUST-00829,Oman,CN-FIB-100,1.0,922.8,0.0032,919.85,OMR,2026-01-05 06:00:00
L0026894,INV-2025-013044,INV,,2025-10-13,REP-072,CUST-00722,UAE,CY-EDR,2.0,11017.5,0.0899,20054.05,AED,2026-01-05 06:00:00
L0025609,INV-2025-012398,INV,,2025-09-17,REP-089,CUST-00795,UAE,CL-PROD,6.0,5508.75,0.2256,25595.86,AED,2026-01-05 06:00:00
L0011702,INV-2024-005654,INV,,2024-11-27,REP-025,CUST-00360,Egypt,DV-AP,1.0,21740.94,0.2245,16860.1,EGP,2026-01-05 06:00:00
L0023854,INV-2025-011602,INV,,2025-08-25,REP-047,CUST-00613,Saudi Arabia,PS-TRN,5.0,5625.0,0.0,28125.0,SAR,2026-01-05 06:00:00
L0018118,INV-2025-008785,INV,,2025-04-30,REP-024,CUST-00353,Egypt,CL-BKP,2.0,58959.6,0.2124,92873.16,EGP,2026-01-05 06:00:00
L0030323,INV-2025-014687,INV,,2025-12-28,REP-057,CUST-00812,UAE,CY-EDR,1.0,11017.5,0.1839,8991.38,AED,2026-01-05 06:00:00
L0009553,INV-2024-004638,INV,,2024-09-27,REP-040,CUST-00617,Saudi Arabia,CL-BKP,1.0,4500.0,0.0,4500.0,SAR,2026-01-05 06:00:00
L0001873,INV-2024-000918,INV,,2024-02-20,REP-055,CUST-00752,UAE,PS-IMPL,2.0,2938.0,0.0915,5338.35,AED,2026-01-05 06:00:00
L0001527,INV-2024-000744,INV,,2024-02-26,REP-036,CUST-00414,Saudi Arabia,CN-FIB-100,3.0,9000.0,0.1274,23560.2,SAR,2026-01-05 06:00:00
L0015039,INV-2025-007248,INV,,2025-01-16,REP-048,CUST-00766,UAE,CL-PROD,7.0,5508.75,0.1817,31554.67,AED,2026-01-05 06:00:00
L0000062,INV-2024-000022,INV,,2024-01-22,REP-006,CUST-00019,Egypt,MS-HELP,2.0,148320.0,0.1341,256860.58,EGP,2026-01-05 06:00:00
L0024162,INV-2025-011728,INV,,2025-08-01,REP-065,CUST-00970,Oman,CN-FIB-100,1.0,922.8,0.0,922.8,OMR,2026-01-05 06:00:00
L0023957,INV-2025-011643,INV,,2025-08-31,REP-054,CUST-00754,UAE,CL-PROD,10.0,5508.75,0.1478,46945.57,AED,2026-01-05 06:00:00
L0013740,INV-2024-006629,INV,,2024-12-29,REP-051,CUST-00722,UAE,CY-FW,3.0,22035.0,0.2028,52698.91,AED,2026-01-05 06:00:00
L0007907,INV-2024-003848,INV,,2024-08-10,REP-001,CUST-00032,Egypt,CL-BKP,4.0,57385.92,0.0709,213269.03,EGP,2026-01-05 06:00:00
L0008715,INV-2024-004240,INV,,2024-08-29,REP-060,CUST-00786,UAE,DV-AP,1.0,1652.62,0.2412,1254.01,AED,2026-01-05 06:00:00
L0015023,INV-2025-007241,INV,,2025-01-27,REP-076,CUST-00502,Saudi Arabia,CY-EDR,1.0,11250.0,0.0407,10792.12,SAR,2026-01-05 06:00:00
L0031019,CN-2024-00155,CN,INV-2024-006035,2024-11-27,REP-066,CUST-00964,Oman,MS-HELP,-1.0,1845.6,0.0537,-1746.49,OMR,2026-01-05 06:00:00
L0011280,INV-2024-005451,INV,,2024-10-29,REP-074,CUST-00916,Oman,CN-FIB-100,1.0,922.8,0.0662,861.71,OMR,2026-01-05 06:00:00
L0007219,INV-2024-003539,INV,,2024-07-19,REP-024,CUST-00354,Egypt,CL-BKP,1.0,58137.24,0.1975,46655.14,EGP,2026-01-05 06:00:00
L0020690,INV-2025-010042,INV,,2025-06-30,REP-015,CUST-00307,Egypt,PS-IMPL,1.0,40085.68,0.1001,36073.1,EGP,2026-01-05 06:00:00
L0003295,INV-2024-001613,INV,,2024-04-29,REP-004,CUST-00016,Egypt,cl-bkp ,1.0,57528.48,0.1105,51171.58,EGP,2026-01-05 06:00:00
L0024649,INV-2025-011964,INV,,2025-09-30,REP-020,CUST-00306,Egypt,CN-FIB-100,1.0,120147.84,0.0662,112194.05,EGP,2026-01-05 06:00:00
L0023113,INV-2025-011229,INV,,2025-07-15,REP-081,CUST-00838,Oman,CN-FIB-100,1.0,922.8,0.0131,910.71,OMR,2026-01-05 06:00:00
L0028837,INV-2025-013980,INV,,07/11/2025,REP-081,CUST-00834,Oman,DV-AP,2.0,173.02,0.0247,337.49,OMR,2026-01-05 06:00:00
L0006947,INV-2024-003390,INV,,2024-07-12,REP-009,CUST-00029,Egypt,PS-TRN,2.0,72671.55,0.1339,125881.66,EGP,2026-01-05 06:00:00
L0022119,INV-2025-010738,INV,,2025-07-24,REP-010,CUST-00104,Egypt,CL-BKP,3.0,59431.2,0.0,178293.6,EGP,2026-01-05 06:00:00
L0010258,INV-2024-004959,INV,,2024-10-06,REP-009,CUST-00046,Egypt,CY-EDR,1.0,145989.0,0.0891,132981.38,EGP,2026-01-05 06:00:00
L0001743,INV-2024-000867,INV,,2024-02-19,REP-046,CUST-00705,Saudi Arabia,CN-FIB-100,1.0,9000.0,0.0615,8446.5,SAR,2026-01-05 06:00:00
L0019911,INV-2025-009669,INV,,2025-05-24,REP-047,CUST-00500,Saudi Arabia,MS-HELP,1.0,18000.0,0.0243,17562.6,SAR,2026-01-05 06:00:00
L0006563,INV-2024-003214,INV,,2024-06-28,REP-072,CUST-00728,UAE,CL-BKP,11.0,4407.0,0.1144,42931.23,AED,2026-01-05 06:00:00
L0027044,INV-2025-013105,INV,,2025-10-20,REP-049,CUST-00809,UAE,PS-AUD,2.0,20198.75,0.2302,31098.0,AED,2026-01-05 06:00:00
L0017581,INV-2025-008500,INV,,2025-03-31,REP-063,CUST-00806,UAE,DV-AP,1.0,1652.62,0.1967,1327.55,AED,2026-01-05 06:00:00
L0004561,INV-2024-002231,INV,,2024-05-23,REP-012,CUST-00273,Egypt,CY-EDR,1.0,143654.1,0.0706,133512.12,EGP,2026-01-05 06:00:00
L0023493,INV-2025-011424,INV,,2025-08-14,REP-001,CUST-00154,Egypt,CL-BKP,2.0,59835.96,0.043,114526.03,EGP,2026-01-05 06:00:00
L0029034,INV-2025-014069,INV,,2025-12-02,REP-082,CUST-00044,Egypt,CY-EDR,2.0,151361.1,0.1233,265396.55,EGP,2026-01-05 06:00:00
L0012291,INV-2024-005929,INV,,2024-11-18,REP-055,CUST-00769,UAE,CL-BKP,1.0,4407.0,0.0933,3995.83,AED,2026-01-05 06:00:00
L0012458,INV-2024-005991,INV,,2024-11-29,REP-061,CUST-00786,UAE,CL-PROD,1.0,5508.75,0.1666,4590.99,AED,2026-01-05 06:00:00
L0002936,INV-2024-001445,INV,,2024-03-30,REP-047,CUST-00569,Saudi Arabia,CN-FIB-100,2.0,9000.0,0.0633,16860.6,SAR,2026-01-05 06:00:00
L0008957,INV-2024-004352,INV,,2024-09-20,REP-004,CUST-00023,Egypt,CY-EDR,1.0,144710.7,0.0528,137069.98,EGP,2026-01-05 06:00:00
L0010450,INV-2024-005072,INV,,2024-10-05,REP-022,CUST-00375,Egypt,DV-AP,1.0,21898.35,0.1633,18322.35,EGP,2026-01-05 06:00:00
L0008942,INV-2024-004346,INV,,2024-09-30,REP-004,CUST-00049,Egypt,CL-BKP,1.0,57884.28,0.0693,53872.9,EGP,2026-01-05 06:00:00
L0022526,INV-2025-010947,INV,,2025-07-31,REP-085,CUST-00401,Saudi Arabia,CL-IAAS-S,13.0,1800.0,0.137,20194.2,USD,2026-01-05 06:00:00
L0005858,INV-2024-002891,INV,,2024-06-02,REP-020,CUST-00288,Egypt,CY-EDR,1.0,144350.1,0.0731,133798.11,EGP,2026-01-05 06:00:00
L0006693,INV-2024-003273,INV,,2024-06-25,REP-063,CUST-00800,UAE,CL-BKP,4.0,4407.0,0.1672,14680.6,AED,2026-01-05 06:00:00
L0019322,INV-2025-009370,INV,,2025-05-27,REP-020,CUST-00135,Egypt,CL-IAAS-S,2.0,89874.9,0.0584,169252.41,EGP,2026-01-05 06:00:00
L0020422,INV-2025-009925,INV,,2025-06-05,REP-003,CUST-00040,Egypt,CN-FIB-100,1.0,120257.04,0.1116,106836.35,EGP,2026-01-05 06:00:00
L0027013,INV-2025-013092,INV,,2025-10-06,REP-063,CUST-00816,UAE,DV-SW48,8.0,8079.5,0.1987,51792.83,AED,2026-01-05 06:00:00
L0016999,INV-2025-008233,INV,,2025-03-29,REP-026,CUST-00334,Egypt,CY-EDR,1.0,146846.7,0.1616,123116.27,EGP,2026-01-05 06:00:00
L0008749,INV-2024-004257,INV,,2024-08-25,REP-063,CUST-00816,UAE,CN-FIB-100,2.0,8814.0,0.189,14296.31,AED,2026-01-05 06:00:00
L0028915,INV-2025-014024,INV,,2025-12-18,REP-002,CUST-00046,EGY,MS-HELP,-2.0,242177.76,0.1314,-420711.2,EGP,2026-01-05 06:00:00
L0018654,INV-2025-009049,INV,,2025-04-30,REP-051,CUST-00714,UAE,DV-AP,2.0,1652.62,0.2034,2632.95,AED,2026-01-05 06:00:00
L0017584,INV-2025-008501,INV,,2025-03-27,REP-071,CUST-00807,UAE,DV-RTR,3.0,4039.75,0.2125,9543.91,AED,2026-01-05 06:00:00
L0011082,INV-2024-005350,INV,,2024-10-27,REP-059,CUST-00794,uae,DV-AP,3.0,1652.62,0.1428,4249.88,AED,2026-01-05 06:00:00
L0004344,INV-2024-002140,INV,,2024-05-30,REP-001,CUST-00038,Egypt,MS-HELP,1.0,229846.56,0.1393,197828.93,EGP,2026-01-05 06:00:00
L0017361,INV-2025-008401,INV,,2025-03-28,REP-045,CUST-00526,Saudi Arabia,CL-PROD,5.0,5625.0,0.0973,25388.44,SAR,2026-01-05 06:00:00
L0013181,INV-2024-006360,INV,,2024-12-30,REP-026,CUST-00365,Egypt,CL-BKP,1.0,57316.68,0.1919,46317.61,EGP,2026-01-05 06:00:00
L0012204,INV-2024-005900,INV,,2024-11-28,REP-049,CUST-00720,UAE,MS-HELP,3.0,17628.0,0.1166,46717.73,AED,2026-01-05 06:00:00
L0030957,CN-2024-00124,CN,INV-2024-005087,2024-11-08,REP-024,CUST-00364,Egypt,CN-SDWAN,-2.0,173927.52,0.1938,-280440.73,EGP,2026-01-05 06:00:00
L0012045,INV-2024-005809,INV,,2024-11-09,REP-043,CUST-00506,Saudi Arabia,CL-PROD,1.0,5625.0,0.0374,5414.62,SAR,2026-01-05 06:00:00
L0019724,INV-2025-009568,INV,,2025-05-03,REP-040,CUST-00474,Saudi Arabia,CY-EDR,2.0,11250.0,0.0,22500.0,SAR,2026-01-05 06:00:00
L0006880,INV-2024-003366,INV,,2024-07-20,REP-006,CUST-00017,Egypt,CL-BKP,16.0,58137.24,0.1716,770574.23,EGP,2026-01-05 06:00:00
L0026688,INV-2025-012955,INV,,2025-10-31,REP-045,CUST-00526,Saudi Arabia,CN-FIB-100,1.0,9000.0,0.1153,7962.3,SAR,2026-01-05 06:00:00
L0016454,INV-2025-007943,INV,,2025-02-13,REP-066,CUST-00886,Oman,CL-PROD,1.0,576.75,0.0269,561.24,OMR,2026-01-05 06:00:00
L0019448,INV-2025-009442,INV,,2025-05-09,REP-021,CUST-00343,Egypt,CL-BKP,2.0,59916.6,0.2263,92714.95,EGP,2026-01-05 06:00:00
L0030000,INV-2025-014555,INV,,2025-12-13,REP-047,CUST-00476,Saudi Arabia,CY-EDR,1.0,11250.0,0.0245,10974.38,SAR,2026-01-05 06:00:00
L0005155,INV-2024-002554,INV,,2024-05-28,REP-047,CUST-00571,Saudi Arabia,CY-EDR,1.0,11250.0,0.0256,10962.0,SAR,2026-01-05 06:00:00
L0016274,INV-2025-007858,INV,,2025-02-09,REP-053,CUST-00720,UAE,CY-EDR,2.0,11017.5,0.0779,20318.47,AED,2026-01-05 06:00:00
L0022641,INV-2025-011012,INV,,2025-07-25,REP-044,CUST-00580,Saudi Arabia,MS-HELP,1.0,18000.0,0.0155,17721.0,SAR,2026-01-05 06:00:00
L0003936,INV-2024-001939,INV,,2024-04-26,REP-044,CUST-00458,Saudi Arabia,CN-FIB-100,1.0,9000.0,0.021,8811.0,SAR,2026-01-05 06:00:00
L0027280,INV-2025-013234,INV,,2025-11-29,REP-002,CUST-00007,Egypt,CY-EDR,1.0,150432.3,0.1542,127235.64,EGP,2026-01-05 06:00:00
L0005936,INV-2024-002931,INV,,2024-06-27,REP-024,CUST-00365,Egypt,dv-ap ,2.0,21652.52,0.2188,33829.9,EGP,2026-01-05 06:00:00
L0004937,INV-2024-002425,INV,,2024-05-27,REP-035,CUST-00394,KSA,CL-PROD,8.0,5625.0,0.1511,38200.5,SAR,2026-01-05 06:00:00
L0030605,INV-2025-014826,INV,,2025-12-30,REP-080,CUST-00970,Oman,DV-RTR,1.0,422.95,0.0533,400.41,OMR,2026-01-05 06:00:00
L0001233,INV-2024-000604,INV,,2024-02-25,REP-017,CUST-00173,Egypt,CN-FIB-100,1.0,74160.0,0.0115,73307.16,EGP,2026-01-05 06:00:00
L0005648,INV-2024-002769,INV,,2024-06-28,REP-010,CUST-00300,Egypt,CN-FIB-100,1.0,115480.08,0.0802,106218.58,EGP,2026-01-05 06:00:00
L0025317,INV-2025-012278,INV,,2025-09-12,REP-076,CUST-00487,Saudi Arabia,CY-EDR,2.0,11250.0,0.0206,22036.5,SAR,2026-01-05 06:00:00
L0030393,INV-2025-014718,INV,,2025-12-25,REP-071,CUST-00818,UAE,CY-EDR,1.0,11017.5,0.222,8571.62,AED,2026-01-05 06:00:00
L0025149,INV-2025-012183,INV,,2025-09-21,REP-042,CUST-00511,Saudi Arabia,PS-TRN,1.0,5625.0,0.0613,5280.19,SAR,2026-01-05 06:00:00
L0003205,INV-2024-001569,INV,,2024-03-29,REP-067,CUST-00872,Oman,CL-BKP,1.0,461.4,0.1079,411.61,OMR,2026-01-05 06:00:00
L0013554,INV-2024-006537,INV,,2024-12-11,REP-045,CUST-00618,Saudi Arabia,CL-BKP,4.0,4500.0,0.0993,16212.6,SAR,2026-01-05 06:00:00
L0006297,INV-2024-003109,INV,,2024-06-06,REP-045,CUST-00631,Saudi Arabia,CL-BKP,1.0,4500.0,0.0861,4112.55,SAR,2026-01-05 06:00:00
L0000695,INV-2024-000331,INV,,2024-01-04,REP-051,CUST-00723,UAE,CY-EDR,10.0,11017.5,0.1769,90685.04,AED,2026-01-05 06:00:00
L0000222,INV-2024-000105,INV,,2024-01-27,REP-017,CUST-00171,Egypt,DV-AP,1.0,13905.0,0.0168,13671.4,EGP,2026-01-05 06:00:00
L0017439,INV-2025-008444,INV,,2025-03-11,REP-050,CUST-00726,UAE,MS-HELP,1.0,17628.0,0.114,15618.41,AED,2026-01-05 06:00:00
L0025635,INV-2025-012409,INV,,2025-09-14,REP-092,CUST-00812,UAE,DV-SW48,5.0,8079.5,0.1816,33061.31,AED,2026-01-05 06:00:00
L0002983,INV-2024-001462,INV,,11/03/2024,REP-051,CUST-00769,UAE,MS-HELP,1.0,4800.0,0.1686,3990.72,USD,2026-01-05 06:00:00
L0019883,INV-2025-009654,INV,,2025-05-27,REP-046,CUST-00456,Saudi Arabia,DV-AP,1.0,1687.5,0.0369,1625.23,SAR,2026-01-05 06:00:00
L0030613,INV-2025-014830,INV,,2025-12-29,REP-080,CUST-00868,Oman,DV-AP,5.0,173.02,0.0876,789.32,OMR,2026-01-05 06:00:00
L0027956,INV-2025-013562,INV,,30/11/2025,REP-035,CUST-00433,Saudi Arabia,MS-HELP,1.0,18000.0,0.1425,15435.0,SAR,2026-01-05 06:00:00
L0001139,INV-2024-000543,INV,,2024-02-22,REP-014,CUST-00294,Egypt,CL-BKP,2.0,37080.0,0.084,67930.56,EGP,2026-01-05 06:00:00
L0004739,INV-2024-002343,INV,,2024-05-30,REP-022,CUST-00358,Egypt,CL-BKP,1.0,57461.64,0.1855,46802.51,EGP,2026-01-05 06:00:00
L0011988,INV-2024-005778,INV,,2024-11-28,REP-040,CUST-00693,Saudi Arabia,CL-IAAS-S,2.0,6750.0,0.0402,12957.3,SAR,2026-01-05 06:00:00
L0000548,INV-2024-000269,INV,,2024-01-27,REP-043,CUST-00531,Saudi Arabia,DV-AP,4.0,1687.5,0.0748,6245.1,SAR,2026-01-05 06:00:00
L0012350,INV-2024-005948,INV,,2024-11-07,REP-072,CUST-00772,UAE,CY-EDR,1.0,11017.5,0.1018,9895.92,AED,2026-01-05 06:00:00
L0002937,INV-2024-001446,INV,,2024-03-13,REP-047,CUST-00694,Saudi Arabia,CN-SDWAN,2.0,13500.0,0.0508,25628.4,SAR,2026-01-05 06:00:00
L0029909,INV-2025-014501,INV,,2025-12-20,REP-043,CUST-00700,Saudi Arabia,CY-EDR,1.0,11250.0,0.0567,10612.12,SAR,2026-01-05 06:00:00
L0021915,INV-2025-010660,INV,,2025-06-29,REP-084,CUST-00942,Oman,DV-RTR,2.0,422.95,0.1053,756.83,OMR,2026-01-05 06:00:00
L0013930,INV-2024-006704,INV,,2024-12-16,REP-059,CUST-00788,UAE,CL-BKP,1.0,4407.0,0.1672,3670.15,AED,2026-01-05 06:00:00
L0010682,INV-2024-005163,INV,,2024-10-14,REP-037,CUST-00441,Saudi Arabia,CN-MPLS,2.0,9000.0,0.1245,15759.0,USD,2026-01-05 06:00:00
L0029813,INV-2025-014442,INV,,2025-12-15,REP-038,CUST-00487,Saudi Arabia,CY-EDR,3.0,11250.0,0.1183,29757.38,SAR,2026-01-05 06:00:00
L0028790,INV-2025-013954,INV,,2025-11-16,REP-080,CUST-00852,Oman,CL-BKP,2.0,461.4,0.0601,867.34,OMR,2026-01-05 06:00:00
L0016290,INV-2025-007864,INV,,2025-02-09,REP-054,CUST-00723,UAE,CN-FIB-100,1.0,8814.0,0.1196,7759.85,AED,2026-01-05 06:00:00
L0028857,INV-2025-013991,INV,,2025-11-11,REP-081,CUST-00872,Oman,CL-BKP,1.0,461.4,0.0485,439.02,OMR,2026-01-05 06:00:00
L0022434,INV-2025-010910,INV,,2025-07-20,REP-032,CUST-00443,Saudi Arabia,CN-MPLS,1.0,9000.0,0.1017,8084.7,USD,2026-01-05 06:00:00
L0006224,INV-2024-003064,INV,,2024-06-04,REP-041,CUST-00583,Saudi Arabia,CY-EDR,1.0,11250.0,0.0662,10505.25,SAR,2026-01-05 06:00:00
L0026538,INV-2025-012865,INV,,2025-10-28,REP-038,CUST-00646,Saudi Arabia,PS-IMPL,4.0,3000.0,0.1056,10732.8,SAR,2026-01-05 06:00:00
L0015384,INV-2025-007416,INV,,2025-02-20,REP-003,CUST-00065,Egypt,CN-SDWAN,6.0,176805.72,0.088,967480.9,EGP,2026-01-05 06:00:00
L0001764,INV-2024-000878,INV,,2024-02-26,REP-047,CUST-00509,Saudi Arabia,CN-SDWAN,1.0,13500.0,0.0236,13181.4,SAR,2026-01-05 06:00:00
L0017514,INV-2025-008471,INV,,2025-03-04,REP-056,CUST-00728,UAE,CN-FIB-100,1.0,8814.0,0.1077,7864.73,AED,2026-01-05 06:00:00
L0007294,INV-2024-003572,INV,,2024-07-03,REP-026,CUST-00359,Egypt,CY-FW,1.0,290686.2,0.1811,238042.93,EGP,2026-01-05 06:00:00
L0002878,INV-2024-001411,INV,,2024-03-01,REP-045,CUST-00515,Saudi Arabia,CL-PROD,3.0,5625.0,0.0913,15334.31,SAR,2026-01-05 06:00:00
L0030847,CN-2024-00067,CN,INV-2024-003015,2024-11-10,REP-037,CUST-00376,Saudi Arabia,CN-FIB-100,-1.0,2400.0,0.082,-2203.2,USD,2026-01-05 06:00:00
L0020183,INV-2025-009791,INV,,2025-05-22,REP-071,CUST-00810,UAE,CL-IAAS-S,15.0,6610.5,0.1923,80089.51,AED,2026-01-05 06:00:00
L0000066,INV-2024-000024,INV,,2024-01-18,REP-006,CUST-00013,Egypt,CL-PROD,5.0,46350.0,0.1392,199490.4,EGP,2026-01-05 06:00:00
L0007632,INV-2024-003725,INV,,11/07/2024,REP-055,CUST-00750,UAE,CY-EDR,7.0,11017.5,0.0618,72356.33,AED,2026-01-05 06:00:00
L0000563,INV-2024-000277,INV,,2024-01-23,REP-044,CUST-00615,Saudi Arabia,CN-FIB-100,1.0,9000.0,0.0443,8601.3,SAR,2026-01-05 06:00:00
L0010289,INV-2024-004978,INV,,2024-10-03,REP-011,CUST-00268,Egypt,CL-BKP,1.0,58395.6,0.0478,55604.29,EGP,2026-01-05 06:00:00
L0014053,INV-2024-006762,INV,,2024-12-28,REP-065,CUST-00852,Oman,CN-FIB-100,1.0,922.8,0.009,914.49,OMR,2026-01-05 06:00:00
L0015405,INV-2025-007423,INV,,2025-02-26,REP-004,CUST-00022,Egypt,MS-HELP,1.0,235740.96,0.1104,209715.16,EGP,2026-01-05 06:00:00
L0017349,INV-2025-008393,INV,,2025-03-10,REP-044,CUST-00618,Saudi Arabia,CL-PROD,2.0,5625.0,0.0464,10728.0,SAR,2026-01-05 06:00:00
L0004996,INV-2024-002452,INV,,2024-05-30,REP-039,CUST-00587,Saudi Arabia,CL-BKP,3.0,4500.0,0.1099,12016.35,SAR,2026-01-05 06:00:00
L0028379,INV-2025-013765,INV,,2025-11-28,REP-051,CUST-00761,UAE,CY-EDR,4.0,11017.5,0.1837,35974.34,AED,2026-01-05 06:00:00
L0009870,INV-2024-004786,INV,,2024-09-26,REP-060,CUST-00790,UAE,CN-SDWAN,1.0,13221.0,0.1767,10884.85,AED,2026-01-05 06:00:00
L0001242,INV-2024-000608,INV,,2024-02-12,REP-018,CUST-00210,Egypt,CL-PROD,1.0,46350.0,0.0916,42104.34,EGP,2026-01-05 06:00:00
L0016385,INV-2025-007907,INV,,2025-02-15,REP-060,CUST-00814,U.A.E,CY-EDR,1.0,11017.5,0.2048,8761.12,AED,2026-01-05 06:00:00
L0009749,INV-2024-004735,INV,,2024-09-04,REP-053,CUST-00717,UAE,CY-EDR,1.0,11017.5,0.0883,10044.65,AED,2026-01-05 06:00:00
L0004502,INV-2024-002196,INV,,2024-05-30,REP-010,CUST-00166,Egypt,CN-FIB-100,1.0,114923.28,0.0179,112866.15,EGP,2026-01-05 06:00:00
L0025809,INV-2025-012509,INV,,2025-09-09,REP-084,CUST-00835,Oman,CN-FIB-100,1.0,922.8,0.1246,807.82,OMR,2026-01-05 06:00:00
L0021407,INV-2025-010409,INV,,2025-06-30,REP-045,CUST-00485,KSA,CL-BKP,1.0,4500.0,0.1092,4008.6,SAR,2026-01-05 06:00:00
L0011463,INV-2024-005525,INV,,2024-11-01,REP-011,CUST-00315,Egypt,MS-HELP,1.0,231903.36,0.0401,222604.04,EGP,2026-01-05 06:00:00
L0019679,INV-2025-009544,INV,,2025-05-05,REP-075,CUST-00378,Saudi Arabia,PS-IMPL,9.0,3000.0,0.0821,24783.3,SAR,2026-01-05 06:00:00
L0007597,INV-2024-003714,INV,,2024-07-07,REP-051,CUST-00736,UAE,MS-HELP,1.0,17628.0,0.1464,15047.26,AED,2026-01-05 06:00:00
L0019609,INV-2025-009517,INV,,2025-05-04,REP-033,CUST-00394,Saudi Arabia,CY-EDR,1.0,11250.0,0.0526,10658.25,SAR,2026-01-05 06:00:00
L0015942,INV-2025-007684,INV,,2025-02-28,REP-075,CUST-00426,Saudi Arabia,PS-TRN,5.0,5625.0,0.1535,23807.81,SAR,2026-01-05 06:00:00
L0009602,INV-2024-004666,INV,,2024-09-28,REP-043,CUST-00508,Saudi Arabia,CL-BKP,1.0,4500.0,0.0778,4149.9,SAR,2026-01-05 06:00:00
L0027465,INV-2025-013315,INV,,2025-11-26,REP-011,CUST-00297,Egypt,CL-IAAS-S,1.0,90259.38,0.0467,86044.27,EGP,2026-01-05 06:00:00
L0025663,INV-2025-012420,INV,,2025-09-08,REP-065,CUST-00857,Oman,CL-BKP,1.0,461.4,0.0,461.4,OMR,2026-01-05 06:00:00
L0026220,INV-2025-012723,INV,,2025-10-24,REP-077,CUST-00317,Egypt,CN-FIB-100,1.0,118945.44,0.0649,111225.88,EGP,2026-01-05 06:00:00
L0009603,INV-2024-004666,INV,,2024-09-28,REP-043,CUST-00508,saudi arabia,CN-FIB-100,1.0,9000.0,0.0644,8420.4,SAR,2026-01-05 06:00:00
L0029761,INV-2025-014421,INV,,2025-12-04,REP-075,CUST-00428,Saudi Arabia,CL-IAAS-S,2.0,6750.0,0.1085,12035.25,SAR,2026-01-05 06:00:00
L0027417,INV-2025-013288,INV,,2025-11-01,REP-009,CUST-00038,Egypt,CL-PROD,2.0,75216.15,0.0913,136697.83,EGP,2026-01-05 06:00:00
L0005855,INV-2024-002888,INV,,2024-06-26,REP-020,CUST-00170,Egypt,DV-AP,1.0,21652.52,0.0499,20572.06,EGP,2026-01-05 06:00:00
L0005549,INV-2024-002734,INV,,2024-06-16,REP-004,CUST-00018,Egypt,MS-HELP,1.0,230960.16,0.0867,210935.91,EGP,2026-01-05 06:00:00
L0009201,INV-2024-004477,INV,,2024-09-17,REP-019,CUST-00103,Egypt,CY-EDR,1.0,144710.7,0.091,131542.03,EGP,2026-01-05 06:00:00
L0023909,INV-2025-011626,INV,,2025-08-29,REP-048,CUST-00735,UAE,MS-COLO,1.0,35256.0,0.195,28381.08,AED,2026-01-05 06:00:00
L0026799,INV-2025-013009,INV,,2025-10-06,REP-050,CUST-00761,UAE,CN-FIB-1G,1.0,51415.0,0.1353,44458.55,AED,2026-01-05 06:00:00
L0005010,INV-2024-002461,INV,,2024-05-23,REP-039,CUST-00526,Saudi Arabia,CL-IAAS-S,2.0,6750.0,0.114,11961.0,SAR,2026-01-05 06:00:00
L0012000,INV-2024-005783,INV,,2024-11-30,REP-040,CUST-00528,Saudi Arabia,CL-BKP,1.0,4500.0,0.0,4500.0,SAR,2026-01-05 06:00:00
L0003345,INV-2024-001631,INV,,2024-04-01,REP-008,CUST-00043,Egypt,CN-FIB-100,1.0,115056.96,0.0793,105932.94,EGP,2026-01-05 06:00:00
L0018181,INV-2025-008812,INV,,2025-04-07,REP-027,CUST-00372,Egypt,CY-FW,1.0,294798.0,0.232,226404.86,EGP,2026-01-05 06:00:00
L0017953,INV-2025-008698,INV,,2025-04-28,REP-020,CUST-00123,Egypt,DV-AP,5.0,22109.85,0.0747,102291.22,EGP,2026-01-05 06:00:00
L0021532,INV-2025-010473,INV,,2025-06-25,REP-051,CUST-00713,UAE,DV-AP,4.0,450.0,0.1283,1569.06,USD,2026-01-05 06:00:00
L0007295,INV-2024-003573,INV,,2024-07-09,REP-027,CUST-00341,Egypt,DV-RTR,5.0,53292.47,0.1824,217859.62,EGP,2026-01-05 06:00:00
L0003256,INV-2024-001599,INV,,2024-04-20,REP-002,CUST-00043,Egypt,MS-HELP,1.0,230113.92,0.1258,201165.59,EGP,2026-01-05 06:00:00
L0013445,INV-2024-006474,INV,,2024-12-15,REP-042,CUST-00541,Saudi Arabia,CN-FIB-100,1.0,9000.0,0.0443,8601.3,SAR,2026-01-05 06:00:00
L0002943,INV-2024-001449,INV,,2024-03-04,REP-048,CUST-00764,UAE,MS-HELP,1.0,17628.0,0.1639,14738.77,AED,2026-01-05 06:00:00
L0000048,INV-2024-000016,INV,,2024-01-17,REP-005,CUST-00003,Egypt,MS-HELP,1.0,148320.0,0.1682,123372.58,EGP,2026-01-05 06:00:00
L0003076,INV-2024-001498,INV,,2024-03-05,REP-057,CUST-00790,UAE,DV-RTR,2.0,4039.75,0.1649,6747.19,AED,2026-01-05 06:00:00
L0024416,INV-2025-011837,INV,,2025-09-26,REP-082,CUST-00053,Egypt,CN-FIB-100,1.0,120147.84,0.0916,109142.3,EGP,2026-01-05 06:00:00
L0000178,INV-2024-000079,INV,,2024-01-16,REP-014,CUST-00129,Egypt,CL-PROD,1.0,46350.0,0.0205,45399.82,EGP,2026-01-05 06:00:00
L0016054,INV-2025-007748,INV,,2025-02-26,REP-042,CUST-00627,Saudi Arabia,CL-IAAS-S,2.0,6750.0,0.0485,12845.25,SAR,2026-01-05 06:00:00
L0022614,INV-2025-010996,INV,,2025-07-27,REP-043,CUST-00589,Saudi Arabia,CN-FIB-100,1.0,9000.0,0.0463,8583.3,SAR,2026-01-05 06:00:00
L0017590,INV-2025-008503,INV,,2025-03-10,REP-071,CUST-00779,UAE,DV-AP,1.0,1652.62,0.1872,1343.25,AED,2026-01-05 06:00:00
L0022809,INV-2025-011081,INV,,2025-07-27,REP-072,CUST-00719,UAE,CN-FIB-100,4.0,8814.0,0.0877,32164.05,AED,2026-01-05 06:00:00
L0022382,INV-2025-010887,INV,,2025-07-07,REP-026,CUST-00372,Egypt,CL-BKP,1.0,59431.2,0.1786,48816.79,EGP,2026-01-05 06:00:00
L0006456,INV-2024-003181,INV,,2024-06-29,REP-053,CUST-00717,UAE,CL-PROD,5.0,5508.75,0.1032,24701.24,AED,2026-01-05 06:00:00
L0008766,INV-2024-004265,INV,,2024-08-31,REP-071,CUST-00798,UAE,CL-BKP,2.0,4407.0,0.2041,7015.06,AED,2026-01-05 06:00:00
L0003817,INV-2024-001873,INV,,2024-04-15,REP-039,CUST-00484,Saudi Arabia,DV-AP,11.0,1687.5,0.0613,17424.62,SAR,2026-01-05 06:00:00
L0029570,INV-2025-014357,INV,,2025-12-26,REP-029,CUST-00382,Saudi Arabia,CN-FIB-1G,2.0,52500.0,0.1361,90709.5,SAR,2026-01-05 06:00:00
L0028125,INV-2025-013631,INV,,2025-11-21,REP-040,CUST-00594,Saudi Arabia,CL-IAAS-S,2.0,6750.0,0.0207,13220.55,SAR,2026-01-05 06:00:00
L0008520,INV-2024-004168,INV,,2024-08-27,REP-046,CUST-00661,Saudi Arabia,CL-BKP,1.0,4500.0,0.0442,4301.1,SAR,2026-01-05 06:00:00
L0025246,INV-2025-012233,INV,,2025-09-03,REP-045,CUST-00692,Saudi Arabia,DV-AP,9.0,1687.5,0.0789,13989.21,SAR,2026-01-05 06:00:00
L0024965,INV-2025-012108,INV,,2025-09-13,REP-033,CUST-00378,Saudi Arabia,DV-RTR,2.0,4125.0,0.0913,7496.78,SAR,2026-01-05 06:00:00
L0010189,INV-2024-004934,INV,,2024-10-04,REP-006,CUST-00006,Egypt,MS-HELP,4.0,233582.4,0.1647,780445.51,EGP,2026-01-05 06:00:00
L0030539,INV-2025-014794,INV,,2025-12-31,REP-067,CUST-00869,Oman,CN-FIB-100,1.0,922.8,0.0705,857.74,OMR,2026-01-05 06:00:00
L0020957,INV-2025-010189,INV,,2025-06-09,REP-025,CUST-00339,Egypt,DV-AP,2.0,22548.2,0.1932,36383.78,EGP,2026-01-05 06:00:00
L0006532,INV-2024-003204,INV,,2024-06-08,REP-055,CUST-00725,UAE,CN-MPLS,2.0,33052.5,0.0451,63123.66,AED,2026-01-05 06:00:00
L0021015,INV-2025-010213,INV,,2025-06-07,REP-028,CUST-00418,Saudi Arabia,CN-SDWAN,10.0,13500.0,0.0936,122364.0,SAR,2026-01-05 06:00:00
L0007035,INV-2024-003441,INV,,2024-07-28,REP-014,CUST-00298,Egypt,CL-BKP,1.0,58137.24,0.0479,55352.47,EGP,2026-01-05 06:00:00
L0003197,INV-2024-001564,INV,,2024-03-28,REP-066,CUST-00960,oman,CL-BKP,3.0,461.4,0.0159,1362.19,OMR,2026-01-05 06:00:00
L0003448,INV-2024-001691,INV,,01/04/2024,REP-014,CUST-00320,EGY,MS-HELP,1.0,230113.92,0.0137,226961.36,EGP,2026-01-05 06:00:00
L0013838,INV-2024-006662,INV,,2024-12-23,REP-072,CUST-00720,UAE,CL-BKP,3.0,4407.0,0.092,12004.67,AED,2026-01-05 06:00:00
L0000006,INV-2024-000002,INV,,2024-01-30,REP-001,CUST-00008,Egypt,CL-PROD,4.0,46350.0,0.1082,165339.72,EGP,2026-01-05 06:00:00
L0017646,INV-2025-008532,INV,,2025-03-06,REP-067,CUST-00880,Oman,MS-HELP,1.0,1845.6,0.1022,1656.98,OMR,2026-01-05 06:00:00
L0015965,INV-2025-007692,INV,,2025-02-28,REP-038,CUST-00631,Saudi Arabia,DV-AP,2.0,1687.5,0.0871,3081.04,SAR,2026-01-05 06:00:00
L0012090,INV-2024-005836,INV,,2024-11-18,REP-044,CUST-00598,Saudi Arabia,CN-SDWAN,1.0,13500.0,0.0844,12360.6,SAR,2026-01-05 06:00:00
L0026673,INV-2025-012946,INV,,2025-10-15,REP-044,CUST-00699,Saudi Arabia,MS-HELP,1.0,18000.0,0.031,17442.0,SAR,2026-01-05 06:00:00
L0011765,INV-2024-005682,INV,,2024-11-26,REP-027,CUST-00371,Egypt,CN-SDWAN,1.0,173927.52,0.1533,147264.43,EGP,2026-01-05 06:00:00
L0019693,INV-2025-009548,INV,,2025-05-30,REP-085,CUST-00429,Saudi Arabia, cn-mpls,1.0,33750.0,0.1285,29413.12,SAR,2026-01-05 06:00:00
L0006690,INV-2024-003272,INV,,2024-06-22,REP-063,CUST-00818,UAE,PS-IMPL,8.0,2938.0,0.1556,19846.78,AED,2026-01-05 06:00:00
L0016352,INV-2025-007892,INV,,2025-02-15,REP-057,CUST-00791,UAE,CY-EDR,1.0,11017.5,0.1531,9330.72,AED,2026-01-05 06:00:00
L0020644,INV-2025-010020,INV,,2025-06-23,REP-013,CUST-00075,Egypt,CY-EDR,1.0,150321.3,0.0415,144082.97,EGP,2026-01-05 06:00:00
L0014297,INV-2025-006871,INV,,2025-01-28,REP-009,CUST-00058,Egypt,CY-EDR,1.0,149036.1,0.1024,133774.8,EGP,2026-01-05 06:00:00
L0028512,INV-2025-013811,INV,,2025-11-03,REP-060,CUST-00779,UAE,DV-RTR,8.0,4039.75,0.2643,23776.35,AED,2026-01-05 06:00:00
L0026316,INV-2025-012772,INV,,2025-10-09,REP-025,CUST-00366,Egypt,CY-EDR,3.0,148681.8,0.173,368879.55,EGP,2026-01-05 06:00:00
L0014863,INV-2025-007146,INV,,2025-01-27,REP-039,CUST-00705,Saudi Arabia,CN-FIB-100,1.0,9000.0,0.1159,7956.9,SAR,2026-01-05 06:00:00
L0025251,INV-2025-012236,INV,,2025-09-01,REP-045,CUST-00530,Saudi Arabia,CL-IAAS-S,4.0,6750.0,0.0807,24821.1,SAR,2026-01-05 06:00:00
L0019842,INV-2025-009634,INV,,2025-05-27,REP-044,CUST-00602,Saudi Arabia,CL-BKP,1.0,4500.0,0.0548,4253.4,SAR,2026-01-05 06:00:00
L0022964,INV-2025-011146,INV,,2025-07-16,REP-071,CUST-00776,UAE,CN-FIB-100,1.0,8814.0,0.241,6689.83,AED,2026-01-05 06:00:00
L0012476,INV-2024-006003,INV,,2024-11-11,REP-063,CUST-00778,UAE,DV-RTR,1.0,4039.75,0.1396,3475.8,AED,2026-01-05 06:00:00
L0028062,INV-2025-013597,INV,,2025-11-22,REP-085,CUST-00392,Saudi Arabia,PS-IMPL,7.0,3000.0,0.0843,19229.7,SAR,2026-01-05 06:00:00
L0008217,INV-2024-004019,INV,,2024-08-26,REP-022,CUST-00373,Egypt,CY-EDR,1.0,143464.8,0.1392,123494.5,EGP,2026-01-05 06:00:00
L0022224,INV-2025-010801,INV,,2025-07-23,REP-018,CUST-00120,Egypt,PS-IMPL,2.0,39620.8,0.1404,68116.08,EGP,2026-01-05 06:00:00
L0027209,INV-2025-013195,INV,,2025-10-04,REP-081,CUST-00968,Oman,CL-BKP,1.0,461.4,0.0319,446.68,OMR,2026-01-05 06:00:00
L0024640,INV-2025-011961,INV,,2025-09-26,REP-020,CUST-00217,Egypt,CL-BKP,1.0,60073.92,0.0498,57082.24,EGP,2026-01-05 06:00:00
L0014697,INV-2025-007084,INV,,2025-01-23,REP-031,CUST-00444,Saudi Arabia,CL-BKP,1.0,4500.0,0.0962,4067.1,SAR,2026-01-05 06:00:00
L0020691,INV-2025-010042,INV,,2025-06-30,REP-015,CUST-00307,EGY,DV-AP,4.0,22548.2,0.1308,78395.58,EGP,2026-01-05 06:00:00
L0024746,INV-2025-012018,INV,,2025-09-24,REP-079,CUST-00214,Egypt,DV-RTR,1.0,55067.76,0.0593,51802.24,EGP,2026-01-05 06:00:00
L0014876,INV-2025-007154,INV,,2025-01-07,REP-039,CUST-00483,Saudi Arabia,CN-FIB-100,1.0,9000.0,0.0742,8332.2,SAR,2026-01-05 06:00:00
L0022706,INV-2025-011047,INV,,2025-07-18,REP-047,CUST-00544,Saudi Arabia,CN-FIB-100,1.0,9000.0,0.079,8289.0,SAR,2026-01-05 06:00:00
L0005263,INV-2024-002598,INV,,2024-05-30,REP-054,CUST-00754,UAE,CN-FIB-100,1.0,8814.0,0.1129,7818.9,AED,2026-01-05 06:00:00
L0016129,INV-2025-007794,INV,,2025-02-05,REP-045,CUST-00545,Saudi Arabia,CY-EDR,1.0,11250.0,0.1008,10116.0,SAR,2026-01-05 06:00:00
L0012238,INV-2024-005912,INV,,2024-11-07,REP-051,CUST-00771,UAE,PS-IMPL,1.0,2938.0,0.1604,2466.74,AED,2026-01-05 06:00:00
L0017921,INV-2025-008677,INV,,2025-04-26,REP-018,CUST-00300,Egypt,CY-EDR,1.0,147399.0,0.0928,133720.37,EGP,2026-01-05 06:00:00
L0026851,INV-2025-013030,INV,,2025-10-29,REP-056,CUST-00744,UAE,CL-PROD,3.0,5508.75,0.1266,14434.03,AED,2026-01-05 06:00:00
L0001894,INV-2024-000925,INV,,2024-02-26,REP-056,CUST-00723,UAE,CY-EDR,1.0,11017.5,0.1035,9877.19,AED,2026-01-05 06:00:00
L0025195,INV-2025-012205,INV,,2025-09-15,REP-043,CUST-00696,Saudi Arabia,CL-BKP,1.0,4500.0,0.0161,4427.55,SAR,2026-01-05 06:00:00
L0020162,INV-2025-009781,INV,,2025-05-07,REP-061,CUST-00798,UAE,DV-SW48,1.0,8079.5,0.1976,6482.99,AED,2026-01-05 06:00:00
L0024794,INV-2025-012039,INV,,2025-09-28,REP-025,CUST-00343,Egypt,DV-SW48,1.0,110135.52,0.1907,89132.68,EGP,2026-01-05 06:00:00
L0017173,INV-2025-008298,INV,,2025-03-20,REP-075,CUST-00425,Saudi Arabia,MS-HELP,12.0,18000.0,0.0973,194983.2,SAR,2026-01-05 06:00:00
L0015905,INV-2025-007672,INV,,2025-02-28,REP-037,CUST-00405,Saudi Arabia,CN-FIB-100,1.0,9000.0,0.1266,7860.6,SAR,2026-01-05 06:00:00
L0017001,INV-2025-008233,INV,,2025-03-29,REP-026,CUST-00334,Egypt,DV-AP,1.0,22027.0,0.1788,18088.57,EGP,2026-01-05 06:00:00
L0010117,INV-2024-004907,INV,,2024-10-12,REP-003,CUST-00064,Egypt,CN-FIB-1G,1.0,681282.0,0.0758,629640.82,EGP,2026-01-05 06:00:00
L0007960,INV-2024-003870,INV,,2024-08-16,REP-006,CUST-00011,Egypt,PS-AUD,2.0,263018.8,0.133,456074.6,EGP,2026-01-05 06:00:00
L0006133,INV-2024-003016,INV,,2024-06-11,REP-037,CUST-00378,Saudi Arabia,PS-IMPL,2.0,3000.0,0.1008,5395.2,SAR,2026-01-05 06:00:00
L0003491,INV-2024-001716,INV,,2024-04-30,REP-016,CUST-00284,Egypt,CL-BKP,3.0,57528.48,0.11,153601.04,EGP,2026-01-05 06:00:00
L0006227,INV-2024-003066,INV,,2024-06-14,REP-041,CUST-00695,Saudi Arabia,CY-EDR,1.0,11250.0,0.0654,10514.25,SAR,2026-01-05 06:00:00
L0013083,INV-2024-006312,INV,,2024-12-30,REP-022,CUST-00372,Egypt,DV-SW48,3.0,105080.58,0.1655,263069.23,EGP,2026-01-05 06:00:00
L0011409,INV-2024-005502,INV,,2024-11-13,REP-007,CUST-00028,Egypt,CN-SDWAN,1.0,173927.52,0.1266,151908.3,EGP,2026-01-05 06:00:00
L0011734,INV-2024-005670,INV,,2024-11-27,REP-026,CUST-00337,Egypt,CL-PROD,3.0,72469.8,0.2087,172036.06,EGP,2026-01-05 06:00:00
L0010239,INV-2024-004954,INV,,2024-10-20,REP-008,CUST-00052,Egypt,MS-HELP,1.0,233582.4,0.09,212559.98,EGP,2026-01-05 06:00:00
L0021059,INV-2025-010230,INV,,2025-06-26,REP-032,CUST-00441,Saudi Arabia,CY-EDR,1.0,11250.0,0.1146,9960.75,SAR,2026-01-05 06:00:00
L0027232,INV-2025-013207,INV,,2025-10-25,REP-084,CUST-00956,Oman,CY-EDR,1.0,1153.5,0.0664,1076.91,OMR,2026-01-05 06:00:00
L0019621,INV-2025-009521,INV,,2025-05-06,REP-034,CUST-00404,KSA,CY-EDR,2.0,11250.0,0.1256,19674.0,SAR,2026-01-05 06:00:00
L0010787,INV-2024-005221,INV,,2024-10-07,REP-044,CUST-00571,Saudi Arabia,CN-FIB-100,5.0,9000.0,0.0432,43056.0,SAR,2026-01-05 06:00:00
L0001457,INV-2024-000716,INV,,2024-02-18,REP-030,CUST-00438,Saudi Arabia,CL-PROD,1.0,5625.0,0.1145,4980.94,SAR,2026-01-05 06:00:00
L0012974,INV-2024-006248,INV,,2024-12-25,REP-017,CUST-00276,Egypt,DV-AP,1.0,21493.76,0.0438,20552.33,EGP,2026-01-05 06:00:00
L0002467,INV-2024-001207,INV,,2024-03-01,REP-019,CUST-00167,EGY,CN-FIB-100,1.0,113791.92,0.0283,110571.61,EGP,2026-01-05 06:00:00
L0004481,INV-2024-002190,INV,,2024-05-08,REP-009,CUST-00032,Egypt,MS-HELP,1.0,229846.56,0.0819,211022.13,EGP,2026-01-05 06:00:00
L0021796,INV-2025-010585,INV,,2025-06-29,REP-066,CUST-00911,Oman,DV-AP,-5.0,173.02,0.0404,-830.15,OMR,2026-01-05 06:00:00
L0000560,INV-2024-000275,INV,,2024-01-01,REP-043,CUST-00622,Saudi Arabia,CN-SDWAN,1.0,13500.0,0.0308,13084.2,SAR,2026-01-05 06:00:00
L0011379,INV-2024-005488,INV,,2024-11-09,REP-005,CUST-00028,Egypt,CY-FW,1.0,289879.2,0.1526,245643.63,EGP,2026-01-05 06:00:00
L0013072,INV-2024-006307,INV,,2024-12-22,REP-021,CUST-00349,Egypt,CY-EDR,1.0,143291.7,0.2174,112140.08,EGP,2026-01-05 06:00:00
L0030656,INV-2025-014856,INV,,2025-12-16,REP-081,CUST-00880,Oman,CL-PROD,1.0,576.75,0.043,551.95,OMR,2026-01-05 06:00:00
L0012010,INV-2024-005787,INV,,2024-11-30,REP-040,CUST-00591,Saudi Arabia,CN-FIB-100,1.0,9000.0,0.0347,8687.7,SAR,2026-01-05 06:00:00
L0025061,INV-2025-012139,INV,,2025-09-24,REP-038,CUST-00638,Saudi Arabia,CL-IAAS-S,3.0,6750.0,0.0682,18868.95,SAR,2026-01-05 06:00:00
L0015936,INV-2025-007682,INV,,2025-02-27,REP-075,CUST-00377,Saudi Arabia,CY-FW,7.0,22500.0,0.1502,133843.5,SAR,2026-01-05 06:00:00
L0011986,INV-2024-005776,INV,,28/11/2024,REP-040,CUST-00677,Saudi Arabia,CY-EDR,1.0,11250.0,0.0,11250.0,SAR,2026-01-05 06:00:00
L0029877,INV-2025-014482,INV,,2025-12-17,REP-043,CUST-00572,Saudi Arabia,DV-RTR,10.0,4125.0,0.0544,39006.0,SAR,2026-01-05 06:00:00
L0007928,INV-2024-003857,INV,,2024-08-29,REP-002,CUST-00046,Egypt,MS-HELP,1.0,229543.68,0.1095,204408.65,EGP,2026-01-05 06:00:00
L0014967,INV-2025-007209,INV,,2025-01-08,REP-045,CUST-00699,Saudi Arabia,CL-BKP,1.0,4500.0,0.0985,4056.75,SAR,2026-01-05 06:00:00
L0027520,INV-2025-013352,INV,,2025-11-16,REP-015,CUST-00092,Egypt,CL-BKP,2.0,60172.92,0.1397,103533.53,EGP,2026-01-05 06:00:00
L0014779,INV-2025-007112,INV,,2025-01-29,REP-035,CUST-00443,Saudi Arabia,CL-BKP,5.0,4500.0,0.1319,19532.25,SAR,2026-01-05 06:00:00
L0001883,INV-2024-000921,INV,,2024-02-17,REP-055,CUST-00758,UAE,MS-COLO,2.0,35256.0,0.0726,65392.83,AED,2026-01-05 06:00:00
L0009109,INV-2024-004421,INV,,2024-09-30,REP-013,CUST-00156,Egypt,CL-BKP,1.0,57884.28,0.0528,54827.99,EGP,2026-01-05 06:00:00
L0021212,INV-2025-010293,INV,,2025-06-28,REP-038,CUST-00631,Saudi Arabia,CY-EDR,1.0,11250.0,0.1115,9995.62,SAR,2026-01-05 06:00:00
L0013401,INV-2024-006444,INV,,2024-12-29,REP-039,CUST-00537,Saudi Arabia,DV-RTR,2.0,4125.0,0.0754,7627.95,SAR,2026-01-05 06:00:00
L0023633,INV-2025-011490,INV,,2025-08-26,REP-031,CUST-00413,Saudi Arabia,CN-FIB-100,1.0,9000.0,0.1177,7940.7,SAR,2026-01-05 06:00:00
L0010142,INV-2024-004917,INV,,2024-10-09,REP-004,CUST-00006,Egypt,MS-HELP,2.0,233582.4,0.0893,425446.98,EGP,2026-01-05 06:00:00
L0000052,INV-2024-000018,INV,,2024-01-09,REP-006,CUST-00032,Egypt,CN-FIB-100,1.0,74160.0,0.1152,65616.77,EGP,2026-01-05 06:00:00
L0018559,INV-2025-009002,INV,,2025-04-13,REP-045,CUST-00589,Saudi Arabia,DV-RTR,4.0,4125.0,0.0855,15089.25,SAR,2026-01-05 06:00:00
L0024758,INV-2025-012024,INV,,2025-09-02,REP-023,CUST-00347,Egypt,DV-AP,2.0,22527.72,0.1705,37373.49,EGP,2026-01-05 06:00:00
L0025976,INV-2025-012578,INV,,2025-10-04,REP-082,CUST-00020,Egypt,CY-EDR,2.0,148681.8,0.1423,255048.76,EGP,2026-01-05 06:00:00
L0016699,INV-2025-008061,INV,,2025-03-12,REP-010,CUST-00218,Egypt,CL-PROD,1.0,73423.35,0.0513,69656.73,EGP,2026-01-05 06:00:00
L0000017,INV-2024-000006,INV,,2024-01-09,REP-003,CUST-00065,Egypt,MS-HELP,1.0,148320.0,0.1082,132271.78,EGP,2026-01-05 06:00:00
L0021840,INV-2025-010609,INV,,2025-06-28,REP-074,CUST-00890,Oman,DV-AP,1.0,173.02,0.0694,161.01,OMR,2026-01-05 06:00:00
L0026634,INV-2025-012923,INV,,2025-10-27,REP-043,CUST-00540,Saudi Arabia,CN-SDWAN,1.0,13500.0,0.051,12811.5,SAR,2026-01-05 06:00:00
L0007716,INV-2024-003757,INV,,2024-07-24,REP-059,CUST-00792,UAE,CL-BKP,1.0,4407.0,0.2053,3502.24,AED,2026-01-05 06:00:00
L0025153,INV-2025-012185,INV,,2025-09-21,REP-042,CUST-00685,Saudi Arabia,CN-FIB-100,1.0,9000.0,0.0866,8220.6,SAR,2026-01-05 06:00:00
L0009631,INV-2024-004684,INV,,2024-09-29,REP-045,CUST-00486,Saudi Arabia,CL-PROD,3.0,5625.0,0.1414,14488.88,SAR,2026-01-05 06:00:00
L0007553,INV-2024-003699,INV,,2024-07-02,REP-047,CUST-00457,Saudi Arabia,CN-FIB-100,1.0,9000.0,0.0298,8731.8,SAR,2026-01-05 06:00:00
L0016383,INV-2025-007905,INV,,2025-02-27,REP-060,CUST-00782,UAE,CL-PROD,3.0,5508.75,0.1859,13454.02,AED,2026-01-05 06:00:00
L0006674,INV-2024-003265,INV,,2024-06-24,REP-063,CUST-00813,UAE,CN-FIB-100,1.0,8814.0,0.1781,7244.23,AED,2026-01-05 06:00:00
L0025421,INV-2025-012319,INV,,2025-09-06,REP-055,CUST-00717,UAE,CY-EDR,1.0,11017.5,0.0666,10283.73,AED,2026-01-05 06:00:00
L0013295,INV-2024-006403,INV,,2024-12-15,REP-033,CUST-00437,Saudi Arabia,CL-BKP,22.0,4500.0,0.0795,91129.5,SAR,2026-01-05 06:00:00
L0020016,INV-2025-009713,INV,,2025-05-29,REP-051,CUST-00729,UAE,CN-MPLS,3.0,33052.5,0.1799,81319.07,AED,2026-01-05 06:00:00
L0020480,INV-2025-009945,INV,,2025-06-04,REP-005,CUST-00067,Egypt,CN-FIB-100,1.0,120257.04,0.1639,100546.91,EGP,2026-01-05 06:00:00
L0017909,INV-2025-008668,INV,,2025-04-18,REP-017,CUST-00220,Egypt,CN-FIB-100,1.0,117919.2,0.0262,114829.72,EGP,2026-01-05 06:00:00
L0000477,INV-2024-000225,INV,,2024-01-17,REP-037,CUST-00376,Saudi Arabia,CN-MPLS,1.0,33750.0,0.1041,30236.62,SAR,2026-01-05 06:00:00
L0026431,INV-2025-012825,INV,,2025-10-28,REP-035,CUST-00433,Saudi Arabia,CN-FIB-100,1.0,9000.0,0.1172,7945.2,SAR,2026-01-05 06:00:00
L0029817,INV-2025-014444,INV,,2025-12-08,REP-038,CUST-00523,Saudi Arabia,CY-EDR,1.0,11250.0,0.108,10035.0,SAR,2026-01-05 06:00:00
L0000479,INV-2024-000226,INV,,2024-01-31,REP-037,CUST-00422,Saudi Arabia,PS-IMPL,1.0,3000.0,0.1468,2559.6,SAR,2026-01-05 06:00:00
L0018595,INV-2025-009024,INV,,2025-04-11,REP-047,CUST-00584,KSA,CL-BKP,1.0,4500.0,0.0211,4405.05,SAR,2026-01-05 06:00:00
L0026277,INV-2025-012754,INV,,2025-10-25,REP-023,CUST-00347,Egypt,DV-AP,14.0,22302.27,0.177,256966.75,EGP,2026-01-05 06:00:00
L0030519,INV-2025-014784,INV,,2025-12-29,REP-066,CUST-00913,Oman,DV-RTR,2.0,422.95,0.0585,796.41,OMR,2026-01-05 06:00:00
L0027687,INV-2025-013445,INV,,2025-11-28,REP-078,CUST-00290,Egypt,CL-PROD,1.0,75216.15,0.1358,65001.8,EGP,2026-01-05 06:00:00
L0026989,INV-2025-013083,INV,,2025-10-13,REP-061,CUST-00787,UAE,MS-HELP,1.0,17628.0,0.2016,14074.2,AED,2026-01-05 06:00:00
L0005135,INV-2024-002541,INV,,2024-05-15,REP-046,CUST-00671,Saudi Arabia,CL-IAAS-S,1.0,6750.0,0.047,6432.75,SAR,2026-01-05 06:00:00
L0018415,INV-2025-008914,INV,,2025-04-28,REP-039,CUST-00540,Saudi Arabia,DV-RTR,5.0,4125.0,0.1493,17545.69,SAR,2026-01-05 06:00:00
L0005067,INV-2024-002496,INV,,2024-05-30,REP-042,CUST-00567,Saudi Arabia,CL-BKP,3.0,0.0,0.1167,0.0,SAR,2026-01-05 06:00:00
L0022885,INV-2025-011108,INV,,2025-07-31,REP-057,CUST-00818,UAE,CN-SDWAN,2.0,13221.0,0.2243,20511.06,AED,2026-01-05 06:00:00
L0007984,INV-2024-003881,INV,,2024-08-17,REP-009,CUST-00024,Egypt, cl-iaas-s,2.0,86078.88,0.1033,154373.86,EGP,2026-01-05 06:00:00
L0006024,INV-2024-002974,INV,,2024-06-15,REP-028,CUST-00402,Saudi Arabia,PS-TRN,2.0,5625.0,0.1047,10072.12,SAR,2026-01-05 06:00:00
L0030413,INV-2025-014727,INV,,2025-12-28,REP-049,CUST-00799,UAE,CL-IAAS-S,5.0,6610.5,0.213,26012.32,AED,2026-01-05 06:00:00
L0025272,INV-2025-012248,INV,,2025-09-24,REP-045,CUST-00509,Saudi Arabia,PS-IMPL,1.0,3000.0,0.1207,2637.9,SAR,2026-01-05 06:00:00
L0022291,INV-2025-010839,INV,,2025-07-30,REP-077,CUST-00189,Egypt,DV-AP,5.0,22286.7,0.0689,103755.73,EGP,2026-01-05 06:00:00
L0016445,INV-2025-007938,INV,,2025-02-02,REP-065,CUST-00945,Oman,DV-RTR,6.0,422.95,0.0203,2486.18,OMR,2026-01-05 06:00:00
L0024701,INV-2025-011993,INV,,2025-09-18,REP-001,CUST-00214,Egypt,CN-FIB-100,1.0,120147.84,0.0487,114296.64,EGP,2026-01-05 06:00:00
L0013868,INV-2024-006673,INV,,2024-12-13,REP-057,CUST-00785,UAE,DV-RTR,5.0,4039.75,0.1667,16831.62,AED,2026-01-05 06:00:00
L0005112,INV-2024-002527,INV,,2024-05-27,REP-045,CUST-00473,Saudi Arabia,CN-FIB-100,1.0,9000.0,0.114,7974.0,SAR,2026-01-05 06:00:00
L0016518,INV-2025-007981,INV,,2025-02-27,REP-074,CUST-00908,Oman,DV-RTR,2.0,422.95,0.09,769.77,OMR,2026-01-05 06:00:00
L0025277,INV-2025-012252,INV,,2025-09-30,REP-045,CUST-00538,Saudi Arabia,DV-AP,2.0,1687.5,0.0999,3037.84,SAR,2026-01-05 06:00:00
L0013795,INV-2024-006648,INV,,2024-12-14,REP-054,CUST-00716,UAE,CN-FIB-100,2.0,8814.0,0.0815,16191.32,AED,2026-01-05 06:00:00
L0003502,INV-2024-001722,INV,,2024-04-23,REP-016,CUST-00163,Egypt,CN-FIB-100,1.0,115056.96,0.1401,98937.48,EGP,2026-01-05 06:00:00
L0026854,INV-2025-013031,INV,,2025-10-17,REP-056,CUST-00722,UAE,CY-EDR,4.0,11017.5,0.1068,39363.32,AED,2026-01-05 06:00:00
L0030149,INV-2025-014622,INV,,2025-12-29,REP-054,CUST-00716,UAE,CN-SDWAN,2.0,13221.0,0.1422,22681.95,AED,2026-01-05 06:00:00
L0026207,INV-2025-012714,INV,,2025-10-16,REP-020,CUST-00236,Egypt,CL-BKP,1.0,59472.72,0.0712,55238.26,EGP,2026-01-05 06:00:00
L0004131,INV-2024-002032,INV,,2024-04-06,REP-056,CUST-00706,UAE,CL-IAAS-S,9.0,6610.5,0.0882,54247.09,AED,2026-01-05 06:00:00
L0006084,INV-2024-002997,INV,,2024-06-17,REP-033,CUST-00423,Saudi Arabia,CL-IAAS-L,1.0,28125.0,0.0788,25908.75,SAR,2026-01-05 06:00:00
L0011247,INV-2024-005430,INV,,2024-10-06,REP-067,CUST-00827,Oman,CL-PROD,1.0,576.75,0.0483,548.89,OMR,2026-01-05 06:00:00
L0020514,INV-2025-009962,INV,,2025-06-26,REP-006,CUST-00037,Egypt,CY-EDR,1.0,150321.3,0.0656,140460.22,EGP,2026-01-05 06:00:00
L0029194,INV-2025-014165,INV,,2025-12-18,REP-018,CUST-00179,Egypt,DV-SW48,2.0,110998.14,0.071,206234.54,EGP,2026-01-05 06:00:00
L0002845,INV-2024-001392,INV,,2024-03-09,REP-043,CUST-00694,Saudi Arabia,CN-SDWAN,1.0,13500.0,0.0869,12326.85,SAR,2026-01-05 06:00:00
L0005139,INV-2024-002544,INV,,2024-05-29,REP-046,CUST-00451,Saudi Arabia,CL-IAAS-S,1.0,6750.0,0.0647,6313.28,SAR,2026-01-05 06:00:00
L0019351,INV-2025-009387,INV,,2025-05-04,REP-020,CUST-00320,Egypt,CN-FIB-100,1.0,119833.2,0.0681,111672.56,EGP,2026-01-05 06:00:00
L0006461,INV-2024-003182,INV,,2024-06-07,REP-053,CUST-00765,UAE,MS-HELP,2.0,17628.0,0.0425,33757.62,AED,2026-01-05 06:00:00
L0013003,INV-2024-006265,INV,,2024-12-31,REP-018,CUST-00126,Egypt,CL-BKP,1.0,57316.68,0.1181,50547.58,EGP,2026-01-05 06:00:00
L0029480,INV-2025-014318,INV,,2025-12-17,REP-087,CUST-00335,Egypt,CN-FIB-100,2.0,121088.88,0.2085,191683.7,EGP,2026-01-05 06:00:00
L0024928,INV-2025-012095,INV,,2025-09-28,REP-031,CUST-00443,Saudi Arabia,CL-IAAS-S,2.0,6750.0,0.1261,11797.65,SAR,2026-01-05 06:00:00
L0004962,INV-2024-002434,INV,,2024-05-14,REP-037,CUST-00433,Saudi Arabia, cn-fib-1g,1.0,52500.0,0.1069,46887.75,SAR,2026-01-05 06:00:00
L0024221,INV-2025-011759,INV,,2025-08-13,REP-081,CUST-00904,Oman,CY-EDR,1.0,1153.5,0.0778,1063.76,OMR,2026-01-05 06:00:00
L0007370,INV-2024-003602,INV,,2024-07-17,REP-034,CUST-00397,Saudi Arabia,MS-COLO,5.0,36000.0,0.1107,160074.0,SAR,2026-01-05 06:00:00
L0010491,INV-2024-005088,INV,,2024-10-19,REP-024,CUST-00337,Egypt,MS-HELP,1.0,233582.4,0.2226,181586.96,EGP,2026-01-05 06:00:00
L0020752,INV-2025-010076,INV,,2025-06-11,REP-018,CUST-00162,Egypt,MS-HELP,1.0,240514.08,0.0727,223028.71,EGP,2026-01-05 06:00:00
L0001710,INV-2024-000848,INV,,2024-02-17,REP-044,CUST-00640,Saudi Arabia,CL-BKP,1.0,4500.0,0.0737,4168.35,SAR,2026-01-05 06:00:00
L0019017,INV-2025-009220,INV,,2025-05-29,REP-003,CUST-00020,Egypt,CL-IAAS-S,2.0,89874.9,0.0921,163194.84,EGP,2026-01-05 06:00:00
L0001775,INV-2024-000886,INV,,2024-02-27,REP-048,CUST-00750,UAE,MS-COLO,1.0,35256.0,0.2003,28194.22,AED,2026-01-05 06:00:00
L0016757,INV-2025-008096,INV,,2025-03-27,REP-015,CUST-00293,Egypt,CY-EDR,1.0,146846.7,0.09,133630.5,EGP,2026-01-05 06:00:00
L0025003,INV-2025-012120,INV,,2025-09-30,REP-037,CUST-00406,Saudi Arabia,MS-NOC,2.0,45000.0,0.117,79470.0,SAR,2026-01-05 06:00:00
L0022363,INV-2025-010879,INV,,2025-07-27,REP-026,CUST-00348,Egypt,CY-EDR,1.0,148578.0,0.1975,119233.84,EGP,2026-01-05 06:00:00
L0015487,INV-2025-007455,INV,,2025-02-24,REP-010,CUST-00179,Egypt,DV-SW48,1.0,108047.94,0.0456,103120.95,EGP,2026-01-05 06:00:00
L0006815,INV-2024-003344,INV,,2024-07-10,REP-002,CUST-00043,Egypt,MS-COLO,2.0,465097.92,0.1183,820153.67,EGP,2026-01-05 06:00:00
L0012220,INV-2024-005907,INV,,2024-11-14,REP-050,CUST-00724,UAE,CN-FIB-100,1.0,2400.0,0.1066,2144.16,USD,2026-01-05 06:00:00
L0011867,INV-2024-005721,INV,,2024-11-22,REP-037,CUST-00389,Saudi Arabia,MS-HELP,1.0,0.0,0.133,0.0,SAR,2026-01-05 06:00:00
L0022325,INV-2025-010860,INV,,2025-07-17,REP-079,CUST-00283,Egypt ,DV-SW48,1.0,108957.2,0.0644,101940.36,EGP,2026-01-05 06:00:00
L0024919,INV-2025-012092,INV,,2025-09-27,REP-031,CUST-00419,Saudi Arabia,MS-HELP,2.0,4800.0,0.0631,8994.24,USD,2026-01-05 06:00:00
L0000194,INV-2024-000088,INV,,2024-01-06,REP-015,CUST-00120,Egypt,CN-SDWAN,1.0,111240.0,0.1063,99415.19,EGP,2026-01-05 06:00:00
L0024430,INV-2025-011842,INV,,2025-09-28,REP-082,CUST-00055,Egypt,CL-BKP,1.0,60073.92,0.1177,53003.22,EGP,2026-01-05 06:00:00
L0000825,INV-2024-000393,INV,,2024-01-19,REP-063,CUST-00792,UAE,CN-FIB-100,1.0,8814.0,0.121,7747.51,AED,2026-01-05 06:00:00
L0003677,INV-2024-001812,INV,,2024-04-15,REP-027,CUST-00338,Egypt,DV-RTR,2.0,52734.44,0.2122,83088.38,EGP,2026-01-05 06:00:00
L0029735,INV-2025-014410,INV,,2025-12-31,REP-070,CUST-00425,Saudi Arabia,CY-EDR,1.0,11250.0,0.139,9686.25,SAR,2026-01-05 06:00:00
L0023719,INV-2025-011523,INV,,2025-08-05,REP-070,CUST-00415,Saudi Arabia,CN-FIB-100,2.0,9000.0,0.1117,15989.4,SAR,2026-01-05 06:00:00
L0011655,INV-2024-005635,INV,,2024-11-28,REP-023,CUST-00355,Egypt,CL-PROD,1.0,72469.8,0.2044,57656.97,EGP,2026-01-05 06:00:00
L0030867,CN-2024-00082,CN,INV-2024-003629,2024-12-03,REP-038,CUST-00580,Saudi Arabia,MS-HELP,-1.0,18000.0,0.0942,-16304.4,SAR,2026-01-05 06:00:00
L0028771,INV-2025-013943,INV,,2025-11-30,REP-074,CUST-00965,Oman,MS-HELP,1.0,1845.6,0.0987,1663.44,OMR,2026-01-05 06:00:00
L0029707,INV-2025-014402,INV,,2025-12-09,REP-070,CUST-00429,Saudi Arabia,CN-FIB-100,2.0,9000.0,0.0952,16286.4,SAR,2026-01-05 06:00:00
L0011790,INV-2024-005692,INV,,2024-11-02,REP-031,CUST-00443,Saudi Arabia,CN-FIB-100,2.0,2400.0,0.1133,4256.16,USD,2026-01-05 06:00:00
L0014039,INV-2024-006754,INV,,2024-12-08,REP-073,CUST-00816,UAE,DV-AP,23.0,1652.62,0.1537,32168.08,AED,2026-01-05 06:00:00
L0026496,INV-2025-012850,INV,,2025-10-27,REP-075,CUST-00434,Saudi Arabia,CN-FIB-100,1.0,9000.0,0.1394,7745.4,SAR,2026-01-05 06:00:00
L0022054,INV-2025-010712,INV,,2025-07-15,REP-008,CUST-00035,Egypt,CN-FIB-100,1.0,118862.4,0.0954,107522.93,EGP,2026-01-05 06:00:00
L0018345,INV-2025-008878,INV,,2025-04-21,REP-070,CUST-00394,Saudi Arabia,MS-HELP,1.0,18000.0,0.1492,15314.4,SAR,2026-01-05 06:00:00
L0014319,INV-2025-006879,INV,,2025-01-19,REP-010,CUST-00296,Egypt,DV-SW48,1.0,109293.14,0.022,106888.69,EGP,2026-01-05 06:00:00
L0015928,INV-2025-007679,INV,,06/02/2025,REP-070,CUST-00418,Saudi Arabia,CL-BKP,1.0,4500.0,0.1166,3975.3,SAR,2026-01-05 06:00:00
L0024546,INV-2025-011905,INV,,2025-09-26,REP-016,CUST-00198,Egypt,CN-FIB-100,1.0,120147.84,0.1273,104853.02,EGP,2026-01-05 06:00:00
L0001143,INV-2024-000547,INV,,2024-02-29,REP-014,CUST-00079,Egypt,DV-AP,4.0,13905.0,0.0446,53139.35,EGP,2026-01-05 06:00:00
L0006163,INV-2024-003028,INV,,2024-06-06,REP-038,CUST-00531,Saudi Arabia,CN-FIB-100,2.0,9000.0,0.0854,16462.8,SAR,2026-01-05 06:00:00
L0016878,INV-2025-008171,INV,,2025-03-28,REP-001,CUST-00265,Egypt,DV-AP,1.0,22027.0,0.0622,20656.92,EGP,2026-01-05 06:00:00
L0000836,INV-2024-000396,INV,,2024-01-08,REP-064,CUST-00812,UAE,DV-SW48,4.0,8079.5,0.1498,27476.76,AED,2026-01-05 06:00:00
L0000104,INV-2024-000036,INV,,2024-01-11,REP-008,CUST-00031,Egypt,CY-EDR,1.0,92700.0,0.0532,87768.36,EGP,2026-01-05 06:00:00
L0028705,INV-2025-013902,INV,,2025-11-17,REP-065,CUST-00905,Oman,CL-IAAS-S,1.0,692.1,0.0084,686.29,OMR,2026-01-05 06:00:00
L0017915,INV-2025-008672,INV,,2025-04-16,REP-017,CUST-00102,Egypt,CN-FIB-100,1.0,117919.2,0.0422,112943.01,EGP,2026-01-05 06:00:00
L0014119,INV-2024-006799,INV,,2024-12-14,REP-068,CUST-00827,Oman,CL-BKP,1.0,461.4,0.0968,416.74,OMR,2026-01-05 06:00:00
L0005167,INV-2024-002563,INV,,2024-05-05,REP-048,CUST-00724,UAE,CY-FW,2.0,22035.0,0.1378,37997.15,AED,2026-01-05 06:00:00
L0008223,INV-2024-004021,INV,,2024-08-14,REP-022,CUST-00356,Egypt,DV-AP,1.0,21519.72,0.1497,18298.22,EGP,2026-01-05 06:00:00
L0008339,INV-2024-004076,INV,,2024-08-27,REP-032,CUST-00424,Saudi Arabia,MS-HELP,1.0,18000.0,0.1107,16007.4,SAR,2026-01-05 06:00:00
L0006775,INV-2024-003324,INV,,2024-06-12,REP-068,CUST-00866,Oman,DV-AP,2.0,173.02,0.0781,319.01,OMR,2026-01-05 06:00:00
L0005601,INV-2024-002751,INV,,2024-06-11,REP-007,CUST-00048,Egypt,CY-EDR,1.0,144350.1,0.1297,125627.89,EGP,2026-01-05 06:00:00
L0014376,INV-2025-006911,INV,,2025-01-29,REP-013,CUST-00150,Egypt,CN-FIB-100,1.0,119228.88,0.1023,107031.77,EGP,2026-01-05 06:00:00
L0021214,INV-2025-010295,INV,,2025-06-30,REP-039,CUST-00494,Saudi Arabia,CY-EDR,1.0,11250.0,0.13,9787.5,SAR,2026-01-05 06:00:00
L0009257,INV-2024-004507,INV,,2024-09-28,REP-021,CUST-00361,Egypt,ms-help ,1.0,231537.12,0.234,177357.43,EGP,2026-01-05 06:00:00
L0005314,INV-2024-002619,INV,,2024-05-26,REP-058,CUST-00796,UAE,MS-HELP,1.0,17628.0,0.1706,14620.66,AED,2026-01-05 06:00:00
L0031315,CN-2025-00328,CN,INV-2025-012755,2025-12-10,REP-023,CUST-00353,Egypt,CL-PROD,-30.0,75680.55,0.1809,-1859698.16,EGP,2026-01-05 06:00:00
L0011369,INV-2024-005485,INV,,2024-11-21,REP-004,CUST-00014,Egypt,PS-IMPL,3.0,38650.56,0.0673,108148.13,EGP,2026-01-05 06:00:00
L0029144,INV-2025-014136,INV,,2025-12-23,REP-016,CUST-00264,Egypt,CN-FIB-100,1.0,121088.88,0.0872,110529.93,EGP,2026-01-05 06:00:00
L0009622,INV-2024-004678,INV,,2024-09-18,REP-044,CUST-00455,Saudi Arabia,CN-FIB-100,1.0,9000.0,0.0589,8469.9,SAR,2026-01-05 06:00:00
L0014286,INV-2025-006866,INV,,2025-01-02,REP-007,CUST-00044,Egypt,DV-RTR,10.0,54646.57,0.1059,488594.98,EGP,2026-01-05 06:00:00
L0018251,INV-2025-008841,INV,,2025-04-04,REP-031,CUST-00390,Saudi Arabia,CL-BKP,1.0,4500.0,0.0623,4219.65,SAR,2026-01-05 06:00:00
L0005240,INV-2024-002590,INV,,2024-05-29,REP-053,CUST-00772,UAE,CN-SDWAN,2.0,13221.0,0.111,23506.94,AED,2026-01-05 06:00:00
L0023521,INV-2025-011440,INV,,2025-08-30,REP-079,CUST-00232,Egypt,DV-AP,4.0,22438.48,0.0821,82385.12,EGP,2026-01-05 06:00:00
L0028532,INV-2025-013820,INV,,2025-11-14,REP-060,CUST-00820,UAE,MS-HELP,1.0,17628.0,0.2208,13735.74,AED,2026-01-05 06:00:00
L0029147,INV-2025-014138,INV,,2025-12-24,REP-016,CUST-00141,Egypt,CN-FIB-100,1.0,121088.88,0.1269,105722.7,EGP,2026-01-05 06:00:00
L0029282,INV-2025-014214,INV,,2025-12-10,REP-077,CUST-00312,Egypt,CL-BKP,1.0,60544.44,0.0498,57529.33,EGP,2026-01-05 06:00:00
L0026782,INV-2025-013005,INV,,2025-10-27,REP-050,CUST-00717,UAE,MS-COLO,2.0,9600.0,0.114,17011.2,USD,2026-01-05 06:00:00
L0005831,INV-2024-002872,INV,,2024-06-29,REP-018,CUST-00127,Egypt,CN-FIB-100,1.0,115480.08,0.137,99659.31,EGP,2026-01-05 06:00:00
L0013825,INV-2024-006657,INV,,2024-12-04,REP-056,CUST-00744,UAE,CN-FIB-1G,1.0,51415.0,0.0882,46880.2,AED,2026-01-05 06:00:00
L0008198,INV-2024-004009,INV,,2024-08-28,REP-022,CUST-00374,Egypt,CY-EDR,1.0,143464.8,0.1833,117167.7,EGP,2026-01-05 06:00:00
L0025454,INV-2025-012329,INV,,2025-09-10,REP-072,CUST-00750,UAE,CN-FIB-100,5.0,8814.0,0.0604,41408.17,AED,2026-01-05 06:00:00
L0026644,INV-2025-012929,INV,,2025-10-22,REP-044,CUST-00483,Saudi Arabia,DV-SW48,1.0,8250.0,0.0641,7721.17,SAR,2026-01-05 06:00:00
L0017367,INV-2025-008405,INV,,2025-03-25,REP-046,CUST-00686,Saudi Arabia,DV-AP,2.0,1687.5,0.0763,3117.49,SAR,2026-01-05 06:00:00
L0008906,INV-2024-004332,INV,,13/09/2024,REP-002,CUST-00070,Egypt,CL-IAAS-S,7.0,86826.42,0.0942,550531.6,EGP,2026-01-05 06:00:00
L0009850,INV-2024-004778,INV,,2024-09-23,REP-059,CUST-00818,UAE,DV-AP,14.0,1652.62,0.1796,18981.33,AED,2026-01-05 06:00:00
L0001570,INV-2024-000762,INV,,2024-02-02,REP-038,CUST-00666,Saudi Arabia,DV-AP,17.0,1687.5,0.0847,26257.67,SAR,2026-01-05 06:00:00
L0006172,INV-2024-003032,INV,,2024-06-07,REP-038,CUST-00610,Saudi Arabia,CN-FIB-100,1.0,9000.0,0.0332,8701.2,SAR,2026-01-05 06:00:00
L0010890,INV-2024-005281,INV,,2024-10-05,REP-049,CUST-00714,UAE,CY-FW,4.0,22035.0,0.1038,78991.07,AED,2026-01-05 06:00:00
L0024627,INV-2025-011953,INV,,2025-09-30,REP-019,CUST-00245,Egypt,CN-FIB-100,1.0,120147.84,0.0473,114464.85,EGP,2026-01-05 06:00:00
L0021448,INV-2025-010431,INV,,2025-06-05,REP-047,CUST-00507,Saudi Arabia,CN-SDWAN,1.0,13500.0,0.0756,12479.4,SAR,2026-01-05 06:00:00
L0030580,INV-2025-014815,INV,,2025-12-16,REP-074,CUST-00907,Oman,CN-SDWAN,1.0,1384.2,0.0593,1302.12,OMR,2026-01-05 06:00:00
L0025689,INV-2025-012438,INV,,2025-09-11,REP-066,CUST-00900,Oman,CL-BKP,3.0,461.4,0.0331,1338.38,OMR,2026-01-05 06:00:00
L0003940,INV-2024-001942,INV,,24/04/2024,REP-044,CUST-00558,Saudi Arabia,cl-iaas-s ,1.0,6750.0,0.0538,6386.85,SAR,2026-01-05 06:00:00
L0014046,INV-2024-006757,INV,,2024-12-03,REP-065,CUST-00827,Oman,CL-BKP,1.0,461.4,0.0,461.4,OMR,2026-01-05 06:00:00
L0012185,INV-2024-005893,INV,,2024-11-09,REP-048,CUST-00727,UAE,CL-BKP,3.0,4407.0,0.1532,11195.54,AED,2026-01-05 06:00:00
L0012488,INV-2024-006010,INV,,08/11/2024,REP-063,CUST-00791,UAE,DV-RTR,5.0,4039.75,0.1566,17035.63,AED,2026-01-05 06:00:00
L0002150,INV-2024-001053,INV,,2024-03-03,REP-003,CUST-00015,Egypt,CN-FIB-100,1.0,113791.92,0.0734,105439.59,EGP,2026-01-05 06:00:00
L0027743,INV-2025-013477,INV,,2025-11-12,REP-024,CUST-00335,Egypt,CY-EDR,1.0,150432.3,0.2276,116193.91,EGP,2026-01-05 06:00:00
L0008212,INV-2024-004017,INV,,2024-08-27,REP-022,CUST-00359,Egypt,MS-HELP,1.0,229543.68,0.1748,189419.44,EGP,2026-01-05 06:00:00
L0007194,INV-2024-003528,INV,,2024-07-31,REP-023,CUST-00367,Egypt,CN-FIB-100,1.0,116274.48,0.1638,97228.72,EGP,2026-01-05 06:00:00
L0018247,INV-2025-008838,INV,,2025-04-17,REP-031,CUST-00414,Saudi Arabia,CL-BKP,1.0,4500.0,0.0843,4120.65,SAR,2026-01-05 06:00:00
L0030093,INV-2025-014604,INV,,2025-12-10,REP-050,CUST-00741,UAE,CY-EDR,1.0,11017.5,0.1523,9339.53,AED,2026-01-05 06:00:00
L0005041,INV-2024-002480,INV,,2024-05-21,REP-041,CUST-00516,Saudi Arabia,CY-EDR,2.0,11250.0,0.0595,21161.25,SAR,2026-01-05 06:00:00
L0010755,INV-2024-005203,INV,,2024-10-30,REP-040,CUST-00692,Saudi Arabia,CL-PROD,5.0,5625.0,0.0033,28032.19,SAR,2026-01-05 06:00:00
L0001359,INV-2024-000672,INV,,2024-02-04,REP-023,CUST-00338,Egypt,CY-EDR,1.0,92700.0,0.1875,75318.75,EGP,2026-01-05 06:00:00
L0021896,INV-2025-010647,INV,,2025-06-06,REP-084,CUST-00855,Oman,CN-SDWAN,1.0,1384.2,0.0899,1259.76,OMR,2026-01-05 06:00:00
L0016841,INV-2025-008146,INV,,2025-03-18,REP-020,CUST-00143,Egypt,CL-PROD,2.0,73423.35,0.0734,136068.15,EGP,2026-01-05 06:00:00
L0008901,INV-2024-004330,INV,,2024-09-12,REP-002,CUST-00008,Egypt,PS-IMPL,4.0,38589.52,0.1212,135649.88,EGP,2026-01-05 06:00:00
L0025075,INV-2025-012146,INV,,2025-09-05,REP-038,CUST-00639,Saudi Arabia,CN-SDWAN,1.0,13500.0,0.0559,12745.35,SAR,2026-01-05 06:00:00
L0018227,INV-2025-008831,INV,,2025-04-23,REP-029,CUST-00402,Saudi Arabia,MS-NOC,5.0,45000.0,0.12,198000.0,SAR,2026-01-05 06:00:00
L0002134,INV-2024-001046,INV,,2024-03-05,REP-002,CUST-00011,Egypt,MS-HELP,2.0,227583.84,0.1625,381202.93,EGP,2026-01-05 06:00:00
L0020599,INV-2025-009990,INV,,2025-06-03,REP-082,CUST-00019,Egypt,CL-IAAS-S,8.0,90192.78,0.1338,624999.89,EGP,2026-01-05 06:00:00
L0019038,INV-2025-009229,INV,,2025-05-20,REP-004,CUST-00046,Egypt,CY-FW,2.0,299583.0,0.0635,561118.96,EGP,2026-01-05 06:00:00
L0013811,INV-2024-006654,INV,,2024-12-10,REP-055,CUST-00769,UAE, cl-iaas-s,1.0,6610.5,0.057,6233.7,AED,2026-01-05 06:00:00
L0018551,INV-2025-008998,INV,,2025-04-14,REP-045,CUST-00506,Saudi Arabia,CN-SDWAN,1.0,13500.0,0.0935,12237.75,SAR,2026-01-05 06:00:00
L0022987,INV-2025-011158,INV,,2025-07-27,REP-086,CUST-00801,UAE,CY-EDR,1.0,11017.5,0.2086,8719.25,AED,2026-01-05 06:00:00
L0016371,INV-2025-007900,INV,,2025-02-19,REP-059,CUST-00801,UAE,DV-AP,13.0,1652.62,0.1987,17215.18,AED,2026-01-05 06:00:00
L0014341,INV-2025-006891,INV,,2025-01-04,REP-010,CUST-00187,Egypt,CN-FIB-100,1.0,119228.88,0.0193,116927.76,EGP,2026-01-05 06:00:00
L0024070,INV-2025-011680,INV,,2025-08-29,REP-057,CUST-00808,UAE,CL-IAAS-S,2.0,6610.5,0.2021,10549.04,AED,2026-01-05 06:00:00
L0004534,INV-2024-002215,INV,,2024-05-05,REP-011,CUST-00195,Egypt,CY-EDR,1.0,143654.1,0.0153,141456.19,EGP,2026-01-05 06:00:00
L0008803,INV-2024-004282,INV,,2024-08-19,REP-065,CUST-00957,Oman,CL-PROD,2.0,576.75,0.0177,1133.08,OMR,2026-01-05 06:00:00
L0031107,CN-2025-00209,CN,INV-2025-007519,2025-06-27,REP-016,CUST-00162,Egypt,CN-FIB-100,-1.0,120257.04,0.1444,-102891.92,EGP,2026-01-05 06:00:00
L0019530,INV-2025-009480,INV,,2025-05-13,REP-026,CUST-00375,Egypt,DV-AP,1.0,22468.72,0.1847,18318.75,EGP,2026-01-05 06:00:00
L0000906,INV-2024-000436,INV,,2024-01-27,REP-069,CUST-00833,Oman,DV-SW48,3.0,845.9,0.0451,2423.25,OMR,2026-01-05 06:00:00
L0015090,INV-2025-007266,INV,,2025-01-24,REP-053,CUST-00751,UAE,CY-FW,1.0,22035.0,0.0553,20816.46,AED,2026-01-05 06:00:00
L0029938,INV-2025-014520,INV,,2025-12-04,REP-044,CUST-00489,Saudi Arabia,MS-COLO,1.0,36000.0,0.039,34596.0,SAR,2026-01-05 06:00:00
L0005383,INV-2024-002651,INV,,2024-05-13,REP-061,CUST-00801,UAE,CN-SDWAN,1.0,13221.0,0.2107,10435.34,AED,2026-01-05 06:00:00
L0020273,INV-2025-009839,INV,,2025-05-31,REP-066,CUST-00949,Oman,CY-EDR,1.0,1153.5,0.046,1100.44,OMR,2026-01-05 06:00:00
L0022631,INV-2025-011006,INV,,25/07/2025,REP-044,CUST-00692,Saudi Arabia,CL-IAAS-L,1.0,28125.0,0.0466,26814.38,SAR,2026-01-05 06:00:00
L0017721,INV-2025-008577,INV,,2025-04-02,REP-003,CUST-00069,Egypt,CN-FIB-100,1.0,117919.2,0.126,103061.38,EGP,2026-01-05 06:00:00
L0027642,INV-2025-013420,INV,,2025-11-30,REP-020,CUST-00245,Egypt,CN-FIB-100,1.0,120345.84,0.0667,112318.77,EGP,2026-01-05 06:00:00
L0000424,INV-2024-000205,INV,,2024-01-11,REP-033,CUST-00426,Saudi Arabia,CN-FIB-100,1.0,2400.0,0.0816,2204.16,USD,2026-01-05 06:00:00
L0014636,INV-2025-007060,INV,,2025-01-01,REP-027,CUST-00351,Egypt,CN-FIB-100,1.0,119228.88,0.174,98483.05,EGP,2026-01-05 06:00:00
L0017448,INV-2025-008447,INV,,2025-03-21,REP-050,CUST-00738,UAE,CY-EDR,2.0,11017.5,0.1358,19042.65,AED,2026-01-05 06:00:00
L0003536,INV-2024-001743,INV,,2024-04-11,REP-019,CUST-00145,Egypt,CN-FIB-100,1.0,115056.96,0.012,113676.28,EGP,2026-01-05 06:00:00
L0006295,INV-2024-003109,INV,,2024-06-06,REP-045,CUST-00631,Saudi Arabia,MS-HELP,1.0,18000.0,0.1,16200.0,SAR,2026-01-05 06:00:00
L0001010,INV-2024-000474,INV,,2024-02-29,REP-007,CUST-00045,Egypt,PS-TRN,2.0,46350.0,0.1468,79091.64,EGP,2026-01-05 06:00:00
L0009393,INV-2024-004567,INV,,2024-09-29,REP-031,CUST-00440,Saudi Arabia,CN-FIB-1G,2.0,52500.0,0.1273,91633.5,SAR,2026-01-05 06:00:00
L0014062,INV-2024-006767,INV,,2024-12-23,REP-065,CUST-00824,Oman,CY-EDR,1.0,1153.5,0.0509,1094.79,OMR,2026-01-05 06:00:00
L0004446,INV-2024-002177,INV,,2024-05-10,REP-006,CUST-00023,Egypt,PS-TRN,2.0,71827.05,0.1681,119505.85,EGP,2026-01-05 06:00:00
L0006197,INV-2024-003048,INV,,2024-06-02,REP-039,CUST-00592,Saudi Arabia,CN-FIB-100,1.0,9000.0,0.0749,8325.9,SAR,2026-01-05 06:00:00
L0003625,INV-2024-001788,INV,,2024-04-25,REP-023,CUST-00358,Egypt,DV-SW48,2.0,105468.88,0.1925,170332.24,EGP,2026-01-05 06:00:00
L0023091,INV-2025-011215,INV,,2025-07-29,REP-080,CUST-00946,Oman,CN-FIB-100,1.0,922.8,0.0824,846.76,OMR,2026-01-05 06:00:00
L0021134,INV-2025-010259,INV,,2025-06-05,REP-070,CUST-00397,Saudi Arabia,PS-IMPL,3.0,3000.0,0.127,7857.0,SAR,2026-01-05 06:00:00
L0011287,INV-2024-005457,INV,,2024-10-26,REP-074,CUST-00950,Oman,CN-FIB-100,1.0,922.8,0.0672,860.79,OMR,2026-01-05 06:00:00
L0001147,INV-2024-000550,INV,,2024-02-28,REP-014,CUST-00128,Egypt,CN-FIB-100,1.0,74160.0,0.0341,71631.14,EGP,2026-01-05 06:00:00
L0018964,INV-2025-009194,INV,,2025-04-11,REP-081,CUST-00948,Oman,DV-SW48,2.0,845.9,0.0376,1628.19,OMR,2026-01-05 06:00:00
L0003091,INV-2024-001508,INV,,2024-03-04,REP-058,CUST-00791,UAE,DV-SW48,4.0,8079.5,0.1925,26096.78,AED,2026-01-05 06:00:00
L0022083,INV-2025-010721,INV,,2025-07-12,REP-009,CUST-00002,Egypt,CN-FIB-100,1.0,118862.4,0.0869,108533.26,EGP,2026-01-05 06:00:00
L0012743,INV-2024-006123,INV,,2024-12-27,REP-008,CUST-00033,Egypt,MS-NOC,1.0,573166.8,0.0887,522326.9,EGP,2026-01-05 06:00:00
L0026485,INV-2025-012846,INV,,2025-10-27,REP-070,CUST-00405,Saudi Arabia,CN-SDWAN,1.0,13500.0,0.1193,11889.45,SAR,2026-01-05 06:00:00
L0004840,INV-2024-002388,INV,,2024-05-31,REP-027,CUST-00342,Egypt,CL-PROD,1.0,71827.05,0.2015,57353.9,EGP,2026-01-05 06:00:00
L0011640,INV-2024-005627,INV,,2024-11-28,REP-022,CUST-00353,Egypt,CN-FIB-100,2.0,115951.68,0.1752,191273.89,EGP,2026-01-05 06:00:00
L0007932,INV-2024-003859,INV,,2024-08-27,REP-003,CUST-00010,egypt,CN-SDWAN,2.0,172157.76,0.1301,299520.07,EGP,2026-01-05 06:00:00
L0007724,INV-2024-003760,INV,,2024-07-16,REP-059,CUST-00778,UAE,CN-FIB-100,1.0,8814.0,0.176,7262.74,AED,2026-01-05 06:00:00
L0003393,INV-2024-001658,INV,,2024-04-27,REP-011,CUST-00316,Egypt,CY-EDR,1.0,143821.2,0.0226,140570.84,EGP,2026-01-05 06:00:00
L0027868,INV-2025-013531,INV,,2025-11-26,REP-029,CUST-00404,Saudi Arabia,CN-FIB-100,6.0,9000.0,0.1388,46504.8,SAR,2026-01-05 06:00:00
L0017907,INV-2025-008667,INV,,2025-04-27,REP-017,CUST-00226,Egypt,CN-FIB-100,1.0,117919.2,0.0203,115525.44,EGP,2026-01-05 06:00:00
L0020497,INV-2025-009955,INV,,2025-06-21,REP-006,CUST-00010,Egypt,CY-EDR,1.0,150321.3,0.14,129276.32,EGP,2026-01-05 06:00:00
L0007777,INV-2024-003783,INV,,2024-07-29,REP-061,CUST-00817,UAE,MS-HELP,1.0,17628.0,0.208,13961.38,AED,2026-01-05 06:00:00
L0023268,INV-2025-011296,INV,,2025-08-09,REP-009,CUST-00054,Egypt,MS-HELP,1.0,239343.84,0.1055,214093.06,EGP,2026-01-05 06:00:00
L0005376,INV-2024-002647,INV,,2024-05-28,REP-061,CUST-00780,UAE,CY-EDR,4.0,11017.5,0.1944,35502.79,AED,2026-01-05 06:00:00
L0024826,INV-2025-012054,INV,,2025-09-16,REP-026,CUST-00368,Egypt, ps-impl,1.0,40049.28,0.2075,31739.05,EGP,2026-01-05 06:00:00
L0017972,INV-2025-008708,INV,,2025-04-26,REP-020,CUST-00105,Egypt,CN-FIB-100,3.0,117919.2,0.046,337484.75,EGP,2026-01-05 06:00:00
L0019981,INV-2025-009701,INV,,2025-05-15,REP-050,CUST-00706,UAE,CN-FIB-100,1.0,2400.0,0.1027,2153.52,USD,2026-01-05 06:00:00
L0002385,INV-2024-001159,INV,,2024-03-13,REP-015,CUST-00130,Egypt,CL-BKP,1.0,56895.96,0.0805,52315.84,EGP,2026-01-05 06:00:00
L0030522,INV-2025-014786,INV,,2025-12-22,REP-066,CUST-00833,Oman,CL-BKP,1.0,461.4,0.0368,444.42,OMR,2026-01-05 06:00:00
L0017605,INV-2025-008512,INV,,2025-03-04,REP-049,CUST-00804,uae,CL-IAAS-L,1.0,27543.75,0.167,22943.94,AED,2026-01-05 06:00:00
L0023737,INV-2025-011530,INV,,2025-08-08,REP-075,CUST-00385,Saudi Arabia,CN-FIB-100,1.0,9000.0,0.1082,8026.2,SAR,2026-01-05 06:00:00
L0027056,INV-2025-013111,INV,,2025-10-30,REP-049,CUST-00784,UAE,CL-PROD,7.0,5508.75,0.2395,29325.83,AED,2026-01-05 06:00:00
L0003559,INV-2024-001757,INV,,2024-04-28,REP-020,CUST-00294,Egypt,CY-EDR,1.0,143821.2,0.0987,129626.05,EGP,2026-01-05 06:00:00
L0001571,INV-2024-000763,INV,,2024-02-20,REP-038,CUST-00575,Saudi Arabia,CL-BKP,5.0,4500.0,0.0802,20695.5,SAR,2026-01-05 06:00:00
L0019365,INV-2025-009394,INV,,2025-05-30,REP-077,CUST-00079,Egypt,CL-BKP,1.0,59916.6,0.0829,54949.51,EGP,2026-01-05 06:00:00
L0018597,INV-2025-009025,INV,,2025-04-29,REP-047,CUST-00530,Saudi Arabia,PS-IMPL,8.0,3000.0,0.0725,22260.0,SAR,2026-01-05 06:00:00
L0016790,INV-2025-008118,INV,,2025-03-09,REP-018,CUST-00204,Egypt,CL-IAAS-S,2.0,88108.02,0.1161,155757.36,EGP,2026-01-05 06:00:00
L0008905,INV-2024-004331,INV,,2024-09-25,REP-002,CUST-00029,Egypt,CL-BKP,1.0,57884.28,0.1528,49039.56,EGP,2026-01-05 06:00:00
L0014327,INV-2025-006883,INV,,2025-01-24,REP-010,CUST-00103,Egypt,CN-FIB-100,1.0,119228.88,0.0202,116820.46,EGP,2026-01-05 06:00:00
L0013976,INV-2024-006726,INV,,2024-12-07,REP-061,CUST-00782,UAE,PS-IMPL,1.0,2938.0,0.1918,2374.49,AED,2026-01-05 06:00:00
L0004744,INV-2024-002345,INV,,10/05/2024,REP-022,CUST-00350,Egypt,MS-HELP,1.0,229846.56,0.136,198587.43,EGP,2026-01-05 06:00:00
L0011928,INV-2024-005743,INV,,2024-11-11,REP-075,CUST-00439,Saudi Arabia,CY-FW,1.0,22500.0,0.1063,20108.25,SAR,2026-01-05 06:00:00
L0023013,INV-2025-011170,INV,,2025-07-01,REP-065,CUST-00921,Oman,CL-BKP,1.0,461.4,0.0069,458.22,OMR,2026-01-05 06:00:00
L0009971,INV-2024-004829,INV,,2024-09-26,REP-073,CUST-00781,UAE,CY-EDR,3.0,11017.5,0.1585,27813.68,AED,2026-01-05 06:00:00
L0005458,INV-2024-002687,INV,,2024-05-14,REP-066,CUST-00969,Oman,DV-RTR,1.0,422.95,0.0229,413.26,OMR,2026-01-05 06:00:00
L0020066,INV-2025-009733,INV,,2025-05-02,REP-072,CUST-00712,UAE,CY-EDR,1.0,11017.5,0.0622,10332.21,AED,2026-01-05 06:00:00
L0020525,INV-2025-009965,INV,,2025-06-13,REP-006,CUST-00011,Egypt,CN-FIB-100,1.0,120257.04,0.078,110876.99,EGP,2026-01-05 06:00:00
L0028240,INV-2025-013698,INV,,2025-11-10,REP-046,CUST-00698,Saudi Arabia,CN-FIB-100,2.0,9000.0,0.0487,17123.4,SAR,2026-01-05 06:00:00
L0009641,INV-2024-004690,INV,,2024-09-04,REP-045,CUST-00684,Saudi Arabia,DV-RTR,2.0,4125.0,0.0966,7453.05,SAR,2026-01-05 06:00:00
L0011683,INV-2024-005647,INV,,2024-11-21,REP-024,CUST-00335,Egypt,CY-EDR,1.0,144939.6,0.2202,113023.9,EGP,2026-01-05 06:00:00
L0018780,INV-2025-009093,INV,,2025-04-02,REP-061,CUST-00783,UAE,DV-RTR,3.0,4039.75,0.1278,10570.41,AED,2026-01-05 06:00:00
L0005814,INV-2024-002861,INV,,2024-06-03,REP-018,CUST-00087,Egypt,CL-PROD,1.0,72175.05,0.1109,64170.84,EGP,2026-01-05 06:00:00
L0017615,INV-2025-008516,INV,,2025-03-18,REP-049,CUST-00808,UAE,CL-IAAS-S,3.0,6610.5,0.2277,15315.87,AED,2026-01-05 06:00:00
L0026789,INV-2025-013007,INV,,2025-10-15,REP-050,CUST-00756,UAE,MS-HELP,1.0,17628.0,0.1202,15509.11,AED,2026-01-05 06:00:00
L0026588,INV-2025-012896,INV,,2025-10-19,REP-040,CUST-00594,Saudi Arabia,CL-BKP,2.0,4500.0,0.0,9000.0,SAR,2026-01-05 06:00:00
L0008197,INV-2024-004008,INV,,2024-08-27,REP-021,CUST-00373,Egypt,CN-FIB-100,1.0,114771.84,0.2072,90991.11,EGP,2026-01-05 06:00:00
L0011610,INV-2024-005615,INV,,2024-11-18,REP-021,CUST-00350,Egypt,DV-SW48,3.0,106289.04,0.1898,258346.14,EGP,2026-01-05 06:00:00
L0029026,INV-2025-014066,INV,,2025-12-24,REP-082,CUST-00059,Egypt,CY-EDR,1.0,151361.1,0.1058,135347.1,EGP,2026-01-05 06:00:00
L0005421,INV-2024-002666,INV,,2024-05-28,REP-065,CUST-00825,Oman,MS-HELP,1.0,1845.6,0.0319,1786.73,OMR,2026-01-05 06:00:00
L0004141,INV-2024-002037,INV,,2024-04-30,REP-057,CUST-00798,UAE,CL-PROD,1.0,5508.75,0.2058,4375.05,AED,2026-01-05 06:00:00
L0013258,INV-2024-006392,INV,,2024-12-30,REP-032,CUST-00398,Saudi Arabia,DV-AP,7.0,1687.5,0.1092,10522.58,SAR,2026-01-05 06:00:00
L0008701,INV-2024-004235,INV,,2024-08-05,REP-059,CUST-00791,UAE,DV-AP,19.0,1652.62,0.1841,25619.08,AED,2026-01-05 06:00:00
L0004493,INV-2024-002192,INV,,2024-05-27,REP-009,CUST-00048,Egypt,CN-FIB-100,1.0,114923.28,0.0811,105603.0,EGP,2026-01-05 06:00:00
L0029782,INV-2025-014429,INV,,2025-12-07,REP-085,CUST-00408,Saudi Arabia,CL-BKP,1.0,4500.0,0.1309,3910.95,SAR,2026-01-05 06:00:00
L0028783,INV-2025-013950,INV,,2025-11-05,REP-074,CUST-00956,Oman,CL-IAAS-S,3.0,692.1,0.042,1989.1,OMR,2026-01-05 06:00:00
L0027200,INV-2025-013187,INV,,29/10/2025,REP-080,CUST-00863,Oman,DV-RTR,1.0,422.95,0.0797,389.24,OMR,2026-01-05 06:00:00
L0016327,INV-2025-007878,INV,,2025-02-17,REP-056,CUST-00767,UAE,MS-HELP,1.0,4800.0,0.1106,4269.12,USD,2026-01-05 06:00:00
L0007782,INV-2024-003786,INV,,2024-07-15,REP-063,CUST-00792,UAE,CL-PROD,5.0,5508.75,0.1427,23613.26,AED,2026-01-05 06:00:00
L0023712,INV-2025-011522,INV,,2025-08-22,REP-070,CUST-00376,Saudi Arabia,PS-TRN,2.0,5625.0,0.1072,10044.0,SAR,2026-01-05 06:00:00
L0018936,INV-2025-009176,INV,,2025-04-30,REP-074,CUST-00873,Oman,CN-FIB-100,1.0,922.8,0.0789,849.99,OMR,2026-01-05 06:00:00
L0017207,INV-2025-008316,INV,,2025-03-04,REP-038,CUST-00469,Saudi Arabia,CN-FIB-100,1.0,9000.0,0.0786,8292.6,SAR,2026-01-05 06:00:00
L0001171,INV-2024-000565,INV,,26/02/2024,REP-015,CUST-00199,Egypt,PS-TRN,1.0,46350.0,0.1075,41367.38,EGP,2026-01-05 06:00:00
L0006067,INV-2024-002991,INV,,2024-06-18,REP-032,CUST-00390,Saudi Arabia,CL-BKP,6.0,4500.0,0.1324,23425.2,SAR,2026-01-05 06:00:00
L0008955,INV-2024-004350,INV,,2024-09-05,REP-004,CUST-00037,Egypt,CN-FIB-100,1.0,115768.56,0.0543,109482.33,EGP,2026-01-05 06:00:00
L0012610,INV-2024-006077,INV,,2024-11-23,REP-074,CUST-00938,Oman,CY-EDR,1.0,1153.5,0.0837,1056.95,OMR,2026-01-05 06:00:00
L0017984,INV-2025-008715,INV,,2025-04-16,REP-077,CUST-00122,Egypt,CL-BKP,1.0,58959.6,0.0113,58293.36,EGP,2026-01-05 06:00:00
L0025923,INV-2025-012560,INV,,2025-10-31,REP-007,CUST-00006,Egypt,CL-BKP,1.0,59472.72,0.1333,51545.01,EGP,2026-01-05 06:00:00
L0031195,CN-2025-00258,CN,INV-2025-009538,2025-07-26,REP-070,CUST-00442,Saudi Arabia,PS-TRN,-12.0,5625.0,0.1085,-60176.25,SAR,2026-01-05 06:00:00
L0018642,INV-2025-009043,INV,,2025-04-13,REP-048,CUST-00738,UAE,CN-FIB-100,1.0,8814.0,0.1331,7640.86,AED,2026-01-05 06:00:00
L0001814,INV-2024-000899,INV,,2024-02-08,REP-051,CUST-00738,UAE,CY-EDR,1.0,11017.5,0.1459,9410.05,AED,2026-01-05 06:00:00
L0016868,INV-2025-008165,INV,,2025-03-30,REP-077,CUST-00206,Egypt,CN-FIB-100,1.0,117477.36,0.093,106551.97,EGP,2026-01-05 06:00:00
L0005938,INV-2024-002931,INV,,2024-06-27,REP-024,CUST-00365,Egypt,DV-SW48,1.0,105856.74,0.1652,88369.21,EGP,2026-01-05 06:00:00
L0003192,INV-2024-001561,INV,,2024-03-05,REP-066,CUST-00837,Oman,CN-FIB-100,1.0,922.8,0.0206,903.79,OMR,2026-01-05 06:00:00
L0001489,INV-2024-000728,INV,,2024-02-09,REP-033,CUST-00440,Saudi Arabia,CL-IAAS-S,4.0,6750.0,0.0337,26090.1,SAR,2026-01-05 06:00:00
L0028795,INV-2025-013957,INV,,2025-11-04,REP-080,CUST-00865,Oman,DV-RTR,1.0,422.95,0.0398,406.12,OMR,2026-01-05 06:00:00
L0014626,INV-2025-007054,INV,,2025-01-06,REP-026,CUST-00342,Egypt,CL-IAAS-S,1.0,89421.66,0.1914,72306.35,EGP,2026-01-05 06:00:00
L0029994,INV-2025-014553,INV,,2025-12-16,REP-047,CUST-00700,Saudi Arabia,CN-FIB-100,1.0,9000.0,0.0018,8983.8,SAR,2026-01-05 06:00:00
L0013501,INV-2024-006506,INV,,2024-12-05,REP-043,CUST-00639,Saudi Arabia,CL-BKP,5.0,4500.0,0.0777,20751.75,SAR,2026-01-05 06:00:00
L0000934,INV-2024-000447,INV,,2024-02-12,REP-002,CUST-00054,Egypt,CY-EDR,1.0,92700.0,0.1243,81177.39,EGP,2026-01-05 06:00:00
L0019399,INV-2025-009413,INV,,2025-05-06,REP-001,CUST-00261,Egypt,DV-AP,5.0,22468.72,0.0434,107467.89,EGP,2026-01-05 06:00:00
L0026931,INV-2025-013058,INV,,02/10/2025,REP-073,CUST-00750,United Arab Emirates,CL-IAAS-S,5.0,6610.5,0.0812,30368.64,AED,2026-01-05 06:00:00
L0003972,INV-2024-001959,INV,,2024-04-05,REP-045,CUST-00463,Saudi Arabia,DV-AP,3.0,1687.5,0.106,4525.88,SAR,2026-01-05 06:00:00
L0001649,INV-2024-000812,INV,,2024-02-27,REP-042,CUST-00573,Saudi Arabia,CN-FIB-100,1.0,9000.0,0.0852,8233.2,SAR,2026-01-05 06:00:00
L0003131,INV-2024-001531,INV,,2024-03-05,REP-061,CUST-00811,UAE,CN-FIB-100,5.0,8814.0,0.2177,34475.96,AED,2026-01-05 06:00:00
L0024625,INV-2025-011952,INV,,2025-09-28,REP-019,CUST-00142,Egypt, dv-ap,5.0,22527.72,0.0361,108572.35,EGP,2026-01-05 06:00:00
L0030643,INV-2025-014847,INV,,2025-12-13,REP-080,CUST-00905,Oman,CN-FIB-100,1.0,922.8,0.0648,863.0,OMR,2026-01-05 06:00:00
L0018230,INV-2025-008832,INV,,2025-04-05,REP-029,CUST-00378,Saudi Arabia,CN-FIB-100,1.0,9000.0,0.1093,8016.3,SAR,2026-01-05 06:00:00
L0000157,INV-2024-000066,INV,,2024-01-04,REP-013,CUST-00262,Egypt,CL-BKP,1.0,37080.0,0.0444,35433.65,EGP,2026-01-05 06:00:00
L0013807,INV-2024-006652,INV,,2024-12-07,REP-055,CUST-00772,UAE,CL-PROD,3.0,5508.75,0.0748,15290.09,AED,2026-01-05 06:00:00
L0001660,INV-2024-000820,INV,,2024-02-25,REP-043,CUST-00461,Saudi Arabia,CL-IAAS-S,2.0,6750.0,0.0157,13288.05,SAR,2026-01-05 06:00:00
L0007910,INV-2024-003850,INV,,2024-08-31,REP-001,CUST-00007,Egypt,CN-SDWAN,2.0,172157.76,0.1512,292255.01,EGP,2026-01-05 06:00:00
L0010825,INV-2024-005244,INV,,2024-10-06,REP-045,CUST-00573,Saudi Arabia,CN-FIB-100,1.0,9000.0,0.0888,8200.8,SAR,2026-01-05 06:00:00
L0012571,INV-2024-006054,INV,,2024-11-27,REP-067,CUST-00870,Oman,CL-IAAS-S,1.0,692.1,0.0514,656.53,OMR,2026-01-05 06:00:00
L0008286,INV-2024-004055,INV,,2024-08-30,REP-026,CUST-00331,Egypt,CY-EDR,1.0,143464.8,0.2154,112562.48,EGP,2026-01-05 06:00:00
L0007147,INV-2024-003506,INV,,2024-07-28,REP-020,CUST-00170,Egypt ,CL-BKP,1.0,58137.24,0.0642,54404.83,EGP,2026-01-05 06:00:00
L0022048,INV-2025-010709,INV,,2025-07-27,REP-007,CUST-00046,Egypt,MS-HELP,1.0,237724.8,0.1048,212811.24,EGP,2026-01-05 06:00:00
L0023729,INV-2025-011527,INV,,2025-08-01,REP-070,CUST-00441,Saudi Arabia,CN-SDWAN,1.0,13500.0,0.1445,11549.25,SAR,2026-01-05 06:00:00
L0013987,INV-2024-006731,INV,,07/12/2024,REP-063,CUST-00776,uae,CN-FIB-100,1.0,8814.0,0.1866,7169.31,AED,2026-01-05 06:00:00
L0029522,INV-2025-014338,INV,,2025-12-28,REP-093,CUST-00341,Egypt,DV-RTR,1.0,55499.07,0.1975,44538.0,EGP,2026-01-05 06:00:00
L0008410,INV-2024-004102,INV,,2024-08-22,REP-070,CUST-00429,Saudi Arabia,DV-RTR,6.0,4125.0,0.118,21829.5,SAR,2026-01-05 06:00:00
L0015479,INV-2025-007451,INV,,2025-02-15,REP-082,CUST-00013,Egypt,MS-HELP,2.0,235740.96,0.1813,386002.25,EGP,2026-01-05 06:00:00
L0007091,INV-2024-003474,INV,,2024-07-24,REP-018,CUST-00125,Egypt,CN-FIB-100,1.0,116274.48,0.092,105577.23,EGP,2026-01-05 06:00:00
L0019973,INV-2025-009698,INV,,2025-05-31,REP-048,CUST-00731,UAE,CN-FIB-100,2.0,8814.0,0.1578,14846.3,AED,2026-01-05 06:00:00
L0021432,INV-2025-010423,INV,,2025-06-21,REP-046,CUST-00469,Saudi Arabia,PS-IMPL,1.0,3000.0,0.0776,2767.2,SAR,2026-01-05 06:00:00
L0014211,INV-2025-006841,INV,,2025-01-29,REP-004,CUST-00048,Egypt,CY-EDR,1.0,149036.1,0.1043,133491.63,EGP,2026-01-05 06:00:00
L0002337,INV-2024-001131,INV,,2024-03-29,REP-012,CUST-00306,Egypt,CY-EDR,1.0,142239.9,0.0678,132596.03,EGP,2026-01-05 06:00:00
L0008299,INV-2024-004062,INV,,2024-08-06,REP-027,CUST-00362,Egypt,DV-SW48,3.0,105207.52,0.1561,266353.88,EGP,2026-01-05 06:00:00
L0026302,INV-2025-012765,INV,,2025-10-21,REP-024,CUST-00361,Egypt,CL-BKP,1.0,59472.72,0.2097,47001.29,EGP,2026-01-05 06:00:00
L0013671,INV-2024-006602,INV,,2024-12-08,REP-048,CUST-00726,UAE,CL-IAAS-L,1.0,27543.75,0.1728,22784.19,AED,2026-01-05 06:00:00
L0001497,INV-2024-000731,INV,,2024-02-13,REP-033,CUST-00377,Saudi Arabia,MS-HELP,1.0,18000.0,0.0873,16428.6,SAR,2026-01-05 06:00:00
L0030211,INV-2025-014645,INV,,2025-12-06,REP-056,CUST-00725,UAE,CL-PROD,4.0,5508.75,0.093,19985.74,AED,2026-01-05 06:00:00
L0019528,INV-2025-009479,INV,,2025-05-30,REP-026,CUST-00375,Egypt,CN-FIB-100,1.0,119833.2,0.1729,99114.04,EGP,2026-01-05 06:00:00
L0024824,INV-2025-012053,INV,,2025-09-27,REP-026,CUST-00352,Egypt,CL-BKP,1.0,60073.92,0.1953,48341.48,EGP,2026-01-05 06:00:00
L0004343,INV-2024-002140,INV,,2024-05-30,REP-001,CUST-00038,Egypt,CL-IAAS-S,2.0,86192.46,0.1506,146423.75,EGP,2026-01-05 06:00:00
L0018121,INV-2025-008786,INV,,2025-04-14,REP-025,CUST-00361,Egypt,DV-AP,20.0,22109.85,0.203,352431.01,EGP,2026-01-05 06:00:00
L0030310,INV-2025-014680,INV,,2025-12-27,REP-094,CUST-00718,UAE,DV-SW48,2.0,8079.5,0.1265,14114.89,AED,2026-01-05 06:00:00
L0000978,INV-2024-000461,INV,,2024-02-27,REP-003,CUST-00047,Egypt,CY-EDR,1.0,92700.0,0.1119,82326.87,EGP,2026-01-05 06:00:00
L0018626,INV-2025-009038,INV,,2025-04-13,REP-048,CUST-00773,UAE,CY-EDR,3.0,11017.5,0.1816,27050.17,AED,2026-01-05 06:00:00
L0006836,INV-2024-003353,INV,,2024-07-18,REP-003,CUST-00043,Egypt,CY-EDR,1.0,145343.1,0.1273,126840.92,EGP,2026-01-05 06:00:00
L0021775,INV-2025-010575,INV,,2025-06-03,REP-086,CUST-00795,UAE,CY-EDR,1.0,11017.5,0.2179,8616.79,AED,2026-01-05 06:00:00
L0017604,INV-2025-008511,INV,,2025-03-28,REP-073,CUST-00797,UAE,DV-RTR,6.0,4039.75,0.1453,20716.65,AED,2026-01-05 06:00:00
L0010707,INV-2024-005173,INV,,2024-10-04,REP-038,CUST-00697,Saudi Arabia,CL-PROD,2.0,5625.0,0.0547,10634.62,SAR,2026-01-05 06:00:00
L0008728,INV-2024-004246,INV,,2024-08-19,REP-063,CUST-00777,UAE,DV-SW48,4.0,8079.5,0.153,27373.35,AED,2026-01-05 06:00:00
L0013507,INV-2024-006510,INV,,2024-12-19,REP-043,CUST-00665,Saudi Arabia,CL-BKP,2.0,4500.0,0.0488,8560.8,SAR,2026-01-05 06:00:00
L0016892,INV-2025-008177,INV,,2025-03-28,REP-001,CUST-00310,Egypt,CY-EDR,1.0,146846.7,0.0228,143498.6,EGP,2026-01-05 06:00:00
L0027080,INV-2025-013121,INV,,2025-10-31,REP-089,CUST-00788,UAE,CL-IAAS-S,6.0,6610.5,0.2469,29870.21,AED,2026-01-05 06:00:00
L0000456,INV-2024-000218,INV,,2024-01-17,REP-036,CUST-00416,Saudi Arabia,MS-HELP,1.0,18000.0,0.1519,15265.8,SAR,2026-01-05 06:00:00
L0016963,INV-2025-008216,INV,,2025-03-22,REP-023,CUST-00336,Egypt,CL-BKP,1.0,58738.68,0.1673,48911.7,EGP,2026-01-05 06:00:00
L0009424,INV-2024-004579,INV,,2024-09-27,REP-032,CUST-00428,Saudi Arabia,MS-HELP,1.0,18000.0,0.0759,16633.8,SAR,2026-01-05 06:00:00
L0012521,INV-2024-006026,INV,,2024-11-26,REP-065,CUST-00856,Oman,CN-FIB-100,1.0,922.8,0.0147,909.23,OMR,2026-01-05 06:00:00
L0015118,INV-2025-007278,INV,,2025-01-16,REP-055,CUST-00765,UAE,CL-IAAS-S,6.0,6610.5,0.0933,35962.44,AED,2026-01-05 06:00:00
L0004202,INV-2024-002064,INV,,2024-04-19,REP-060,CUST-00799,UAE,DV-SW48,2.0,8079.5,0.198,12959.52,AED,2026-01-05 06:00:00
L0006556,INV-2024-003212,INV,,2024-06-24,REP-056,CUST-00727,UAE,MS-HELP,1.0,17628.0,0.0877,16082.02,AED,2026-01-05 06:00:00
L0024048,INV-2025-011672,INV,,2025-08-12,REP-073,CUST-00762,UAE,CN-FIB-100,1.0,8814.0,0.0979,7951.11,AED,2026-01-05 06:00:00
L0022476,INV-2025-010929,INV,,2025-07-07,REP-037,CUST-00421,Saudi Arabia,CY-EDR,1.0,11250.0,0.1019,10103.62,SAR,2026-01-05 06:00:00
L0009479,INV-2024-004600,INV,,2024-09-16,REP-070,CUST-00384,Saudi Arabia,CY-EDR,1.0,11250.0,0.113,9978.75,SAR,2026-01-05 06:00:00
L0023337,INV-2025-011335,INV,,2025-08-27,REP-011,CUST-00257,Egypt,CY-EDR,1.0,149589.9,0.0566,141123.11,EGP,2026-01-05 06:00:00
L0014522,INV-2025-007004,INV,,2025-01-20,REP-001,CUST-00284,Egypt,CY-EDR,1.0,149036.1,0.0414,142866.01,EGP,2026-01-05 06:00:00
L0007687,INV-2024-003743,INV,,29/07/2024,REP-057,CUST-00786,UAE,CN-SDWAN,1.0,13221.0,0.1844,10783.05,AED,2026-01-05 06:00:00
L0013592,INV-2024-006558,INV,,2024-12-29,REP-046,CUST-00565,Saudi Arabia,CL-IAAS-L,1.0,28125.0,0.0732,26066.25,SAR,2026-01-05 06:00:00
L0012628,INV-2024-006085,INV,,2024-12-28,REP-002,CUST-00043,Egypt,CY-EDR,2.0,143291.7,0.1406,246289.77,EGP,2026-01-05 06:00:00
L0027627,INV-2025-013412,INV,,2025-11-30,REP-019,CUST-00147,Egypt,DV-RTR,3.0,55158.51,0.0782,152535.34,EGP,2026-01-05 06:00:00
L0028974,INV-2025-014044,INV,,2025-12-27,REP-006,CUST-00059,Egypt,MS-COLO,1.0,484355.52,0.114,429138.99,EGP,2026-01-05 06:00:00
L0017857,INV-2025-008639,INV,,2025-04-27,REP-013,CUST-00304,Egypt,CL-BKP,1.0,58959.6,0.0618,55315.9,EGP,2026-01-05 06:00:00
L0020893,INV-2025-010160,INV,,2025-06-26,REP-021,CUST-00357,Egypt,DV-SW48,2.0,110235.62,0.1842,179860.44,EGP,2026-01-05 06:00:00
L0002169,INV-2024-001060,INV,,2024-03-29,REP-003,CUST-00020,Egypt,CY-EDR,1.0,142239.9,0.131,123606.47,EGP,2026-01-05 06:00:00
L0029299,INV-2025-014224,INV,,2025-12-21,REP-001,CUST-00122,Egypt ,CN-FIB-100,1.0,121088.88,0.0161,119139.35,EGP,2026-01-05 06:00:00
L0019730,INV-2025-009571,INV,,2025-05-29,REP-040,CUST-00633,Saudi Arabia,DV-AP,1.0,1687.5,0.0,1687.5,SAR,2026-01-05 06:00:00
L0018988,INV-2025-009209,INV,,2025-04-15,REP-084,CUST-00858,Oman,CN-FIB-100,1.0,922.8,0.0915,838.36,OMR,2026-01-05 06:00:00
L0010260,INV-2024-004960,INV,,2024-10-20,REP-009,CUST-00018,Egypt,CL-PROD,1.0,72994.5,0.0784,67271.73,EGP,2026-01-05 06:00:00
L0004324,INV-2024-002131,INV,,2024-04-18,REP-069,CUST-00867,Oman,CN-FIB-100,1.0,922.8,0.0406,885.33,OMR,2026-01-05 06:00:00
L0011103,INV-2024-005360,INV,,2024-10-31,REP-061,CUST-00776,UAE,CN-SDWAN,5.0,13221.0,0.2048,52566.7,AED,2026-01-05 06:00:00
L0012672,INV-2024-006100,INV,,2024-12-23,REP-004,CUST-00070,Egypt,CN-FIB-100,2.0,114633.36,0.095,207486.38,EGP,2026-01-05 06:00:00
L0005244,INV-2024-002591,INV,,2024-05-03,REP-053,CUST-00723,UAE,MS-HELP,2.0,17628.0,0.055,33316.92,AED,2026-01-05 06:00:00
L0021708,INV-2025-010543,INV,,2025-06-30,REP-061,CUST-00780,UAE,DV-RTR,2.0,4039.75,0.2592,5985.29,AED,2026-01-05 06:00:00
L0014542,INV-2025-007012,INV,,2025-01-03,REP-001,CUST-00292,Egypt,CN-FIB-100,1.0,119228.88,0.0482,113482.05,EGP,2026-01-05 06:00:00
L0028306,INV-2025-013735,INV,,2025-11-28,REP-076,CUST-00651,saudi arabia,DV-AP,3.0,1687.5,0.0768,4673.7,SAR,2026-01-05 06:00:00
L0025343,INV-2025-012289,INV,,2025-09-30,REP-050,CUST-00733,UAE,CN-SDWAN,3.0,13221.0,0.1362,34260.9,AED,2026-01-05 06:00:00
L0027190,INV-2025-013181,INV,,2025-10-12,REP-080,CUST-00907,Oman,MS-HELP,1.0,1845.6,0.0741,1708.84,OMR,2026-01-05 06:00:00
L0018658,INV-2025-009050,INV,,2025-04-30,REP-051,CUST-00744,United Arab Emirates,CN-SDWAN,1.0,13221.0,0.135,11436.16,AED,2026-01-05 06:00:00
L0007131,INV-2024-003495,INV,,2024-07-29,REP-019,CUST-00096,Egypt,CL-BKP,1.0,58137.24,0.0318,56288.48,EGP,2026-01-05 06:00:00
L0010273,INV-2024-004967,INV,,2024-10-09,REP-010,CUST-00189,Egypt,DV-AP,2.0,21898.35,0.0076,43463.85,EGP,2026-01-05 06:00:00
L0008375,INV-2024-004091,INV,,2024-08-04,REP-035,CUST-00422,Saudi Arabia,MS-HELP,1.0,18000.0,0.0749,16651.8,SAR,2026-01-05 06:00:00
L0016881,INV-2025-008172,INV,,2025-03-29,REP-001,CUST-00274,Egypt,MS-HELP,1.0,234954.72,0.0619,220411.02,EGP,2026-01-05 06:00:00
L0018903,INV-2025-009157,INV,,2025-04-03,REP-067,CUST-00960,Oman,CL-BKP,2.0,461.4,0.0657,862.17,OMR,2026-01-05 06:00:00
L0001262,INV-2024-000620,INV,,2024-02-20,REP-019,CUST-00180,Egypt,CN-FIB-100,1.0,74160.0,0.0083,73544.47,EGP,2026-01-05 06:00:00
L0023795,INV-2025-011561,INV,,2025-08-19,REP-042,CUST-00510,Saudi Arabia,CL-IAAS-S,1.0,6750.0,0.0822,6195.15,SAR,2026-01-05 06:00:00
L0021159,INV-2025-010266,INV,,2025-06-15,REP-075,CUST-00425,Saudi Arabia,CL-BKP,3.0,4500.0,0.1167,11924.55,SAR,2026-01-05 06:00:00
L0007007,INV-2024-003425,INV,,2024-07-31,REP-013,CUST-00195,Egypt,CL-IAAS-S,1.0,87205.86,0.063,81711.89,EGP,2026-01-05 06:00:00
L0026223,INV-2025-012725,INV,,2025-10-27,REP-077,CUST-00273,Egypt,DV-AP,3.0,22302.27,0.0473,63742.12,EGP,2026-01-05 06:00:00
L0024468,INV-2025-011859,INV,,2025-09-13,REP-011,CUST-00075,Egypt,CN-FIB-100,1.0,120147.84,0.0523,113864.11,EGP,2026-01-05 06:00:00
L0015600,INV-2025-007525,INV,,2025-02-24,REP-017,CUST-00173,Egypt,DV-AP,6.0,22100.72,0.0277,128931.18,EGP,2026-01-05 06:00:00
L0011995,INV-2024-005780,INV,,2024-11-30,REP-040,CUST-00557,Saudi Arabia,CL-PROD,1.0,5625.0,0.0222,5500.12,SAR,2026-01-05 06:00:00
L0017618,INV-2025-008517,INV,,2025-03-20,REP-065,CUST-00866,Oman,CL-PROD,1.0,576.75,0.0,576.75,OMR,2026-01-05 06:00:00
L0002410,INV-2024-001175,INV,,2024-03-21,REP-016,CUST-00263,Egypt,CN-FIB-100,1.0,113791.92,0.1047,101877.91,EGP,2026-01-05 06:00:00
L0018587,INV-2025-009020,INV,,2025-04-06,REP-047,CUST-00617,Saudi Arabia,CL-IAAS-S,2.0,6750.0,0.0494,12833.1,SAR,2026-01-05 06:00:00
L0017317,INV-2025-008376,INV,,2025-03-16,REP-043,CUST-00672,Saudi Arabia,CL-BKP,1.0,4500.0,0.0177,4420.35,SAR,2026-01-05 06:00:00
L0021192,INV-2025-010280,INV,,2025-06-06,REP-038,CUST-00604,Saudi Arabia, cn-mpls,1.0,33750.0,0.0975,30459.38,SAR,2026-01-05 06:00:00
L0014121,INV-2024-006801,INV,,2024-12-05,REP-068,CUST-00952,Oman,CL-IAAS-S,2.0,692.1,0.0917,1257.27,OMR,2026-01-05 06:00:00
L0014184,INV-2025-006833,INV,,2025-01-06,REP-003,CUST-00057,Egypt,DV-AP,1.0,22355.42,0.0792,20584.87,EGP,2026-01-05 06:00:00
L0008698,INV-2024-004233,INV,,2024-08-20,REP-059,CUST-00782,UAE,CL-IAAS-L,2.0,27543.75,0.1894,44653.93,AED,2026-01-05 06:00:00
L0012925,INV-2024-006216,INV,,2024-12-29,REP-016,CUST-00096,Egypt,CN-FIB-100,1.0,114633.36,0.1644,95787.64,EGP,2026-01-05 06:00:00
L0026139,INV-2025-012672,INV,,2025-10-21,REP-018,CUST-00072,Egypt,CL-BKP,1.0,59472.72,0.1095,52960.46,EGP,2026-01-05 06:00:00
L0006473,INV-2024-003185,INV,,2024-06-06,REP-053,CUST-00719,UAE,CY-EDR,1.0,11017.5,0.0646,10305.77,AED,2026-01-05 06:00:00
L0003223,INV-2024-001582,INV,,2024-03-21,REP-069,CUST-00941,Oman,DV-AP,6.0,173.02,0.0133,1024.31,OMR,2026-01-05 06:00:00
L0019896,INV-2025-009661,INV,,2025-05-30,REP-046,CUST-00493,Saudi Arabia,CL-IAAS-S,1.0,6750.0,0.1147,5975.78,SAR,2026-01-05 06:00:00
L0021614,INV-2025-010507,INV,,2025-06-06,REP-083,CUST-00743,UAE,DV-AP,1.0,1652.62,0.0682,1539.91,AED,2026-01-05 06:00:00
L0000769,INV-2024-000362,INV,,2024-01-23,REP-059,CUST-00801,UAE,CL-IAAS-L,1.0,27543.75,0.1939,22203.02,AED,2026-01-05 06:00:00
L0029229,INV-2025-014186,INV,,2025-12-25,REP-019,CUST-00135,Egypt,CL-BKP,2.0,60544.44,0.0175,118969.82,EGP,2026-01-05 06:00:00
L0017869,INV-2025-008645,INV,,2025-04-27,REP-015,CUST-00278,Egypt,CN-SDWAN,1.0,176878.8,0.0337,170917.98,EGP,2026-01-05 06:00:00
L0026620,INV-2025-012917,INV,,2025-10-08,REP-043,CUST-00482,Saudi Arabia,CL-BKP,2.0,4500.0,0.082,8262.0,SAR,2026-01-05 06:00:00
L0018605,INV-2025-009028,INV,,2025-04-27,REP-047,CUST-00470,Saudi Arabia,CN-SDWAN,1.0,13500.0,0.0297,13099.05,SAR,2026-01-05 06:00:00
L0005620,INV-2024-002759,INV,,2024-06-07,REP-008,CUST-00036,Egypt,MS-HELP,1.0,230960.16,0.0629,216432.77,EGP,2026-01-05 06:00:00
L0018852,INV-2025-009129,INV,,2025-04-22,REP-049,CUST-00804,UAE,CL-BKP,2.0,4407.0,0.1907,7133.17,AED,2026-01-05 06:00:00
L0010558,INV-2024-005120,INV,,2024-10-15,REP-027,CUST-00339,Egypt,CL-BKP,1.0,58395.6,0.2235,45344.18,EGP,2026-01-05 06:00:00
L0018839,INV-2025-009123,INV,,2025-04-27,REP-073,CUST-00783,UAE,DV-RTR,5.0,4039.75,0.1644,16878.08,AED,2026-01-05 06:00:00
L0003018,INV-2024-001475,INV,,2024-03-08,REP-054,CUST-00749,UAE,CY-FW,2.0,22035.0,0.1235,38627.36,AED,2026-01-05 06:00:00
L0002540,INV-2024-001246,INV,,2024-03-01,REP-022,CUST-00374,Egypt,DV-AP,1.0,21335.98,0.1763,17574.45,EGP,2026-01-05 06:00:00
L0030374,INV-2025-014711,INV,,2025-12-07,REP-063,CUST-00813,UAE,DV-AP,11.0,1652.62,0.1607,15257.48,AED,2026-01-05 06:00:00
L0006054,INV-2024-002987,INV,,2024-06-07,REP-031,CUST-00436,Saudi Arabia,CL-IAAS-L,2.0,28125.0,0.0922,51063.75,SAR,2026-01-05 06:00:00
L0004483,INV-2024-002190,INV,,2024-05-08,REP-009,CUST-00032,Egypt,MS-HELP,1.0,229846.56,0.0756,212470.16,EGP,2026-01-05 06:00:00
L0029220,INV-2025-014181,INV,,2025-12-28,REP-019,CUST-00268,Egypt,CL-IAAS-S,1.0,90816.66,0.0433,86884.3,EGP,2026-01-05 06:00:00
L0024144,INV-2025-011717,INV,,2025-08-17,REP-089,CUST-00799,UAE,MS-HELP,1.0,17628.0,0.2652,12953.05,AED,2026-01-05 06:00:00
L0024381,INV-2025-011824,INV,,2025-09-30,REP-008,CUST-00064,Egypt,MS-HELP,4.0,240295.68,0.111,854491.44,EGP,2026-01-05 06:00:00
L0013168,INV-2024-006354,INV,,2026-10-21,REP-025,CUST-00344,Egypt,DV-RTR,2.0,52540.29,0.1771,86470.81,EGP,2026-01-05 06:00:00
L0028136,INV-2025-013638,INV,,2025-11-06,REP-043,CUST-00671,Saudi Arabia,PS-IMPL,2.0,3000.0,0.0405,5757.0,SAR,2026-01-05 06:00:00
L0010039,INV-2024-004868,INV,,2024-09-02,REP-067,CUST-00883,Oman,CY-EDR,1.0,1153.5,0.0458,1100.67,OMR,2026-01-05 06:00:00
L0010672,INV-2024-005160,INV,,27/10/2024,REP-035,CUST-00405,Saudi Arabia,PS-TRN,1.0,5625.0,0.0919,5108.06,SAR,2026-01-05 06:00:00
L0006205,INV-2024-003053,INV,,2024-06-30,REP-040,CUST-00533,Saudi Arabia,CN-SDWAN,1.0,13500.0,0.034,13041.0,SAR,2026-01-05 06:00:00
L0025184,INV-2025-012199,INV,,2025-09-28,REP-043,CUST-00499,Saudi Arabia,MS-HELP,1.0,18000.0,0.0766,16621.2,SAR,2026-01-05 06:00:00
L0002379,INV-2024-001155,INV,,2024-03-21,REP-014,CUST-00285,Egypt,DV-AP,3.0,21335.98,0.0021,63873.52,EGP,2026-01-05 06:00:00
L0004949,INV-2024-002429,INV,,2024-05-27,REP-037,CUST-00384,Saudi Arabia,CN-FIB-100,3.0,9000.0,0.0974,24370.2,SAR,2026-01-05 06:00:00
L0001897,INV-2024-000926,INV,,2024-02-15,REP-057,CUST-00783,UAE,DV-SW48,1.0,8079.5,0.1406,6943.52,AED,2026-01-05 06:00:00
L0014373,INV-2025-006909,INV,,2025-01-09,REP-013,CUST-00121,Egypt,CY-EDR,1.0,149036.1,0.0339,143983.78,EGP,2026-01-05 06:00:00
L0028749,INV-2025-013928,INV,,2025-11-30,REP-067,CUST-00941,Oman,CN-FIB-100,1.0,922.8,0.0523,874.54,OMR,2026-01-05 06:00:00
L0009791,INV-2024-004752,INV,,2024-09-13,REP-056,CUST-00757,UAE,MS-NOC,2.0,44070.0,0.0939,79863.65,AED,2026-01-05 06:00:00
L0017667,INV-2025-008545,INV,,2025-03-27,REP-074,CUST-00965,Oman,MS-HELP,1.0,1845.6,0.0,1845.6,OMR,2026-01-05 06:00:00
L0018157,INV-2025-008801,INV,,2025-04-30,REP-026,CUST-00335,Egypt,DV-SW48,1.0,108092.6,0.1593,90873.45,EGP,2026-01-05 06:00:00
L0012331,INV-2024-005941,INV,,2024-11-11,REP-056,CUST-00736,UAE,MS-HELP,1.0,17628.0,0.1034,15805.26,AED,2026-01-05 06:00:00
L0028408,INV-2025-013776,INV,,2025-11-23,REP-055,CUST-00738,UAE,cn-fib-100 ,2.0,8814.0,0.0797,16223.05,AED,2026-01-05 06:00:00
L0001350,INV-2024-000667,INV,,2024-02-26,REP-023,CUST-00365,Egypt,DV-RTR,6.0,33990.0,0.1816,166904.5,EGP,2026-01-05 06:00:00
L0012967,INV-2024-006242,INV,,2024-12-11,REP-017,CUST-00184,Egypt,CN-FIB-100,1.0,114633.36,0.0519,108683.89,EGP,2026-01-05 06:00:00
L0009930,INV-2024-004812,INV,,2024-09-30,REP-063,CUST-00780,UAE, cy-edr,1.0,11017.5,0.1826,9005.7,AED,2026-01-05 06:00:00
L0008971,INV-2024-004358,INV,,2024-09-02,REP-006,CUST-00067,Egypt,CL-BKP,1.0,57884.28,0.1109,51464.91,EGP,2026-01-05 06:00:00
L0026777,INV-2025-013004,INV,,2025-10-25,REP-050,CUST-00713,UAE,CN-SDWAN,1.0,13221.0,0.1163,11683.4,AED,2026-01-05 06:00:00
L0022370,INV-2025-010882,INV,,2025-07-30,REP-026,CUST-00343,Egypt,DV-SW48,2.0,108957.2,0.2202,169929.65,EGP,2026-01-05 06:00:00
L0028818,INV-2025-013969,INV,,2025-11-23,REP-080,CUST-00822,Oman,CN-FIB-100,1.0,922.8,0.0664,861.53,OMR,2026-01-05 06:00:00
L0026868,INV-2025-013036,INV,,2025-10-27,REP-056,CUST-00734,UAE,CL-IAAS-S,3.0,6610.5,0.0632,18578.15,AED,2026-01-05 06:00:00
L0006441,INV-2024-003176,INV,,2024-06-07,REP-053,CUST-00757,UAE,CY-EDR,1.0,11017.5,0.0484,10484.25,AED,2026-01-05 06:00:00
L0007670,INV-2024-003737,INV,,2024-07-11,REP-057,CUST-00811,UAE,CL-BKP,17.0,4407.0,0.1506,63636.2,AED,2026-01-05 06:00:00
L0002326,INV-2024-001124,INV,,2024-03-30,REP-011,CUST-00314,Egypt,CL-PROD,1.0,71119.95,0.0711,66063.32,EGP,2026-01-05 06:00:00
L0001177,INV-2024-000569,INV,,2024-02-19,REP-015,CUST-00278,Egypt,CL-BKP,1.0,37080.0,0.1291,32292.97,EGP,2026-01-05 06:00:00
L0008275,INV-2024-004049,INV,,2024-08-06,REP-026,CUST-00332,Egypt,CN-FIB-100,3.0,114771.84,0.1776,283165.08,EGP,2026-01-05 06:00:00
L0007060,INV-2024-003456,INV,,2024-07-19,REP-016,CUST-00118,Egypt,PS-IMPL,3.0,38758.16,0.0953,105193.52,EGP,2026-01-05 06:00:00
L0014110,INV-2024-006795,INV,,2024-12-03,REP-067,CUST-00942,Oman,CL-BKP,2.0,461.4,0.0498,876.84,OMR,2026-01-05 06:00:00
L0020415,INV-2025-009922,INV,,2025-06-14,REP-002,CUST-00062,Egypt,CN-FIB-100,3.0,120257.04,0.1191,317803.28,EGP,2026-01-05 06:00:00
L0010528,INV-2024-005105,INV,,2024-10-30,REP-026,CUST-00335,Egypt,CL-BKP,1.0,58395.6,0.2078,46260.99,EGP,2026-01-05 06:00:00
L0004074,INV-2024-002006,INV,,2024-04-06,REP-051,CUST-00728,UAE,CN-MPLS,2.0,33052.5,0.1434,56625.54,AED,2026-01-05 06:00:00
L0019563,INV-2025-009494,INV,,2025-05-06,REP-027,CUST-00362,Egypt,CL-BKP,1.0,59916.6,0.1965,48142.99,EGP,2026-01-05 06:00:00
L0000754,INV-2024-000356,INV,,2024-01-06,REP-058,CUST-00785,UAE,CY-FW,1.0,22035.0,0.1935,17771.23,AED,2026-01-05 06:00:00
L0002969,INV-2024-001458,INV,,2024-03-12,REP-050,CUST-00744,UAE,CN-FIB-100,1.0,8814.0,0.1554,7444.3,AED,2026-01-05 06:00:00
L0012437,INV-2024-005983,INV,,2024-11-07,REP-060,CUST-00784,UAE,CL-BKP,1.0,4407.0,0.1794,3616.38,AED,2026-01-05 06:00:00
L0026336,INV-2025-012782,INV,,2025-10-03,REP-027,CUST-00357,Egypt,CL-PROD,6.0,74340.9,0.1493,379450.82,EGP,2026-01-05 06:00:00
L0016629,INV-2025-008030,INV,,2025-03-23,REP-005,CUST-00015,Egypt,MS-HELP,1.0,234954.72,0.1833,191887.52,EGP,2026-01-05 06:00:00
L0011615,INV-2024-005616,INV,,2024-11-05,REP-021,CUST-00360,Egypt,DV-RTR,1.0,53144.52,0.2445,40150.68,EGP,2026-01-05 06:00:00
L0014646,INV-2025-007064,INV,,2025-01-09,REP-027,CUST-00342,Egypt,CL-BKP,1.0,59614.44,0.1495,50702.08,EGP,2026-01-05 06:00:00
L0030235,INV-2025-014653,INV,,2025-12-27,REP-072,CUST-00723,UAE,CN-FIB-100,1.0,8814.0,0.0214,8625.38,AED,2026-01-05 06:00:00
L0023219,INV-2025-011281,INV,,2025-08-29,REP-006,CUST-00055,Egypt,CL-PROD,2.0,74794.95,0.1717,123905.31,EGP,2026-01-05 06:00:00
L0003267,INV-2024-001603,INV,,2024-04-19,REP-002,CUST-00038,Egypt,MS-HELP,1.0,230113.92,0.126,201119.57,EGP,2026-01-05 06:00:00
L0020540,INV-2025-009969,INV,,2025-06-21,REP-007,CUST-00058,Egypt,CN-FIB-100,2.0,120257.04,0.1273,209896.64,EGP,2026-01-05 06:00:00
L0029801,INV-2025-014436,INV,,2025-12-09,REP-085,CUST-00424,Saudi Arabia,MS-HELP,1.0,18000.0,0.1265,15723.0,SAR,2026-01-05 06:00:00
L0002319,INV-2024-001120,INV,,2024-03-19,REP-011,CUST-00327,Egypt,CL-BKP,1.0,56895.96,0.0531,53874.78,EGP,2026-01-05 06:00:00
L0003485,INV-2024-001713,INV,,2024-04-13,REP-016,CUST-00269,Egypt,DV-AP,2.0,21573.18,0.0999,38836.04,EGP,2026-01-05 06:00:00
L0004566,INV-2024-002234,INV,,2024-05-31,REP-013,CUST-00313,Egypt,CL-BKP,2.0,57461.64,0.0877,104844.51,EGP,2026-01-05 06:00:00
L0019348,INV-2025-009384,INV,,2025-05-28,REP-020,CUST-00074,Egypt,DV-AP,3.0,22468.72,0.0355,65013.24,EGP,2026-01-05 06:00:00
L0024340,INV-2025-011811,INV,,2025-09-13,REP-007,CUST-00068,Egypt,CL-IAAS-S,1.0,90110.88,0.1368,77783.71,EGP,2026-01-05 06:00:00
L0031179,CN-2025-00250,CN,INV-2025-009445,2025-10-09,REP-021,CUST-00369,Egypt,DV-AP,-2.0,22302.27,0.2181,-34876.29,EGP,2026-01-05 06:00:00
L0019343,INV-2025-009381,INV,,2025-05-31,REP-020,CUST-00186,EGY,DV-SW48,2.0,109847.1,0.0688,204579.24,EGP,2026-01-05 06:00:00
L0010074,INV-2024-004889,INV,,2024-09-18,REP-074,CUST-00867,Oman,CL-PROD,1.0,576.75,0.0986,519.88,OMR,2026-01-05 06:00:00
L0024016,INV-2025-011662,INV,,2025-08-02,REP-083,CUST-00734,UAE,CY-EDR,1.0,11017.5,0.0389,10588.92,AED,2026-01-05 06:00:00
L0027692,INV-2025-013447,INV,,2025-11-29,REP-078,CUST-00297,Egypt,CL-BKP,1.0,60172.92,0.1269,52536.98,EGP,2026-01-05 06:00:00
L0026261,INV-2025-012746,INV,,2025-10-16,REP-079,CUST-00157,Egypt,DV-SW48,1.0,109033.32,0.073,101073.89,EGP,2026-01-05 06:00:00
L0030774,CN-2024-00020,CN,INV-2024-000740,2024-07-16,REP-035,CUST-00392,Saudi Arabia,DV-RTR,-1.0,4125.0,0.092,-3745.5,SAR,2026-01-05 06:00:00
L0009714,INV-2024-004724,INV,,2024-09-30,REP-049,CUST-00774,UAE,CN-FIB-100,1.0,8814.0,0.1138,7810.97,AED,2026-01-05 06:00:00
L0013123,INV-2024-006334,INV,,2024-12-27,REP-024,CUST-00344,Egypt,CN-SDWAN,1.0,171950.04,0.2181,134447.74,EGP,2026-01-05 06:00:00
L0025898,INV-2025-012549,INV,,2025-10-31,REP-005,CUST-00014,Egypt,CN-FIB-100,1.0,118945.44,0.1722,98463.04,EGP,2026-01-05 06:00:00
L0010386,INV-2024-005034,INV,,2024-10-30,REP-018,CUST-00074,Egypt,CL-IAAS-S,1.0,87593.4,0.1657,73079.17,EGP,2026-01-05 06:00:00
L0028263,INV-2025-013711,INV,,2025-11-15,REP-047,CUST-00562,Saudi Arabia,CL-PROD,7.0,5625.0,0.032,38115.0,SAR,2026-01-05 06:00:00
L0005539,INV-2024-002730,INV,,2024-06-27,REP-004,CUST-00059,Egypt,MS-HELP,1.0,230960.16,0.0819,212044.52,EGP,2026-01-05 06:00:00
L0001789,INV-2024-000890,INV,,2024-02-16,REP-049,CUST-00748,UAE,CN-SDWAN,1.0,13221.0,0.1076,11798.42,AED,2026-01-05 06:00:00
L0021995,INV-2025-010694,INV,,2025-07-31,REP-004,CUST-00034,Egypt,CY-EDR,1.0,148578.0,0.1299,129277.72,EGP,2026-01-05 06:00:00
L0024825,INV-2025-012053,INV,,2025-09-27,REP-026,CUST-00352,Egypt,CL-PROD,2.0,75092.4,0.181,123001.35,EGP,2026-01-05 06:00:00
L0008738,INV-2024-004252,INV,,2024-08-15,REP-063,CUST-00808,UAE,MS-HELP,4.0,17628.0,0.1689,58602.52,AED,2026-01-05 06:00:00
L0003035,INV-2024-001481,INV,,2024-03-29,REP-055,CUST-00735,UAE,MS-HELP,1.0,17628.0,0.0998,15868.73,AED,2026-01-05 06:00:00
L0009623,INV-2024-004678,INV,,2024-09-18,REP-044,CUST-00455,Saudi Arabia,DV-RTR,5.0,4125.0,0.0832,18909.0,SAR,2026-01-05 06:00:00
L0012022,INV-2024-005793,INV,,2024-11-26,REP-042,CUST-00521,Saudi Arabia,CY-EDR,1.0,11250.0,0.0745,10411.88,SAR,2026-01-05 06:00:00
L0013486,INV-2024-006498,INV,,2024-12-24,REP-043,CUST-00533,Saudi Arabia,CN-FIB-100,1.0,9000.0,0.048,8568.0,SAR,2026-01-05 06:00:00
L0007015,INV-2024-003429,INV,,2024-07-07,REP-013,CUST-00172,Egypt,CN-FIB-100,1.0,116274.48,0.0443,111123.52,EGP,2026-01-05 06:00:00
L0005657,INV-2024-002775,INV,,2024-06-30,REP-010,CUST-00126,Egypt,MS-HELP,1.0,230960.16,0.0539,218511.41,EGP,2026-01-05 06:00:00
L0015354,INV-2025-007405,INV,,2025-02-27,REP-002,CUST-00031,Egypt,CY-EDR,1.0,147338.1,0.125,128920.84,EGP,2026-01-05 06:00:00
L0003081,INV-2024-001502,INV,,2024-03-22,REP-057,CUST-00787,UAE,CL-PROD,6.0,5508.75,0.1574,27850.04,AED,2026-01-05 06:00:00
L0013417,INV-2024-006456,INV,,2024-12-27,REP-040,CUST-00679,Saudi Arabia,DV-RTR,2.0,4125.0,0.0,8250.0,SAR,2026-01-05 06:00:00
L0005514,INV-2024-002719,INV,,2024-06-03,REP-002,CUST-00069,Egypt,MS-HELP,1.0,230960.16,0.1405,198510.26,EGP,2026-01-05 06:00:00
L0015713,INV-2025-007586,INV,,2025-02-06,REP-078,CUST-00238,Egypt,CL-PROD,2.0,73669.05,0.1199,129672.26,EGP,2026-01-05 06:00:00
L0003879,INV-2024-001909,INV,,2024-04-01,REP-042,CUST-00703,Saudi Arabia,CN-SDWAN,1.0,13500.0,0.0677,12586.05,SAR,2026-01-05 06:00:00
L0019025,INV-2025-009223,INV,,2025-05-31,REP-004,CUST-00003,Egypt,CL-BKP,1.0,59916.6,0.0918,54416.26,EGP,2026-01-05 06:00:00
L0030301,INV-2025-014677,INV,,2025-12-22,REP-094,CUST-00728,UAE,CL-PROD,2.0,5508.75,0.1555,9304.28,AED,2026-01-05 06:00:00
L0029362,INV-2025-014261,INV,,2025-12-20,REP-079,CUST-00143,Egypt,CL-IAAS-S,1.0,90816.66,0.0723,84250.62,EGP,2026-01-05 06:00:00
L0029861,INV-2025-014470,INV,,2025-12-10,REP-040,CUST-00594,Saudi Arabia,CL-BKP,1.0,4500.0,0.0,4500.0,SAR,2026-01-05 06:00:00
L0026439,INV-2025-012829,INV,,2025-10-22,REP-035,CUST-00407,Saudi Arabia,PS-TRN,6.0,5625.0,0.0945,30560.62,SAR,2026-01-05 06:00:00
L0000018,INV-2024-000006,INV,,2024-01-09,REP-003,CUST-00065,Egypt,CN-SDWAN,1.0,111240.0,0.0951,100661.08,EGP,2026-01-05 06:00:00
L0017048,INV-2025-008251,INV,,2025-03-29,REP-029,CUST-00405,Saudi Arabia,CY-EDR,4.0,11250.0,0.1638,37629.0,SAR,2026-01-05 06:00:00
L0031351,CN-2025-00342,CN,INV-2025-013717,2025-12-31,REP-047,CUST-00631,Saudi Arabia,CN-FIB-100,-1.0,9000.0,0.0483,-8565.3,SAR,2026-01-05 06:00:00
L0007698,INV-2024-003748,INV,,2024-07-31,REP-058,CUST-00781,UAE,CN-FIB-100,1.0,8814.0,0.2069,6990.38,AED,2026-01-05 06:00:00
L0021936,INV-2025-010670,INV,,2025-06-06,REP-090,CUST-00838,Oman,CN-FIB-100,1.0,922.8,0.0265,898.35,OMR,2026-01-05 06:00:00
L0006973,INV-2024-003405,INV,,2024-07-15,REP-011,CUST-00219,Egypt,DV-AP,1.0,21801.46,0.0376,20981.73,EGP,2026-01-05 06:00:00
L0030676,INV-2025-014867,INV,,2025-12-14,REP-081,CUST-00863,Oman,CL-BKP,1.0,461.4,0.0263,449.27,OMR,2026-01-05 06:00:00
L0009120,INV-2024-004428,INV,,2024-09-22,REP-014,CUST-00129,Egypt,PS-IMPL,1.0,38589.52,0.0246,37640.22,EGP,2026-01-05 06:00:00
L0008320,INV-2024-004070,INV,,2024-08-20,REP-031,CUST-00376,Saudi Arabia,PS-IMPL,5.0,3000.0,0.1446,12831.0,SAR,2026-01-05 06:00:00
L0023406,INV-2025-011375,INV,,2025-08-21,REP-017,CUST-00181,Egypt,CN-FIB-100,1.0,119671.92,0.0176,117565.69,EGP,2026-01-05 06:00:00
L0014882,INV-2025-007157,INV,,2025-01-02,REP-040,CUST-00503,Saudi Arabia,CN-SDWAN,1.0,13500.0,0.0,13500.0,SAR,2026-01-05 06:00:00
L0025633,INV-2025-012408,INV,,2025-09-16,REP-092,CUST-00787,UAE,DV-SW48,1.0,8079.5,0.1435,6920.09,AED,2026-01-05 06:00:00
L0029807,INV-2025-014438,INV,,2025-12-18,REP-085,CUST-00405,Saudi Arabia,CL-PROD,8.0,5625.0,0.0894,40977.0,SAR,2026-01-05 06:00:00
L0012647,INV-2024-006092,INV,,31/12/2024,REP-003,CUST-00066,Egypt,PS-IMPL,2.0,38211.12,0.1338,66196.94,EGP,2026-01-05 06:00:00
L0007753,INV-2024-003772,INV,,2024-07-27,REP-060,CUST-00813,UAE,CL-BKP,4.0,4407.0,0.212,13890.86,AED,2026-01-05 06:00:00
L0028770,INV-2025-013942,INV,,2025-11-04,REP-074,CUST-00918,Sultanate of Oman,CN-SDWAN,1.0,1384.2,0.0481,1317.62,OMR,2026-01-05 06:00:00
L0007659,INV-2024-003733,INV,,2024-07-04,REP-072,CUST-00708,UAE,PS-IMPL,2.0,2938.0,0.0649,5494.65,AED,2026-01-05 06:00:00
L0005023,INV-2024-002469,INV,,2024-05-19,REP-040,CUST-00527,Saudi Arabia,DV-SW48,1.0,8250.0,0.0056,8203.8,SAR,2026-01-05 06:00:00
L0028504,INV-2025-013808,INV,,2025-11-27,REP-057,CUST-00811,UAE,DV-AP,4.0,1652.62,0.1801,5419.93,AED,2026-01-05 06:00:00
L0007102,INV-2024-003479,INV,,2024-07-04,REP-018,CUST-00323,Egypt,PS-IMPL,1.0,38758.16,0.09,35269.93,EGP,2026-01-05 06:00:00
L0012626,INV-2024-006084,INV,,2024-12-28,REP-002,CUST-00040,Egypt,CY-EDR,1.0,143291.7,0.1024,128618.63,EGP,2026-01-05 06:00:00
L0021001,INV-2025-010207,INV,,2025-06-10,REP-027,CUST-00345,Egypt,PS-IMPL,1.0,40085.68,0.1496,34088.86,EGP,2026-01-05 06:00:00
L0004596,INV-2024-002250,INV,,2024-05-24,REP-014,CUST-00198,Egypt,CL-BKP,1.0,57461.64,0.0131,56708.89,EGP,2026-01-05 06:00:00
L0016997,INV-2025-008232,INV,,2025-03-28,REP-025,CUST-00335,Egypt,CY-EDR,1.0,146846.7,0.1644,122705.1,EGP,2026-01-05 06:00:00
L0005016,INV-2024-002465,INV,,2024-05-14,REP-039,CUST-00618,Saudi Arabia,CL-BKP,2.0,4500.0,0.0963,8133.3,SAR,2026-01-05 06:00:00
L0009077,INV-2024-004405,INV,,2024-09-04,REP-012,CUST-00250,Egypt,CL-PROD,1.0,72355.35,0.0247,70568.17,EGP,2026-01-05 06:00:00
L0027741,INV-2025-013476,INV,,2025-11-20,REP-024,CUST-00375,Egypt,DV-AP,2.0,22564.84,0.184,36825.82,EGP,2026-01-05 06:00:00
L0024659,INV-2025-011971,INV,,2025-09-04,REP-077,CUST-00185,Egypt,DV-AP,1.0,22527.72,0.0183,22115.46,EGP,2026-01-05 06:00:00
L0006310,INV-2024-003118,INV,,2024-06-09,REP-046,CUST-00704,Saudi Arabia,CY-EDR,1.0,11250.0,0.0541,10641.38,SAR,2026-01-05 06:00:00
L0020477,INV-2025-009944,INV,,2025-06-30,REP-005,CUST-00062,Egypt,CL-IAAS-S,8.0,90192.78,0.2101,569946.22,EGP,2026-01-05 06:00:00
L0004077,INV-2024-002007,INV,,2024-04-19,REP-051,CUST-00775,UAE,CY-FW,6.0,22035.0,0.1651,110382.13,AED,2026-01-05 06:00:00
L0028743,INV-2025-013926,INV,,2025-11-04,REP-067,CUST-00938,Oman,DV-SW48,2.0,845.9,0.0754,1564.24,OMR,2026-01-05 06:00:00
L0022797,INV-2025-011077,INV,,2025-07-31,REP-056,CUST-00752,UAE,CL-IAAS-L,2.0,27543.75,0.1146,48774.47,AED,2026-01-05 06:00:00
L0024087,INV-2025-011689,INV,,2025-08-15,REP-061,CUST-00818,UAE,CL-BKP,1.0,4407.0,0.2123,3471.39,AED,2026-01-05 06:00:00
L0002645,INV-2024-001295,INV,,2024-03-26,REP-027,CUST-00353,Egypt,CY-EDR,1.0,142239.9,0.1983,114033.73,EGP,2026-01-05 06:00:00
L0016805,INV-2025-008126,INV,,2025-03-30,REP-019,CUST-00193,Egypt,CL-BKP,1.0,58738.68,0.0194,57599.15,EGP,2026-01-05 06:00:00
L0015865,INV-2025-007655,INV,,2025-02-12,REP-032,CUST-00408,Saudi Arabia,DV-AP,34.0,1687.5,0.1246,50226.08,SAR,2026-01-05 06:00:00
L0003759,INV-2024-001846,INV,,2024-04-05,REP-034,CUST-00424,Saudi Arabia,CY-EDR,1.0,11250.0,0.0918,10217.25,SAR,2026-01-05 06:00:00
L0023204,INV-2025-011275,INV,,11/08/2025,REP-006,CUST-00070,Egypt,MS-HELP,1.0,239343.84,0.1373,206481.93,EGP,2026-01-05 06:00:00
L0016814,INV-2025-008132,INV,,2025-03-25,REP-019,CUST-00079,EGY,CN-FIB-100,1.0,117477.36,0.004,117007.45,EGP,2026-01-05 06:00:00
L0017142,INV-2025-008286,INV,,2025-03-02,REP-035,CUST-00407,Saudi Arabia,CY-EDR,1.0,11250.0,0.0993,10132.88,SAR,2026-01-05 06:00:00
L0002696,INV-2024-001315,INV,,2024-03-30,REP-032,CUST-00434,Saudi Arabia,MS-HELP,2.0,18000.0,0.1296,31334.4,SAR,2026-01-05 06:00:00
L0001916,INV-2024-000935,INV,,2024-02-15,REP-058,CUST-00777,UAE,CL-BKP,1.0,4407.0,0.1861,3586.86,AED,2026-01-05 06:00:00
L0006514,INV-2024-003198,INV,,2024-06-26,REP-055,CUST-00765,UAE,CL-BKP,1.0,4407.0,0.0926,3998.91,AED,2026-01-05 06:00:00
L0013476,INV-2024-006492,INV,,2024-12-30,REP-043,CUST-00540,Saudi Arabia,CY-EDR,2.0,11250.0,0.0971,20315.25,SAR,2026-01-05 06:00:00
